f0,f1,f2,f3,f4,f5,f6,f7,f8,f9,f10,f11,f12,f13,f14,f15,image,x,y
218.76929,13871.099,2.528506e+08,7.903505,-0.14135742,597.0111,2.4454395e+06,6.7840977,-0.2343751,556.5084,2.2796835e+06,6.6642103,0.07226564,111.35477,456130.5,6.828968,Ship-Water-Cloud-1.bmp,0,0
247.10168,7091.963,2.7914733e+08,8.122033,0.08190919,388.03217,1.5894072e+06,6.679873,0.09484866,451.6141,1.8498482e+06,6.696002,-0.04162598,93.91043,384664.25,6.5493927,Ship-Water-Cloud-1.bmp,112,0
217.61621,15893.711,2.5907416e+08,7.8356247,0.1879883,649.97266,2.662433e+06,6.5053606,0.5085449,741.10614,3.03663e+06,6.660309,0.019287124,144.34119,591223.0,6.504486,Ship-Water-Cloud-1.bmp,224,0
226.36633,19705.715,2.9060067e+08,7.806881,0.0050048716,762.13635,3.1217108e+06,6.7045436,0.232544,745.0057,3.0517648e+06,6.7384186,-0.0062255897,156.6056,641456.75,6.753519,Ship-Water-Cloud-1.bmp,336,0
207.29907,11064.627,2.2133773e+08,7.927061,-0.1621094,859.81525,3.521911e+06,7.0697074,-0.20776384,781.45435,3.201014e+06,7.001493,0.015625,163.84229,671099.0,6.9484186,Ship-Water-Cloud-1.bmp,448,0
178.56543,10246.195,1.7257189e+08,7.8469048,0.16943361,756.3312,3.09805e+06,7.029399,-0.1452637,676.84705,2.772452e+06,7.0404415,0.013427735,119.97101,491402.0,6.9736648,Ship-Water-Cloud-1.bmp,560,0
137.47949,3330.5234,9.105872e+07,8.059366,-0.032470703,407.05353,1.6672955e+06,7.3010535,-0.31518552,284.52948,1.1658395e+06,7.321089,0.07226564,67.33597,275829.5,7.3222985,Ship-Water-Cloud-1.bmp,672,0
140.82715,4423.369,9.935117e+07,8.007768,0.11328125,403.44464,1.652562e+06,7.2602005,-0.31445312,319.81567,1.31037e+06,7.284962,-0.009765612,77.228424,316328.0,7.210791,Ship-Water-Cloud-1.bmp,784,0
162.552,10873.4375,1.5276683e+08,7.7486277,-0.4567871,513.07135,2.102395e+06,7.005713,-0.3173828,408.84235,1.675031e+06,7.0171156,-0.03515625,81.35008,333215.0,6.9841127,Ship-Water-Cloud-1.bmp,896,0
180.55286,11258.729,1.7964262e+08,7.842035,0.0579834,633.7302,2.5957728e+06,6.753853,0.12316902,465.34317,1.9061078e+06,6.720702,-0.020141605,83.23439,340929.75,6.789321,Ship-Water-Cloud-1.bmp,1008,0
223.4519,19287.303,2.8351715e+08,7.7923517,-0.29077148,661.0628,2.7080595e+06,6.6445312,0.3115236,794.84814,3.2560955e+06,6.5918536,0.048828125,98.884705,405041.5,6.7509527,Ship-Water-Cloud-1.bmp,1120,0
219.557,15683.824,2.6168976e+08,7.851737,0.9268799,900.1105,3.6903712e+06,6.7958345,-0.20446779,841.36255,3.4463922e+06,6.8057942,0.029663082,133.38297,546340.25,6.8402796,Ship-Water-Cloud-1.bmp,1232,0
189.65527,12107.975,1.9692379e+08,7.8318586,0.26000977,781.8268,3.2026395e+06,6.889075,-0.26098627,832.5631,3.4104575e+06,6.888133,0.00927734,142.05008,581837.5,6.8279786,Ship-Water-Cloud-1.bmp,1344,0
187.90613,15128.0,2.0658877e+08,7.7533503,0.19885257,859.16095,3.5192852e+06,6.666046,0.5999757,819.90546,3.3598072e+06,6.8308525,-0.024780266,135.50116,555015.25,6.826794,Ship-Water-Cloud-1.bmp,1456,0
200.9143,14527.715,2.2484694e+08,7.796444,0.28393555,704.253,2.8849505e+06,6.9065742,0.40747082,785.4662,3.2179495e+06,6.828603,-0.03833007,108.20031,443194.5,7.0124917,Ship-Water-Cloud-1.bmp,1568,0
204.7555,13340.506,2.2636675e+08,7.849331,-0.0406494,738.56433,3.0251662e+06,6.898263,-0.21936029,679.23346,2.7823372e+06,6.920977,-0.03796387,107.726654,441254.25,7.017086,Ship-Water-Cloud-1.bmp,1680,0
183.15088,12056.064,1.8677888e+08,7.7997885,-0.041259773,691.58936,2.832757e+06,6.832742,-0.65625,589.23315,2.415263e+06,6.9329824,0.034912106,114.758545,470056.0,6.9379377,Ship-Water-Cloud-1.bmp,1792,0
201.63477,11530.205,2.1375706e+08,7.899289,-0.31347656,648.02966,2.654732e+06,6.8945312,0.17456052,825.51447,3.381432e+06,6.80608,0.040283196,109.57675,448833.0,6.875559,Ship-Water-Cloud-1.bmp,1904,0
230.84888,7856.572,2.5046128e+08,8.073168,-0.52246094,421.2666,1.726626e+06,6.784749,-0.046630755,524.9297,2.150121e+06,6.755248,-0.024902351,75.195915,308005.0,6.8135877,Ship-Water-Cloud-1.bmp,2016,0
230.25012,8511.12,2.5201147e+08,8.060219,-0.12438965,363.4227,1.4886428e+06,6.904125,-0.047485396,465.87634,1.9082388e+06,6.8570533,-0.00402831,66.46721,272249.75,6.927912,Ship-Water-Cloud-1.bmp,2128,0
193.86255,12492.656,2.051086e+08,7.8160443,0.0925293,747.11707,3.0602265e+06,6.9202337,0.42553708,910.7063,3.7309945e+06,7.0642757,0.06323242,142.64139,584275.5,6.8859243,Ship-Water-Cloud-1.bmp,2240,0
158.3346,12220.322,1.5274051e+08,7.64348,-0.2906494,478.70233,1.9611108e+06,6.9009495,0.47521985,695.82837,2.8510378e+06,6.760225,-0.009887691,93.38974,382524.75,6.787305,Ship-Water-Cloud-1.bmp,2352,0
168.83948,12250.207,1.6694058e+08,7.703774,-0.46643066,531.1003,2.1762778e+06,6.8937416,0.47033697,458.9953,1.8809508e+06,6.8580036,0.016479498,83.563385,342276.75,6.917751,Ship-Water-Cloud-1.bmp,2464,0
205.51465,13835.019,2.29668e+08,7.832033,-0.14355469,494.24875,2.0245275e+06,6.7859044,0.5922852,549.4609,2.2520285e+06,6.948488,0.009765618,79.74416,326632.5,6.838064,Ship-Water-Cloud-1.bmp,2576,0
266.03137,13547.102,3.453739e+08,8.020309,-0.40344238,464.02322,1.9013058e+06,6.5727096,1.0570068,411.23254,1.6889848e+06,6.751501,-0.0037841685,60.932053,249577.75,6.7361765,Ship-Water-Cloud-1.bmp,2688,0
201.28894,5495.575,1.8846848e+08,8.079081,0.20349121,212.31021,869792.25,6.570815,0.25646964,175.19917,717885.25,6.696315,0.0040283147,38.95903,159576.25,6.6478844,Ship-Water-Cloud-1.bmp,2800,0
355.72375,18151.502,5.926539e+08,8.099339,-0.8519287,37.03917,154685.25,6.949721,0.025512576,37.77871,154744.25,6.8305464,0.0030517578,8.369435,34281.25,6.5095425,Ship-Water-Cloud-1.bmp,2912,0
262.20264,18261.3,3.563992e+08,7.9113665,0.8798828,127.11472,523833.0,6.350006,-0.46752936,138.21402,567020.0,5.913021,0.045654293,30.384636,124464.0,5.8737144,Ship-Water-Cloud-1.bmp,3024,0
244.74829,11006.646,2.904407e+08,8.035105,-0.2849121,378.9674,1.552583e+06,6.4558625,-0.89086914,299.03253,1.228088e+06,6.481801,0.04907227,71.993935,294897.0,6.53302,Ship-Water-Cloud-1.bmp,3136,0
248.97717,6931.462,2.823008e+08,8.119013,0.28234863,300.2188,1.2300228e+06,6.564395,-0.5394287,173.75266,712882.75,6.8622875,0.032348637,49.528435,202872.75,6.726898,Ship-Water-Cloud-1.bmp,3248,0
192.06262,8267.42,1.8495682e+08,7.951171,0.33190918,389.20972,1.5946542e+06,6.8068523,-0.3079833,306.04242,1.2539382e+06,6.912246,-0.04895019,66.4503,272190.25,6.9117928,Ship-Water-Cloud-1.bmp,3360,0
135.26111,4055.9119,9.155166e+07,7.9300756,0.43371582,236.45197,969277.75,7.320292,-0.08337401,174.20294,713563.75,7.3219614,0.010131836,45.690514,187148.75,7.2281346,Ship-Water-Cloud-1.bmp,3472,0
100.239136,1599.244,4.770664e+07,8.070736,0.1776123,225.78845,924958.75,7.421624,0.043823235,203.96115,835432.75,7.3259187,-0.048461907,48.860867,200143.75,7.3005567,Ship-Water-Cloud-1.bmp,3584,0
122.19922,3884.212,7.7073864e+07,7.902465,-0.40820312,211.57138,867279.0,7.0965714,-0.16406244,149.0136,610470.0,6.942267,-0.028320307,35.241386,144352.0,7.111892,Ship-Water-Cloud-1.bmp,3696,0
196.61853,7010.6055,1.8706208e+08,8.051707,-0.29382324,205.04971,840237.25,6.495576,-0.6043701,191.03201,783963.25,6.563398,0.016967775,47.774918,195687.25,6.3737497,Ship-Water-Cloud-1.bmp,3808,0
197.02844,7677.124,1.9045307e+08,8.026367,0.4534912,273.8132,1.1223812e+06,6.749881,-0.117065474,263.701,1.0801752e+06,6.7074637,-0.045043934,71.53612,293020.25,6.438038,Ship-Water-Cloud-1.bmp,3920,0
154.15735,8751.83,1.3318684e+08,7.8102746,0.22375488,440.85785,1.8059588e+06,6.788089,-0.41052264,339.45422,1.3910948e+06,6.7925453,-0.042846672,89.96637,368509.75,6.6462593,Ship-Water-Cloud-1.bmp,4032,0
177.9226,13730.32,1.8590422e+08,7.7365155,-0.84765625,996.3432,4.0839645e+06,6.4197397,-0.40991217,577.05493,2.3643055e+06,6.6333084,-0.084472634,96.6109,395747.5,6.6493073,Ship-Water-Cloud-1.bmp,4144,0
143.67981,10888.086,1.2915497e+08,7.614941,0.41516113,491.7011,2.0147138e+06,6.8258533,-0.35900885,748.08344,3.0646778e+06,6.5972776,-0.064575195,82.781654,339090.75,6.6885777,Ship-Water-Cloud-1.bmp,4256,0
137.73499,6878.9717,1.0588118e+08,7.8025246,-0.064819336,509.94144,2.0887372e+06,6.8631077,0.21569827,481.04803,1.9705632e+06,6.7480745,-0.025512695,74.92836,306909.25,6.9184504,Ship-Water-Cloud-1.bmp,4368,0
159.02502,6576.124,1.3051938e+08,7.923047,-0.032104492,449.4685,1.8410272e+06,6.893402,0.20666498,401.93124,1.6464852e+06,6.832065,-0.012573243,69.54897,284873.25,7.000738,Ship-Water-Cloud-1.bmp,4480,0
219.0669,14583.071,2.5630054e+08,7.874652,-0.3076172,333.83704,1.367784e+06,6.772357,0.26489264,378.3754,1.550113e+06,6.9137216,-0.049072273,55.356968,226752.0,6.81048,Ship-Water-Cloud-1.bmp,4592,0
215.66028,13086.676,2.4410534e+08,7.8968353,0.5443115,358.39142,1.4691848e+06,6.613584,0.6104737,436.5655,1.7896988e+06,6.812183,0.0013427604,64.00165,262150.75,6.63652,Ship-Water-Cloud-1.bmp,4704,0
167.06555,8030.1113,1.4721437e+08,7.8867188,-0.40637207,399.82233,1.6383488e+06,6.6282105,0.64587396,553.70245,2.2696738e+06,6.851556,-0.009643571,73.131195,299545.75,6.7248144,Ship-Water-Cloud-1.bmp,4816,0
182.72717,10619.95,1.8026155e+08,7.8388953,-0.26965332,540.3651,2.2136332e+06,6.4770155,0.16491704,523.81586,2.1456612e+06,6.7605786,0.043579094,72.15978,295574.25,6.6882963,Ship-Water-Cloud-1.bmp,4928,0
206.2312,9537.652,2.1327446e+08,7.959323,-0.032958984,553.8988,2.268774e+06,6.757853,-0.13867192,482.65366,1.977028e+06,6.697789,0.00097657,72.70093,297783.0,6.7505875,Ship-Water-Cloud-1.bmp,5040,0
286.34094,12001.665,3.849945e+08,8.074248,-0.7852783,312.5909,1.2828982e+06,6.6059046,0.414917,275.77417,1.1302762e+06,6.3168325,-0.08337403,42.780952,175259.25,6.365452,Ship-Water-Cloud-1.bmp,5152,0
362.7334,15184.099,6.011274e+08,8.1357765,0.50219727,268.14844,1.099369e+06,6.2470627,0.5395508,153.57509,630236.0,6.14268,0.014404293,30.2266,123809.0,6.358876,Ship-Water-Cloud-1.bmp,5264,0
256.52527,14088.132,3.2724314e+08,7.986194,0.22399902,572.8051,2.3464152e+06,6.8034196,0.7989502,392.3605,1.6097232e+06,6.6868544,-0.029174805,68.80951,281847.25,6.694781,Ship-Water-Cloud-1.bmp,5376,0
222.80371,11399.429,2.5002362e+08,7.964877,-0.11791992,849.51184,3.4796575e+06,6.7644095,0.39697272,487.2373,1.9963695e+06,6.7830935,-0.01733398,72.43976,296714.5,6.8389378,Ship-Water-Cloud-1.bmp,5488,0
197.00354,9274.213,1.9695454e+08,7.93174,0.14978027,840.00476,3.4407512e+06,6.975168,-0.21105945,534.79346,2.1906962e+06,6.98796,-0.09265137,92.47341,378806.25,6.98559,Ship-Water-Cloud-1.bmp,5600,0
197.08508,9307.017,1.9722054e+08,7.92785,-0.39782715,726.2201,2.9752458e+06,6.9433923,0.06286624,540.1213,2.2123528e+06,6.8884354,-0.0826416,93.44477,382777.75,6.9400783,Ship-Water-Cloud-1.bmp,5712,0
194.62512,9325.425,1.9334907e+08,7.926582,-0.010864258,690.3571,2.8277032e+06,7.0099955,-0.21862791,588.0858,2.4089952e+06,6.9795046,-0.12316895,123.138466,504437.25,6.8959274,Ship-Water-Cloud-1.bmp,5824,0
179.38843,8436.442,1.663658e+08,7.8881273,0.25439453,597.49695,2.4476125e+06,6.9984274,0.16967773,599.754,2.4567105e+06,6.902801,0.029296873,116.00073,475142.5,6.955391,Ship-Water-Cloud-1.bmp,5936,0
200.85168,10342.798,2.0760248e+08,7.9065104,0.09777831,502.9882,2.0602788e+06,6.909377,0.5059815,521.5183,2.1371878e+06,6.94981,0.0718994,90.58583,371060.75,6.7900105,Ship-Water-Cloud-1.bmp,6048,0
197.94092,9279.42,1.9849229e+08,7.9476633,0.32958984,615.70825,2.522386e+06,6.6816216,0.1801758,453.19507,1.85642e+06,6.98165,0.012695307,69.96346,286571.0,6.995601,Ship-Water-Cloud-1.bmp,6160,0
210.95312,8409.774,2.1672344e+08,8.003464,0.26293945,499.86484,2.0477295e+06,7.0186005,-0.22290029,542.2351,2.2211985e+06,6.879191,0.05419922,107.84532,441746.5,6.8630877,Ship-Water-Cloud-1.bmp,6272,0
193.33777,6000.33,1.7768374e+08,8.03577,-0.26062012,419.95764,1.7204248e+06,7.043988,-0.0072021037,342.87512,1.4044168e+06,7.012326,0.05212403,89.0397,364717.75,6.8869076,Ship-Water-Cloud-1.bmp,6384,0
182.5697,4628.041,1.5548307e+08,8.053906,0.047729492,334.21533,1.3689552e+06,6.9070044,-0.5181885,294.11728,1.2058042e+06,6.917445,-0.037231445,67.10414,274864.25,6.95955,Ship-Water-Cloud-1.bmp,6496,0
171.81787,2074.259,1.2941574e+08,8.189665,-0.025146484,219.32579,898361.0,6.98267,-0.035644583,166.0578,680178.0,7.004142,0.01879882,46.147602,189022.0,6.956375,Ship-Water-Cloud-1.bmp,6608,0
181.57483,2900.5657,1.4692346e+08,8.150661,0.06530762,231.60931,948689.25,7.049411,0.18493652,233.07352,954809.25,6.9322834,0.06945801,56.454956,231259.25,6.9062366,Ship-Water-Cloud-1.bmp,6720,0
134.3186,3475.2207,8.813243e+07,8.065546,0.35229492,98.19974,402734.5,6.97762,0.35278314,89.59906,367507.5,6.9501896,0.04272461,26.97364,110491.5,7.0555325,Ship-Water-Cloud-1.bmp,6832,0
275.97522,5597.8047,3.3488947e+08,8.1958275,0.16638184,145.21603,594918.25,6.5364084,-0.16003424,145.01083,594069.25,6.56867,-0.03137207,27.54302,112820.25,6.671647,Ship-Water-Cloud-1.bmp,0,112
195.4873,9180.783,1.941343e+08,7.9623938,0.26513672,398.6632,1.6332125e+06,6.7378364,0.035888657,326.83063,1.3387035e+06,6.6670303,-0.013427745,69.85907,286143.5,6.6513667,Ship-Water-Cloud-1.bmp,112,112
138.79333,8041.0293,1.1183972e+08,7.738357,0.2977295,460.596,1.8869642e+06,6.889673,-0.28845212,541.9335,2.2201002e+06,6.746537,-0.0008544922,103.56818,424215.25,6.7126093,Ship-Water-Cloud-1.bmp,224,112
157.5896,9704.166,1.414703e+08,7.7560797,-0.095214844,602.645,2.468471e+06,6.944354,0.14111324,556.2323,2.278409e+06,6.8569584,-0.04467775,123.85567,507321.0,6.8239756,Ship-Water-Cloud-1.bmp,336,112
176.807,10217.75,1.698958e+08,7.8375087,-0.34851074,741.09174,3.0360092e+06,7.013126,-0.024780326,645.29,2.6431102e+06,6.955799,-0.0064697224,135.29713,554177.25,7.022531,Ship-Water-Cloud-1.bmp,448,112
194.09521,11710.826,2.0227595e+08,7.8489456,0.34814453,696.2849,2.8524795e+06,7.0066977,-0.056884825,716.8292,2.9361455e+06,7.020253,0.029052742,128.11304,524754.5,6.9251513,Ship-Water-Cloud-1.bmp,560,112
164.87366,8022.884,1.4420462e+08,7.883151,-0.041625977,523.7159,2.1451472e+06,7.0807834,0.37976074,503.4342,2.0626572e+06,6.9490275,0.01672364,82.01003,335914.25,7.0556116,Ship-Water-Cloud-1.bmp,672,112
193.11633,12769.915,2.0506147e+08,7.819423,0.25402835,779.4341,3.1928262e+06,6.861565,-0.4315185,633.5104,2.5956212e+06,6.902131,0.0015869043,112.17951,459487.25,7.047367,Ship-Water-Cloud-1.bmp,784,112
202.65051,14158.394,2.2620416e+08,7.82812,0.109741196,839.30005,3.4378222e+06,6.853979,-0.6673585,897.4663,3.6778462e+06,6.929226,0.015502926,122.961,503649.25,6.978596,Ship-Water-Cloud-1.bmp,896,112
204.74414,15168.041,2.3383328e+08,7.812329,-0.10058594,756.0714,3.09691e+06,6.7052116,0.08056642,613.30676,2.512131e+06,6.7797565,-0.008789072,103.444016,423707.0,6.784168,Ship-Water-Cloud-1.bmp,1008,112
235.6012,20481.06,3.1125088e+08,7.8167973,-0.006225586,737.6846,3.0215562e+06,6.665389,0.31945798,736.90894,3.0187972e+06,6.6125135,-0.015502935,112.01447,458812.25,6.739718,Ship-Water-Cloud-1.bmp,1120,112
221.08105,14119.443,2.5803275e+08,7.8849545,0.70996094,1129.4099,4.6281275e+06,6.909113,0.5393065,884.02344,3.6221515e+06,6.9404607,0.047119144,172.15439,705153.5,6.9356194,Ship-Water-Cloud-1.bmp,1232,112
179.97449,10496.666,1.7566714e+08,7.847148,-0.110961914,883.3558,3.6182758e+06,6.8616524,-0.087524444,796.14075,3.2610238e+06,6.9647393,-0.02111819,130.99901,536573.75,6.972849,Ship-Water-Cloud-1.bmp,1344,112
175.97827,11175.283,1.7262032e+08,7.8084106,0.13012695,832.00006,3.4079415e+06,6.8104825,0.19726577,631.15576,2.5853735e+06,6.9084578,0.022949211,114.89436,470609.5,6.859033,Ship-Water-Cloud-1.bmp,1456,112
172.9021,11028.59,1.6762358e+08,7.796973,0.15942383,700.7239,2.870269e+06,7.035098,0.49780273,728.37964,2.984458e+06,6.969261,0.028076168,113.90668,466565.0,7.0201173,Ship-Water-Cloud-1.bmp,1568,112
184.72559,12515.447,1.910333e+08,7.8036366,0.36279297,826.50525,3.3859045e+06,6.942727,-0.26220697,776.4297,3.1805375e+06,6.9430456,0.06103517,132.53864,542893.5,6.930373,Ship-Water-Cloud-1.bmp,1680,112
173.1029,9529.86,1.6176938e+08,7.842923,0.0015869215,673.6338,2.7592038e+06,7.024034,0.23229986,806.53485,3.3037878e+06,6.988305,0.028930685,122.06966,500000.75,7.050252,Ship-Water-Cloud-1.bmp,1792,112
187.22595,10721.386,1.8749418e+08,7.862886,-0.20446777,629.38525,2.5781332e+06,7.1124125,0.2740478,871.5683,3.5702512e+06,6.981411,-0.05822755,129.46909,530319.25,6.9247446,Ship-Water-Cloud-1.bmp,1904,112
178.67883,11158.959,1.7647651e+08,7.803094,-0.3536377,664.11536,2.7207288e+06,6.9420557,-0.41760245,725.41614,2.9720188e+06,6.954665,-0.0072021447,107.34974,439704.75,7.0116873,Ship-Water-Cloud-1.bmp,2016,112
190.39832,9113.826,1.8581645e+08,7.9232707,-0.33850098,551.34485,2.2587778e+06,6.905699,0.09924322,509.13123,2.0854418e+06,6.887541,-0.030151382,88.18457,361207.75,6.9179544,Ship-Water-Cloud-1.bmp,2128,112
193.0531,8022.0176,1.8551405e+08,7.9646006,-0.02355957,360.78943,1.4777958e+06,6.912521,0.018188521,425.23862,1.7417788e+06,6.8477497,0.057250977,62.24959,254987.75,6.856543,Ship-Water-Cloud-1.bmp,2240,112
161.97827,7526.347,1.382945e+08,7.857061,0.19311523,377.14825,1.544952e+06,6.701689,-0.8691406,417.50558,1.713197e+06,6.7206182,0.071777344,62.0466,254164.0,6.74049,Ship-Water-Cloud-1.bmp,2352,112
259.64868,14434.211,3.3526435e+08,7.99058,-0.5422363,467.8852,1.917662e+06,6.481551,-0.8598632,405.39148,1.663512e+06,6.6182737,0.048339844,55.929306,229096.0,6.571703,Ship-Water-Cloud-1.bmp,2464,112
258.05103,10121.502,3.1421168e+08,8.072153,-0.30981445,226.2016,926915.0,6.8109894,-0.4916992,264.59564,1.084774e+06,6.701528,-0.04492188,39.255062,160797.0,6.684064,Ship-Water-Cloud-1.bmp,2576,112
263.08936,12534.428,3.348498e+08,8.028996,0.39233398,567.87427,2.3266435e+06,6.790569,-0.42797863,496.5584,2.0346535e+06,6.893876,-0.06103515,111.49542,456700.5,6.6269603,Ship-Water-Cloud-1.bmp,2688,112
206.974,16668.877,2.4374114e+08,7.7517433,0.4407959,393.48605,1.6125148e+06,6.3392973,0.0906983,345.53052,1.4153268e+06,6.1941624,-0.03674314,125.331116,513361.75,5.8567615,Ship-Water-Cloud-1.bmp,2800,112
175.69434,7627.4893,1.5767957e+08,7.920044,-0.08691406,114.47841,468934.5,6.767582,0.11987305,117.285065,480458.5,6.4473877,-0.041259766,26.294807,107710.5,6.6040173,Ship-Water-Cloud-1.bmp,2912,112
280.08923,12285.3125,3.7165178e+08,8.057195,-0.491333,155.71593,638801.25,6.414637,-0.7154541,150.88689,620129.25,6.364544,0.005737302,35.288845,144543.25,5.982745,Ship-Water-Cloud-1.bmp,3024,112
420.7334,12239.239,7.7519194e+08,8.206668,-0.76708984,125.72651,517386.0,5.686704,-1.0776367,113.62678,470172.0,5.6420183,-0.028320309,25.299248,103629.0,5.666733,Ship-Water-Cloud-1.bmp,3136,112
421.89282,12879.057,7.818142e+08,8.201933,0.84033203,74.80287,309285.0,5.879447,-0.050048888,64.80486,265451.0,6.0638285,0.005859377,14.119106,57832.0,5.9775333,Ship-Water-Cloud-1.bmp,3248,112
208.66626,10365.729,2.2080445e+08,7.9353523,0.4831543,171.53645,703569.5,7.1121097,0.517334,131.29376,538875.5,7.1997533,0.030029293,31.218948,127876.5,7.0915527,Ship-Water-Cloud-1.bmp,3360,112
118.6593,3056.9922,7.019324e+07,7.917392,0.2623291,263.72336,1.0804928e+06,7.376294,0.52795404,188.83105,774593.75,7.383707,0.023559563,50.368523,206311.75,7.2820573,Ship-Water-Cloud-1.bmp,3472,112
108.9801,1438.073,5.453716e+07,8.123159,-0.03186036,267.5359,1.0958312e+06,7.401104,0.14147949,226.56012,928072.25,7.40754,-0.033081055,54.35541,222644.25,7.346567,Ship-Water-Cloud-1.bmp,3584,112
136.75916,4990.341,9.704819e+07,7.8676176,-0.025024414,417.77985,1.7112288e+06,6.845625,-0.028686475,321.34412,1.3162288e+06,6.8066416,0.014770509,65.91354,269982.75,7.0308967,Ship-Water-Cloud-1.bmp,3696,112
205.41089,9176.301,2.1041125e+08,7.9857507,0.14916992,239.0665,979307.5,6.478072,0.026367247,214.97845,880554.5,6.509758,-0.018066408,33.61991,137708.5,6.753336,Ship-Water-Cloud-1.bmp,3808,112
184.27502,8696.427,1.747096e+08,7.9478254,0.5328369,236.33919,969208.25,6.6703405,0.11657712,191.34438,783802.25,6.822237,0.0081787165,40.795162,167097.25,6.6426797,Ship-Water-Cloud-1.bmp,3920,112
98.081665,6379.462,6.5533852e+07,7.5003796,0.12854004,228.10306,934377.75,6.683608,0.33605957,179.6116,736151.75,6.7454376,-0.011108404,52.971985,216973.75,6.5486193,Ship-Water-Cloud-1.bmp,4032,112
139.97644,8683.884,1.1582377e+08,7.7204604,-0.4161377,473.5763,1.9404778e+06,6.493988,0.10485837,487.55194,1.9970578e+06,6.6473103,-0.017700206,71.385124,292394.75,6.6330605,Ship-Water-Cloud-1.bmp,4144,112
192.24268,11299.191,1.9765837e+08,7.866708,-0.85009766,539.797,2.2139685e+06,6.62049,0.04931642,594.3002,2.4342635e+06,6.8079824,0.017578118,72.52789,297075.5,6.7391295,Ship-Water-Cloud-1.bmp,4256,112
205.28552,10298.116,2.1479531e+08,7.929481,0.16027832,785.0613,3.2157162e+06,6.5660787,0.15930174,569.61975,2.3332662e+06,6.818735,-0.028930666,87.80269,359643.25,6.773181,Ship-Water-Cloud-1.bmp,4368,112
194.12915,11332.42,2.0077997e+08,7.8588767,-0.15966797,588.82874,2.411947e+06,6.575723,0.064941525,644.0114,2.637888e+06,6.7612214,0.0144043,93.67143,383679.0,6.623684,Ship-Water-Cloud-1.bmp,4480,112
194.18652,12127.736,2.0412883e+08,7.8382416,-0.7607422,725.9359,2.975804e+06,6.641506,0.31420898,626.9022,2.568196e+06,6.7129946,-0.09692381,82.98865,339960.0,6.687233,Ship-Water-Cloud-1.bmp,4592,112
197.396,12476.968,2.1070702e+08,7.841434,0.33911133,900.5312,3.6890465e+06,6.861056,-0.22167976,622.53076,2.5500875e+06,6.8137846,0.04467774,90.49275,370666.5,6.875073,Ship-Water-Cloud-1.bmp,4704,112
163.69287,7853.0986,1.4192006e+08,7.85703,0.3642578,586.9154,2.404549e+06,6.805072,-0.2778321,463.34735,1.898187e+06,6.876985,-0.07861328,79.22868,324546.0,6.9241843,Ship-Water-Cloud-1.bmp,4816,112
192.56836,10514.021,1.9495565e+08,7.859624,0.73999023,819.7114,3.359781e+06,6.7252016,0.2687989,487.61743,1.997577e+06,6.84393,-0.062499996,81.93677,335629.0,6.854585,Ship-Water-Cloud-1.bmp,4928,112
183.75354,7943.372,1.7083899e+08,7.9281836,0.10437012,803.6347,3.2917322e+06,6.9397497,-0.3260498,498.6313,2.0428292e+06,6.7562,-0.047973625,90.27876,369791.25,6.9851675,Ship-Water-Cloud-1.bmp,5040,112
209.5553,8253.393,2.1367526e+08,7.9966583,-0.08776855,692.56104,2.8367612e+06,6.951599,-0.17077647,481.63446,1.9728942e+06,6.925423,0.0328369,80.25142,328714.25,6.9486246,Ship-Water-Cloud-1.bmp,5152,112
203.495,8255.8545,2.0343222e+08,7.989486,-0.12927246,611.9414,2.5065802e+06,6.946863,-0.045776337,472.20328,1.9341532e+06,6.835129,-0.0147705,86.546234,354494.25,6.92064,Ship-Water-Cloud-1.bmp,5264,112
213.06775,10186.866,2.2767507e+08,7.936976,0.12536621,764.3172,3.1307078e+06,7.0073156,-0.24084476,506.36426,2.0743058e+06,6.7610784,-0.008422848,86.95837,356181.75,6.9580383,Ship-Water-Cloud-1.bmp,5376,112
211.01904,11301.466,2.2868176e+08,7.8999543,-0.10107421,906.20544,3.7118595e+06,6.768899,-0.08593754,536.92883,2.1992905e+06,6.818823,-0.00292968,106.145615,434772.5,6.797922,Ship-Water-Cloud-1.bmp,5488,112
208.34485,10938.545,2.2260173e+08,7.9199715,-0.56799316,909.7871,3.7278092e+06,6.8748426,-0.093383715,610.51404,2.5007012e+06,6.952681,0.043090828,108.952545,446277.25,6.8080225,Ship-Water-Cloud-1.bmp,5600,112
216.38525,12136.51,2.4149642e+08,7.907219,-0.0966797,828.97107,3.3955035e+06,6.991062,0.05029303,651.5694,2.6688385e+06,7.0471177,0.04785155,134.55887,551162.5,6.9028273,Ship-Water-Cloud-1.bmp,5712,112
191.66797,9270.252,1.8844411e+08,7.909313,-0.03466797,675.4624,2.766699e+06,7.0754137,-0.45434573,665.1366,2.725245e+06,7.128486,0.053955074,172.34085,705920.0,6.9504223,Ship-Water-Cloud-1.bmp,5824,112
195.31396,8964.82,1.9297226e+08,7.920412,-0.086181626,538.4502,2.2055225e+06,7.031161,0.09594725,685.8466,2.8092655e+06,6.9893274,0.04003907,142.95824,585563.5,6.893738,Ship-Water-Cloud-1.bmp,5936,112
203.5116,9547.222,2.0874934e+08,7.9306455,0.39660645,610.85803,2.5027188e+06,7.0004406,0.12561038,672.8816,2.7561878e+06,7.022472,0.0032959022,146.67815,600793.75,6.8908796,Ship-Water-Cloud-1.bmp,6048,112
194.65991,6219.5737,1.8068298e+08,8.025187,0.24536134,457.57288,1.874465e+06,6.9921565,-0.17041022,426.97437,1.749006e+06,6.924529,-0.09570314,106.89148,437865.0,6.7392488,Ship-Water-Cloud-1.bmp,6160,112
188.41199,8733.999,1.8117869e+08,7.901773,-0.14709473,552.64496,2.2637222e+06,7.063958,0.037963815,552.0721,2.2612932e+06,6.9993496,-0.0074462853,130.03003,532603.25,6.9210014,Ship-Water-Cloud-1.bmp,6272,112
173.98462,5516.749,1.4658518e+08,7.992053,-0.014160156,499.91177,2.0476395e+06,7.1101217,-0.21459962,416.2866,1.7052985e+06,7.088352,-0.019531248,106.25975,435241.5,6.9941587,Ship-Water-Cloud-1.bmp,6384,112
178.08008,6289.739,1.5565722e+08,7.973825,-0.11352539,542.6244,2.2226425e+06,7.0167685,-0.25439447,469.44153,1.9230975e+06,7.0807295,-0.06518555,110.48806,452576.5,6.990488,Ship-Water-Cloud-1.bmp,6496,112
167.99231,4544.1533,1.3420777e+08,8.04084,0.19641113,460.18613,1.8850802e+06,7.039049,0.1451416,376.86377,1.5437202e+06,7.0421147,-0.03649903,93.913284,384674.25,7.078057,Ship-Water-Cloud-1.bmp,6608,112
120.47168,5010.3174,7.996925e+07,7.876837,0.19799805,176.69542,723905.0,7.038253,0.46704102,184.07458,754863.0,6.960148,-0.020996088,46.642136,191048.0,7.0290127,Ship-Water-Cloud-1.bmp,6720,112
45.48816,2000.5505,1.6669586e+07,7.034484,0.1661377,42.469406,174067.75,5.4957833,0.12854004,38.38649,157298.75,5.5917187,0.02331543,9.7218075,39822.75,5.780839,Ship-Water-Cloud-1.bmp,6832,112
227.82288,10791.161,2.5679635e+08,7.9924364,0.65856934,355.30524,1.4571068e+06,6.6251063,-0.11584465,210.7253,863185.75,6.6060867,-0.0028076153,55.344658,226691.75,6.5489545,Ship-Water-Cloud-1.bmp,0,224
205.83752,14229.678,2.3182854e+08,7.815543,0.14855957,392.4714,1.6076532e+06,6.8865933,0.037963927,351.33502,1.4390742e+06,6.566407,-0.034790043,63.680496,260840.25,6.870612,Ship-Water-Cloud-1.bmp,112,224
222.36035,12760.431,2.5478986e+08,7.931713,0.1105957,489.9779,2.0069995e+06,6.7517853,-0.17431638,461.42996,1.8901415e+06,6.8246746,-0.00854492,94.69316,387863.5,6.765798,Ship-Water-Cloud-1.bmp,224,224
160.21436,8895.086,1.4157302e+08,7.817514,0.28027344,403.19342,1.651802e+06,6.990636,-0.057128936,426.05045,1.745116e+06,6.895344,0.03271484,83.19644,340777.0,6.884232,Ship-Water-Cloud-1.bmp,336,224
172.76196,9918.168,1.6287688e+08,7.8298817,-0.2878418,481.94434,1.9743835e+06,6.6342077,0.13134767,442.32513,1.8118345e+06,6.7740707,0.031250015,82.44055,337680.5,6.6144905,Ship-Water-Cloud-1.bmp,448,224
237.36707,9771.634,2.7080605e+08,8.056336,-0.2977295,457.5784,1.8746042e+06,6.6850204,0.103881955,483.69702,1.9812672e+06,6.6832485,0.08703613,78.59013,321936.25,6.553762,Ship-Water-Cloud-1.bmp,560,224
213.20093,10199.481,2.2795926e+08,7.987916,0.50634766,551.54205,2.2601665e+06,6.763179,-0.24243167,539.5651,2.2102995e+06,6.683591,-0.009277364,83.189735,340745.5,6.736825,Ship-Water-Cloud-1.bmp,672,224
219.54504,15827.827,2.622581e+08,7.8456407,-0.33044434,1001.2714,4.1016548e+06,6.917034,-0.13415542,1070.2937,4.383997e+06,7.0007477,-0.051635753,152.99728,626687.75,7.0191402,Ship-Water-Cloud-1.bmp,784,224
205.3529,13806.679,2.2927971e+08,7.8327665,0.19909668,900.5716,3.6889038e+06,6.9615774,-0.6356201,985.9702,4.0401888e+06,6.995916,0.02941894,127.71977,523143.75,7.0754757,Ship-Water-Cloud-1.bmp,896,224
193.29333,13613.01,2.0879493e+08,7.7877693,0.22106934,795.23035,3.2574638e+06,6.8504314,0.47424313,715.24695,2.9305728e+06,6.9334197,0.010864258,105.56501,432394.75,6.9874563,Ship-Water-Cloud-1.bmp,1008,224
211.05457,15159.652,2.4454629e+08,7.828319,0.16809082,788.3933,3.2293748e+06,6.752108,0.15734854,807.32214,3.3068928e+06,6.847478,-0.018188484,116.57749,477502.75,6.809506,Ship-Water-Cloud-1.bmp,1120,224
195.95044,12985.692,2.1046176e+08,7.830921,0.4675293,916.7962,3.7560925e+06,6.8661814,-0.30078113,790.74585,3.2392655e+06,6.958563,-0.10107422,134.86687,552456.5,6.9310455,Ship-Water-Cloud-1.bmp,1232,224
187.06677,11201.443,1.8921645e+08,7.8461065,-0.37097168,781.0608,3.1997888e+06,6.9982357,-0.18933111,791.2788,3.2412248e+06,7.034561,-0.072875984,124.23999,508908.75,7.036049,Ship-Water-Cloud-1.bmp,1344,224
159.9237,11036.225,1.4996198e+08,7.7150497,-0.3277588,726.91815,2.9778968e+06,6.9107475,0.022094794,670.5971,2.7467678e+06,6.9478326,0.05627441,111.251656,455699.75,6.9584703,Ship-Water-Cloud-1.bmp,1456,224
176.69995,10351.038,1.7028672e+08,7.8425074,0.059570312,706.0176,2.8918625e+06,6.9944777,-0.36303705,675.3334,2.7667055e+06,7.0253572,0.02880859,113.87015,466415.5,6.996233,Ship-Water-Cloud-1.bmp,1568,224
178.49023,10140.154,1.7202758e+08,7.863071,0.2993164,769.4147,3.1518895e+06,6.947668,0.2514649,551.9059,2.2608655e+06,7.054989,-0.08544922,115.197174,471877.5,6.9946976,Ship-Water-Cloud-1.bmp,1680,224
177.24878,11673.18,1.764979e+08,7.798317,-0.42529297,818.3843,3.352843e+06,6.964671,0.54858404,726.8807,2.978536e+06,6.920146,0.11816408,122.89693,503443.0,6.989567,Ship-Water-Cloud-1.bmp,1792,224
189.25513,9351.498,1.8501222e+08,7.926134,-0.4020996,642.2496,2.6313165e+06,7.009632,0.19775383,639.9852,2.6215395e+06,6.9728355,0.10791014,108.44429,444235.5,6.983522,Ship-Water-Cloud-1.bmp,1904,224
202.08606,11305.752,2.1358398e+08,7.8949537,-0.068481445,698.2278,2.8599602e+06,7.0654697,-0.47766107,778.129,3.1881512e+06,6.9728785,-0.021362303,127.74301,523237.25,7.0463524,Ship-Water-Cloud-1.bmp,2016,224
214.85046,9589.953,2.2835478e+08,7.9947453,-0.35705566,572.61926,2.3459708e+06,6.763036,0.60656726,586.51996,2.4038928e+06,6.846122,0.02502441,99.78374,408716.75,6.7499847,Ship-Water-Cloud-1.bmp,2128,224
197.54846,8532.944,1.9479894e+08,7.9676447,-0.20422363,522.1331,2.1388282e+06,6.983431,-0.06604007,597.26746,2.4464252e+06,6.9313793,-0.010131836,89.48213,366519.25,6.883582,Ship-Water-Cloud-1.bmp,2240,224
229.58667,9936.364,2.5659968e+08,8.014286,-1.0334473,567.1576,2.327452e+06,6.9076147,0.4018556,552.99133,2.265714e+06,6.8465343,0.082031235,93.1566,381597.0,6.8208566,Ship-Water-Cloud-1.bmp,2352,224
344.63306,6803.497,5.14357e+08,8.220575,0.01171875,324.62982,1.3296845e+06,6.1186924,0.24462879,182.48692,747711.5,6.115237,-0.03637695,61.323505,251186.5,5.8817368,Ship-Water-Cloud-1.bmp,2464,224
275.7328,8195.424,3.449815e+08,8.125324,0.35437012,242.92331,995528.25,6.233013,-0.16857919,169.26047,693407.25,6.4025116,-0.01379395,35.500603,145411.25,6.03485,Ship-Water-Cloud-1.bmp,2576,224
301.74695,11957.906,4.2192538e+08,8.097282,0.0018310547,459.61823,1.8825962e+06,6.633754,-0.4290771,276.27054,1.1323582e+06,6.566523,0.054809574,78.271225,320611.25,6.4506416,Ship-Water-Cloud-1.bmp,2688,224
220.27869,14311.092,2.573672e+08,7.8546767,0.5333252,492.20844,2.0172508e+06,6.8924775,0.08898934,351.94928,1.4416168e+06,6.7828155,-0.0054931566,105.537994,432283.75,6.608072,Ship-Water-Cloud-1.bmp,2800,224
197.71399,7529.9287,1.909586e+08,7.99335,-0.5025635,366.1142,1.5006382e+06,7.058736,-0.45544434,333.12445,1.3653272e+06,6.91093,-0.0015869029,67.39214,276038.25,6.9860625,Ship-Water-Cloud-1.bmp,2912,224
424.77844,9590.107,7.7834995e+08,8.227022,-0.9022217,57.201195,237630.25,6.276967,-0.0206298,44.33728,181607.25,6.078168,-0.019165047,9.032652,36999.25,6.182945,Ship-Water-Cloud-1.bmp,3024,224
425.32983,14137.273,7.9889504e+08,8.194933,0.4597168,98.93075,406086.0,5.990939,0.9624024,76.315475,316382.0,5.9975877,-0.0014648424,16.989986,69591.0,5.866055,Ship-Water-Cloud-1.bmp,3136,224
235.70007,20412.47,3.1116083e+08,7.7767177,1.3372803,308.2365,1.2698618e+06,6.862953,0.860962,210.27211,864310.75,6.9494276,-0.0032958928,46.35027,189850.75,6.876054,Ship-Water-Cloud-1.bmp,3248,224
129.82837,2577.9072,7.959885e+07,8.05496,-0.15722656,236.00824,966791.0,7.3977976,-0.21215819,206.58218,846345.0,7.337022,-0.005371103,47.59445,194947.0,7.2428226,Ship-Water-Cloud-1.bmp,3360,224
140.5365,4563.6553,9.959082e+07,7.941803,-0.17834473,251.59058,1.03064525e+06,7.1997356,-0.29455566,290.77173,1.1913562e+06,7.156336,0.0047607375,46.650185,191079.25,7.156584,Ship-Water-Cloud-1.bmp,3472,224
136.05835,4929.6807,9.601661e+07,7.889196,-0.19799805,245.94688,1.007559e+06,7.0308514,-0.039794922,276.14612,1.131101e+06,7.0996866,-0.052978516,46.74597,191483.0,7.0033484,Ship-Water-Cloud-1.bmp,3584,224
148.43835,6368.532,1.1633654e+08,7.849668,0.32434082,332.43356,1.3620788e+06,6.789828,-0.13684087,333.4148,1.3657438e+06,6.9375186,0.003051754,53.875664,220674.75,6.7904143,Ship-Water-Cloud-1.bmp,3696,224
135.14746,8646.56,1.1022907e+08,7.6930914,0.7150879,372.61996,1.528346e+06,6.4148808,0.049804688,305.44922,1.25113e+06,6.7729225,-0.03784179,47.82718,195906.0,6.5648403,Ship-Water-Cloud-1.bmp,3808,224
54.007202,1968.939,2.0011896e+07,7.3635983,0.029907227,87.41311,358047.75,6.065074,0.60876465,87.0107,357913.75,6.092843,0.0006103569,13.09491,53636.75,6.1635394,Ship-Water-Cloud-1.bmp,3920,224
49.983276,1212.2837,1.5198666e+07,7.65122,0.22302246,58.0365,237921.25,6.7032437,0.13171388,48.75688,199779.25,6.431654,-0.024536133,8.197456,33579.25,6.7450514,Ship-Water-Cloud-1.bmp,4032,224
89.689575,7162.152,6.22853e+07,7.212239,-1.0831299,146.60437,605296.75,6.081321,-0.026489288,145.14255,594506.75,6.039678,-0.016967777,16.323381,66861.75,6.2005234,Ship-Water-Cloud-1.bmp,4144,224
234.65942,14297.755,2.8411e+08,7.924092,-0.9411621,784.0974,3.215291e+06,6.8485227,-0.99121094,599.7562,2.460626e+06,6.763113,-0.078125,76.893555,314981.0,6.7262306,Ship-Water-Cloud-1.bmp,4256,224
213.73914,11829.613,2.3557747e+08,7.895169,0.4683838,982.9417,4.0270278e+06,6.9710946,0.047973663,680.63654,2.7878968e+06,6.707221,-0.024536148,100.447586,411435.75,6.827895,Ship-Water-Cloud-1.bmp,4368,224
189.8407,10032.584,1.8871122e+08,7.8775764,0.38684082,844.516,3.4597508e+06,6.84354,-0.05871579,563.31537,2.3073538e+06,6.7484283,-0.028198242,79.631226,326172.75,6.805193,Ship-Water-Cloud-1.bmp,4480,224
191.78577,10626.935,1.941861e+08,7.8572235,-0.4066162,815.022,3.3390072e+06,6.910987,-0.3724364,487.9422,1.9991792e+06,6.840279,0.04943846,74.27081,304223.25,6.8750057,Ship-Water-Cloud-1.bmp,4592,224
188.21252,9334.056,1.8332882e+08,7.9043665,0.39172363,974.9399,3.9939822e+06,6.8943224,0.2689209,546.6116,2.2392172e+06,6.909176,-0.014770536,99.717865,408445.25,6.7949843,Ship-Water-Cloud-1.bmp,4704,224
183.43396,7895.4546,1.7016206e+08,7.937401,0.12243652,754.65015,3.0911082e+06,6.9882517,0.23059088,470.17932,1.9260722e+06,6.9175196,0.033813484,83.41737,341682.25,6.837356,Ship-Water-Cloud-1.bmp,4816,224
163.79907,6474.991,1.3641781e+08,7.9312296,0.16479492,451.81805,1.850758e+06,7.1627426,-0.027099632,346.9973,1.421304e+06,7.145448,-0.02319336,64.641304,264773.0,7.166901,Ship-Water-Cloud-1.bmp,4928,224
160.96838,6163.9907,1.3137844e+08,7.9220495,-0.23742676,571.33954,2.3404378e+06,6.903925,0.17419437,324.34485,1.3286408e+06,7.0212364,0.03332521,72.19487,295714.75,7.091313,Ship-Water-Cloud-1.bmp,5040,224
197.9491,10736.132,2.0447222e+08,7.8868904,-0.63952637,828.1494,3.3937752e+06,6.8118896,0.099731475,647.82605,2.6535362e+06,6.7939634,-0.040649407,89.5426,366773.25,6.827505,Ship-Water-Cloud-1.bmp,5152,224
195.36157,9144.979,1.9378637e+08,7.925077,-0.42626953,622.91974,2.5522235e+06,6.980863,-0.26391613,479.11603,1.9627445e+06,6.890808,-0.017578125,83.14654,340569.5,6.9790316,Ship-Water-Cloud-1.bmp,5264,224
199.78625,9183.482,2.0110554e+08,7.92922,-0.23791504,672.7146,2.7556708e+06,6.9365754,0.22155747,544.16156,2.2290868e+06,6.8713236,0.0059814453,90.62759,371210.75,6.9220676,Ship-Water-Cloud-1.bmp,5376,224
201.28711,9699.929,2.056865e+08,7.9142747,0.3881836,810.80493,3.321674e+06,6.8963585,0.4252929,597.80865,2.449365e+06,6.7876153,0.0068359273,100.40351,411253.0,6.9631786,Ship-Water-Cloud-1.bmp,5488,224
176.84546,8102.631,1.6128798e+08,7.9119325,-0.29736328,684.3183,2.80333e+06,6.888586,0.21118158,497.79987,2.039171e+06,6.9685583,0.053710934,77.13994,315977.0,6.997629,Ship-Water-Cloud-1.bmp,5600,224
190.17236,9670.356,1.8774378e+08,7.8984213,-0.10961914,700.9526,2.871151e+06,6.9537783,-0.077880844,525.0432,2.150602e+06,6.9313955,-0.06054687,107.48925,440291.0,6.8320236,Ship-Water-Cloud-1.bmp,5712,224
204.75232,9488.332,2.1058291e+08,7.943081,-0.013305664,640.5193,2.6235678e+06,7.095624,-0.04919441,667.4277,2.7337938e+06,7.083514,-0.036010746,173.5797,710987.75,6.884576,Ship-Water-Cloud-1.bmp,5824,224
189.1322,8488.544,1.8128706e+08,7.920369,0.09631348,627.25836,2.5692882e+06,7.0575366,-0.07604985,593.25256,2.4299862e+06,7.103557,0.07507324,149.1016,610743.25,6.984744,Ship-Water-Cloud-1.bmp,5936,224
198.12012,9574.945,1.9999346e+08,7.9144387,-0.4255371,724.4727,2.968182e+06,7.071875,-0.18212894,638.9898,2.617438e+06,7.0412216,-0.16235352,178.87721,732789.0,6.9312897,Ship-Water-Cloud-1.bmp,6048,224
206.40906,9758.714,2.1448054e+08,7.940593,-0.015991211,736.002,3.0146652e+06,7.1245966,-0.18444833,613.1201,2.5114792e+06,7.0379114,-0.042602558,173.07343,708916.25,6.8802986,Ship-Water-Cloud-1.bmp,6160,224
189.12683,6585.7437,1.7348486e+08,7.987691,0.01940918,508.74554,2.0838232e+06,7.1112027,-0.09362798,486.41974,1.9924112e+06,6.9848175,-0.025268558,103.37613,423431.25,6.950016,Ship-Water-Cloud-1.bmp,6272,224
174.09937,5345.6196,1.4604784e+08,8.000488,0.12817383,528.3957,2.164376e+06,7.1864324,0.0766602,434.06686,1.777962e+06,7.024024,0.010742184,113.27234,463964.0,7.0448627,Ship-Water-Cloud-1.bmp,6384,224
156.19226,5073.5635,1.2070742e+08,7.9652233,-0.07385254,395.3585,1.6194108e+06,7.2054753,0.41906738,393.22763,1.6113798e+06,7.038132,0.03137207,94.858086,388542.75,6.979019,Ship-Water-Cloud-1.bmp,6496,224
104.90088,5474.7734,6.749785e+07,7.7179794,0.20654297,180.39642,739078.5,6.835138,0.47460938,177.56685,728236.5,6.8893495,-0.015625002,51.01306,208950.5,6.806347,Ship-Water-Cloud-1.bmp,6608,224
37.188477,1194.528,1.0557484e+07,7.013276,0.03955078,19.791527,81072.5,5.4144754,0.14135742,18.558023,76095.5,5.319659,-0.00024413923,6.2017817,25402.5,5.5436125,Ship-Water-Cloud-1.bmp,6720,224
67.09314,6434.0977,4.4792164e+07,6.6694837,-0.22424316,140.51312,575747.75,5.2380247,-0.11584474,146.95844,601996.75,5.3453217,0.024780272,44.86529,183770.75,5.4044333,Ship-Water-Cloud-1.bmp,6832,224
269.39343,16932.379,3.666133e+08,7.9690237,1.3421631,363.94305,1.4980892e+06,6.762372,-0.05090347,249.9086,1.02363625e+06,6.636105,-0.054321274,61.735634,252881.25,6.7020144,Ship-Water-Cloud-1.bmp,0,336
157.10071,7352.792,1.31208904e+08,7.861966,-0.08703613,468.58575,1.9193582e+06,6.9332123,-0.12609862,368.0733,1.5076932e+06,6.8792377,0.01086426,83.35199,341410.25,6.8554964,Ship-Water-Cloud-1.bmp,112,336
223.22241,10308.582,2.4632045e+08,8.013228,-0.47583008,530.5038,2.173871e+06,6.81349,0.38110352,513.3545,2.103295e+06,6.7779016,0.048583996,131.42708,538335.0,6.549896,Ship-Water-Cloud-1.bmp,224,336
157.94006,4873.623,1.2213734e+08,8.026106,0.0030517615,314.75677,1.2892438e+06,6.876049,-0.043090887,249.5611,1.02220975e+06,6.7510624,-0.00451661,54.766277,224322.75,6.675567,Ship-Water-Cloud-1.bmp,336,336
151.33704,6300.3047,1.1961632e+08,7.930253,0.19934082,267.5464,1.0960328e+06,6.744483,0.21228024,195.92313,802685.75,6.7082977,-0.014282222,41.063454,168196.75,6.9140935,Ship-Water-Cloud-1.bmp,448,336
202.9414,9901.682,2.0925192e+08,7.9765177,-0.8149414,445.37738,1.826986e+06,6.9322577,0.20434566,374.15845,1.532724e+06,6.784442,0.02270508,81.02707,331889.0,6.7522187,Ship-Water-Cloud-1.bmp,560,336
223.02771,14461.97,2.6297683e+08,7.911553,0.18640137,594.56616,2.4354852e+06,6.7351465,0.10290527,540.53296,2.2140662e+06,6.796965,0.09167479,90.34566,370090.25,6.855865,Ship-Water-Cloud-1.bmp,672,336
199.07666,15059.992,2.2401642e+08,7.7892513,-0.17993164,834.59863,3.4186485e+06,6.899731,-0.028808609,953.4055,3.9051525e+06,6.8995323,-0.028076194,142.8089,584948.5,6.931205,Ship-Water-Cloud-1.bmp,784,336
204.87476,13711.046,2.2808458e+08,7.848974,-0.19067383,851.8906,3.489493e+06,6.9684577,-0.27319324,955.7642,3.915116e+06,6.9971995,-0.0061035026,137.30342,562395.0,7.03549,Ship-Water-Cloud-1.bmp,896,336
200.27063,12205.66,2.1427808e+08,7.863292,0.14025877,801.3277,3.2823188e+06,7.046261,-0.33190912,1064.3859,4.360176e+06,6.9943876,-0.034057625,145.96802,597889.75,7.0151296,Ship-Water-Cloud-1.bmp,1008,336
183.20178,10478.457,1.8039336e+08,7.8625145,0.19763184,629.24896,2.5775638e+06,6.9957952,0.089965805,801.07043,3.2812178e+06,6.97095,-0.009399429,104.83775,429415.75,7.0412016,Ship-Water-Cloud-1.bmp,1120,336
174.0918,12155.251,1.7392928e+08,7.760663,-0.05419922,686.4474,2.8117005e+06,6.966952,-0.06298831,676.30286,2.7701525e+06,6.893834,0.013671875,107.1767,438996.5,7.020788,Ship-Water-Cloud-1.bmp,1232,336
184.11365,12659.054,1.9069702e+08,7.814261,0.024291992,852.36957,3.4913082e+06,6.878029,0.5911865,686.9404,2.8151392e+06,6.8153477,0.088256836,126.87557,519714.25,6.8408103,Ship-Water-Cloud-1.bmp,1344,336
188.65796,11343.922,1.9224882e+08,7.856494,-0.48901367,685.41895,2.8084555e+06,6.8776293,-0.044677705,711.45056,2.9141095e+06,6.9212914,-0.04174806,109.17025,447168.5,6.8785405,Ship-Water-Cloud-1.bmp,1456,336
232.9989,14386.922,2.8129446e+08,7.930395,0.16540527,752.20294,3.0811352e+06,6.960947,-0.2667235,868.89575,3.5592882e+06,6.9353333,-0.11779786,150.2318,615406.25,6.899599,Ship-Water-Cloud-1.bmp,1568,336
227.51477,19577.64,2.9221114e+08,7.830123,0.7874756,861.41565,3.5308982e+06,6.7174273,-0.10266122,829.6509,3.3982932e+06,6.7403164,0.03234864,142.00342,581650.25,6.7771716,Ship-Water-Cloud-1.bmp,1680,336
185.4972,16374.59,2.0801043e+08,7.696293,-0.4029541,935.0614,3.8306762e+06,6.7968473,0.04406753,887.7655,3.6362952e+06,6.671094,0.029174805,181.30072,742611.25,6.601334,Ship-Water-Cloud-1.bmp,1792,336
189.33508,15395.987,2.0989445e+08,7.732785,-0.20861816,790.41626,3.2377232e+06,6.8091097,0.281128,728.52747,2.9843722e+06,6.7335763,0.12512207,118.13967,483964.25,6.7593026,Ship-Water-Cloud-1.bmp,1904,336
171.02905,10492.409,1.6278874e+08,7.8099604,-0.15527344,814.1382,3.3348085e+06,7.0038056,-0.17285159,652.4798,2.6726795e+06,6.9404407,0.0056152344,122.170746,500411.5,7.0046716,Ship-Water-Cloud-1.bmp,2016,336
182.2627,10531.76,1.7920594e+08,7.8389683,0.0009765625,601.7804,2.4648925e+06,6.949892,0.053710975,729.4733,2.9879345e+06,6.8935585,-0.02734375,115.749374,474112.5,6.811671,Ship-Water-Cloud-1.bmp,2128,336
212.64087,11215.389,2.3114355e+08,7.926942,0.38110352,743.1123,3.044383e+06,6.9539123,-0.13452153,854.5093,3.500144e+06,6.963471,-0.07739257,119.81311,490779.0,6.9677706,Ship-Water-Cloud-1.bmp,2240,336
223.344,12572.924,2.5581757e+08,7.930998,-0.04248047,593.47687,2.4308885e+06,6.879062,-0.23706067,654.37683,2.6805575e+06,6.876045,0.08056641,94.30613,386304.5,6.838887,Ship-Water-Cloud-1.bmp,2352,336
237.69507,9192.775,2.6907328e+08,8.043116,0.094970696,549.03357,2.2488785e+06,6.8638663,0.07446286,449.76218,1.8422485e+06,6.8175488,-0.034423828,97.07805,397636.5,6.6859417,Ship-Water-Cloud-1.bmp,2464,336
235.75623,11225.186,2.7363814e+08,7.9793806,-0.069458,523.35754,2.1436922e+06,6.646291,0.30725113,457.7753,1.8754342e+06,6.9051065,-0.03942871,75.721405,310161.25,6.6745763,Ship-Water-Cloud-1.bmp,2576,336
301.17554,10806.68,4.1579882e+08,8.122781,-0.122802734,338.50677,1.3865855e+06,6.633743,0.07128909,366.03876,1.4993155e+06,6.722926,-0.034179688,64.62663,264715.5,6.5377126,Ship-Water-Cloud-1.bmp,2688,336
212.75769,6406.6167,2.1165037e+08,8.068176,0.5467529,334.03152,1.3694178e+06,7.2329483,0.11560062,277.79468,1.1379018e+06,7.0598083,-0.02014161,65.53224,268421.75,7.101857,Ship-Water-Cloud-1.bmp,2800,336
194.7439,6458.2524,1.8179456e+08,8.02751,-0.2529297,500.82104,2.051625e+06,7.150414,0.044433556,425.927,1.744605e+06,6.9715805,-0.024658205,87.59973,358811.0,7.0144577,Ship-Water-Cloud-1.bmp,2912,336
276.07593,16585.28,3.801219e+08,7.973486,0.19262695,376.38367,1.5418195e+06,6.6809177,0.49975586,262.81604,1.0775175e+06,6.7707953,-0.062255863,56.562653,231696.5,6.744026,Ship-Water-Cloud-1.bmp,3024,336
240.03027,14728.512,2.9631712e+08,7.9011497,0.05908203,304.4755,1.247146e+06,6.8078947,0.46606445,176.77887,724976.0,6.798645,-0.050048828,43.69598,178989.0,6.81176,Ship-Water-Cloud-1.bmp,3136,336
217.75146,7606.652,2.2537155e+08,8.052395,0.07373047,301.51837,1.2350415e+06,6.8407297,-0.17529303,303.87662,1.2448045e+06,6.975588,-0.05419922,61.20934,250725.5,6.7732034,Ship-Water-Cloud-1.bmp,3248,336
184.83533,5861.8784,1.639464e+08,8.038554,-0.38635254,423.9355,1.7370512e+06,6.796295,-0.295288,351.1604,1.4387102e+06,6.9171486,-0.033569343,65.56412,268555.25,6.8989525,Ship-Water-Cloud-1.bmp,3360,336
176.0061,9476.47,1.6570211e+08,7.8699074,0.02319336,541.90063,2.219627e+06,6.9616365,0.50292957,559.2417,2.29169e+06,7.0828943,-0.04101563,84.54544,346305.0,7.0044556,Ship-Water-Cloud-1.bmp,3472,336
142.55957,9000.98,1.2011197e+08,7.7141786,0.07080078,501.06897,2.052399e+06,6.8157535,-0.2619629,378.90674,1.552283e+06,6.831263,0.0041503897,61.938942,253702.0,6.818699,Ship-Water-Cloud-1.bmp,3584,336
106.452515,5080.8545,6.722762e+07,7.6615477,-0.08898926,388.7507,1.5923552e+06,6.637589,-0.09899903,234.05887,958745.25,6.588665,-0.049194336,38.42904,157415.25,6.6511955,Ship-Water-Cloud-1.bmp,3696,336
170.39185,8826.223,1.5507293e+08,7.8767056,-0.17236328,347.70175,1.424308e+06,6.6576347,-0.7800293,280.1743,1.150086e+06,6.644803,0.025878903,37.046448,151745.0,6.7411423,Ship-Water-Cloud-1.bmp,3808,336
149.57776,12338.105,1.4217877e+08,7.6498337,0.068481445,259.97037,1.0648578e+06,6.725262,-1.0306396,232.65793,957317.75,6.5955615,0.007446292,28.777962,117874.75,6.62023,Ship-Water-Cloud-1.bmp,3920,336
273.9745,36373.03,4.5643795e+08,7.76673,-0.9022217,98.80336,408032.75,6.1986427,-1.4727782,84.22051,353851.75,5.8767614,-0.0067138677,14.235001,58306.75,5.8988667,Ship-Water-Cloud-1.bmp,4032,336
361.89685,26541.23,6.4516326e+08,8.048293,-0.50671387,39.004654,160814.75,6.3689275,-1.481323,35.1357,152903.75,6.5199013,-0.009399413,3.834324,15705.75,6.7429237,Ship-Water-Cloud-1.bmp,4144,336
455.22778,9280.549,8.868368e+08,8.248777,0.38378906,67.040085,275199.5,5.426655,-0.73217773,75.47917,311358.5,5.457369,-0.015136719,7.303116,29914.5,5.5719957,Ship-Water-Cloud-1.bmp,4256,336
256.32092,18751.95,3.459169e+08,7.873477,1.295044,496.32697,2.0398248e+06,6.6406603,-0.41076654,364.84583,1.4950998e+06,6.5723276,0.035522446,53.86025,220616.75,6.7466373,Ship-Water-Cloud-1.bmp,4368,336
195.83679,10702.137,2.0092595e+08,7.8793,-0.59143066,824.31104,3.3778108e+06,6.7877283,0.26232922,562.3015,2.3034688e+06,6.867339,0.020629888,81.805664,335077.75,6.712696,Ship-Water-Cloud-1.bmp,4480,336
200.7677,11583.4795,2.1254614e+08,7.865677,-0.27355957,1007.66473,4.1277012e+06,6.7869215,0.016479462,684.31616,2.8029602e+06,6.710467,0.030883793,92.05355,377055.25,6.719175,Ship-Water-Cloud-1.bmp,4592,336
207.49963,10253.043,2.1835424e+08,7.937576,0.6114502,836.6972,3.4286432e+06,6.9897313,0.22521973,670.9225,2.7483062e+06,6.8203697,0.11047362,107.15387,438952.25,6.8019085,Ship-Water-Cloud-1.bmp,4704,336
169.16785,7099.3994,1.4629749e+08,7.91965,0.6246338,598.61554,2.4535272e+06,6.8896546,0.40881354,496.07663,2.0326142e+06,6.8635902,-0.0015869034,77.535706,317586.25,6.6648645,Ship-Water-Cloud-1.bmp,4816,336
175.74243,7419.253,1.5689587e+08,7.9349165,-0.45141602,532.974,2.183896e+06,6.877448,-0.19067389,434.69705,1.780668e+06,6.948026,0.015380851,75.16578,307880.0,6.871665,Ship-Water-Cloud-1.bmp,4928,336
176.84033,8407.794,1.625305e+08,7.869508,0.21191406,577.68884,2.3663975e+06,6.9403577,-0.26806632,504.83722,2.0681075e+06,6.939832,0.027343754,85.6793,350945.5,7.001547,Ship-Water-Cloud-1.bmp,5040,336
188.51501,7845.47,1.7769834e+08,7.94536,0.30773926,680.5029,2.7877278e+06,6.9354277,-0.27307123,646.8485,2.6497968e+06,6.7934666,-0.015014662,83.68868,342789.75,6.9596205,Ship-Water-Cloud-1.bmp,5152,336
194.20996,8612.322,1.8976699e+08,7.940243,0.0078125,754.4169,3.090092e+06,6.8785095,-0.5642089,559.95905,2.294896e+06,6.8960104,0.016845701,98.42964,403169.0,6.9167957,Ship-Water-Cloud-1.bmp,5264,336
196.99207,8316.895,1.9301486e+08,7.9690948,-0.017456055,599.34033,2.4548992e+06,6.978156,-0.40490726,547.39545,2.2428032e+06,6.8904314,-0.058471672,89.84967,368038.25,7.021868,Ship-Water-Cloud-1.bmp,5376,336
193.37183,9155.138,1.9065979e+08,7.9234233,0.32592773,762.35266,3.1230315e+06,6.988831,-0.16113274,585.07916,2.3965905e+06,6.941028,-0.02294923,106.83822,437611.5,6.955718,Ship-Water-Cloud-1.bmp,5488,336
186.35791,8057.1377,1.7525312e+08,7.9458227,-0.0949707,646.67957,2.6488365e+06,6.9553766,-0.34301752,632.93225,2.5929725e+06,6.9262047,-0.008789048,89.41191,366231.5,7.0062323,Ship-Water-Cloud-1.bmp,5600,336
196.61292,10082.115,1.9963394e+08,7.888839,0.22521973,624.6322,2.5587012e+06,6.8897095,-0.032348648,508.51462,2.0828802e+06,6.957819,0.031127913,100.278145,410743.25,6.9318686,Ship-Water-Cloud-1.bmp,5712,336
196.7439,8460.857,1.932043e+08,7.9564114,-0.37402344,584.8186,2.39599e+06,7.1301556,0.43090817,683.71375,2.801252e+06,7.0772963,-0.030273441,143.8338,589147.0,6.9697123,Ship-Water-Cloud-1.bmp,5824,336
204.60156,8837.86,2.0766581e+08,7.9653935,0.059814453,593.0093,2.4289805e+06,7.099895,0.23779285,600.3776,2.4593785e+06,7.10392,0.03100585,143.74966,588802.5,6.937892,Ship-Water-Cloud-1.bmp,5936,336
200.39038,9637.207,2.0395422e+08,7.924974,0.1928711,719.5778,2.947543e+06,7.091554,0.15405273,667.47455,2.734073e+06,6.946074,0.052734364,166.02237,680039.0,6.9950233,Ship-Water-Cloud-1.bmp,6048,336
186.47302,6086.1177,1.6735562e+08,8.0112915,0.16149901,482.05396,1.9745998e+06,7.200762,-0.16003427,464.17596,1.9013698e+06,7.064871,0.030395512,114.3374,468329.75,6.9927273,Ship-Water-Cloud-1.bmp,6160,336
182.4867,5954.3374,1.6079147e+08,8.005974,0.18347168,547.11835,2.2411348e+06,7.089157,0.19128412,509.82712,2.0884018e+06,6.9772363,0.015014645,135.34738,554383.75,6.8995924,Ship-Water-Cloud-1.bmp,6272,336
161.99658,5836.1567,1.31395784e+08,7.91746,0.24194336,457.28766,1.87329e+06,6.993823,-0.012695424,399.05914,1.634547e+06,7.0024185,-0.028564451,109.70377,449350.0,6.886404,Ship-Water-Cloud-1.bmp,6384,336
86.884155,6965.364,5.945025e+07,7.327862,0.48010254,133.91885,549475.75,6.5239663,0.5098877,147.31613,604471.75,6.56464,-0.04309082,38.192657,156444.75,6.6451383,Ship-Water-Cloud-1.bmp,6496,336
23.610107,271.51373,3.395383e+06,7.376142,-0.021240234,6.420936,26302.0,5.1797466,0.12451172,6.7598877,27752.0,5.0857196,-0.008789062,2.4161825,9897.0,5.715298,Ship-Water-Cloud-1.bmp,6608,336
42.283203,124.788086,7.8342445e+06,8.1665535,-0.11328125,8.179184,33554.5,3.7067447,-0.022460932,3.0008383,12293.5,5.8824377,-0.013183592,1.7589811,7205.5,6.041499,Ship-Water-Cloud-1.bmp,6720,336
51.621338,2256.942,2.0159302e+07,6.830155,0.114746094,59.324112,243045.5,4.4597855,0.09130859,71.517426,292969.5,4.3477206,0.06616211,18.950089,77637.5,4.4568577,Ship-Water-Cloud-1.bmp,6832,336
225.52063,14304.991,2.6691398e+08,7.932088,0.29406738,517.9341,2.1218122e+06,6.744622,0.59313965,490.4588,2.0103602e+06,6.580167,0.00085448474,80.852844,331173.25,6.7860126,Ship-Water-Cloud-1.bmp,0,448
241.10522,15581.701,3.0193024e+08,7.9380236,0.06933594,515.3844,2.111034e+06,6.659708,0.14086908,534.27826,2.188485e+06,6.7254667,-0.05029297,81.06534,332054.0,6.6837654,Ship-Water-Cloud-1.bmp,112,448
191.51807,14784.874,2.1079672e+08,7.7951536,-0.9326172,505.48657,2.0740355e+06,6.6806707,0.009033188,711.42194,2.9139845e+06,6.527687,0.0041504074,96.15733,393860.5,6.623586,Ship-Water-Cloud-1.bmp,224,448
213.82825,14680.833,2.4741213e+08,7.8826723,0.12976074,774.72107,3.1733268e+06,6.265688,-0.49597165,524.1663,2.1479928e+06,6.506803,-0.08361816,133.21902,545693.75,6.1730375,Ship-Water-Cloud-1.bmp,336,448
178.42542,11812.748,1.7878374e+08,7.7878838,0.40270996,537.71936,2.2031628e+06,6.26092,-0.20324706,371.62955,1.5223638e+06,6.597427,0.009887686,75.191246,307983.75,6.3695107,Ship-Water-Cloud-1.bmp,448,448
167.67688,11288.733,1.6139989e+08,7.762678,-0.21765137,647.19,2.6510842e+06,6.90637,0.09680158,541.16064,2.2166322e+06,6.8143053,0.0904541,112.00067,458788.25,6.624254,Ship-Water-Cloud-1.bmp,560,448
176.72119,12389.169,1.7866566e+08,7.7543335,-0.201416,855.3365,3.5036245e+06,6.9720564,-0.14111322,753.96436,3.0883195e+06,6.9338,-0.009033224,146.5762,600376.5,6.894637,Ship-Water-Cloud-1.bmp,672,448
180.81152,11704.002,1.8184933e+08,7.7949557,-0.16894531,773.08765,3.166684e+06,6.9168625,0.480957,789.45807,3.234568e+06,6.9898806,-0.00634766,119.34029,488818.0,6.9366407,Ship-Water-Cloud-1.bmp,784,448
185.99841,11870.388,1.903239e+08,7.825964,0.26623535,755.24524,3.0937748e+06,6.900378,-0.25744647,789.2325,3.2329678e+06,6.9510975,-0.11120606,122.33181,501121.75,6.853252,Ship-Water-Cloud-1.bmp,896,448
196.68909,12844.234,2.1107027e+08,7.8295765,0.2088623,839.2422,3.4377148e+06,6.850129,0.17712392,724.87604,2.9692208e+06,6.9878836,-0.005249026,111.56119,456954.75,7.0016994,Ship-Water-Cloud-1.bmp,1008,448
185.1549,13151.018,1.9428704e+08,7.774598,0.18029785,752.05853,3.0805648e+06,6.803165,0.08361817,738.7688,3.0260258e+06,6.8402433,-0.013061523,111.602066,457122.75,6.8511553,Ship-Water-Cloud-1.bmp,1120,448
170.95312,14406.973,1.7871645e+08,7.680312,-0.18017578,802.9033,3.288825e+06,6.693155,0.19995117,750.7518,3.075243e+06,6.7858105,0.034423824,122.715614,502648.0,6.8854156,Ship-Water-Cloud-1.bmp,1232,448
190.44836,12666.996,2.004483e+08,7.8270855,-0.19543457,941.2709,3.8556018e+06,6.787119,-0.66906726,794.18976,3.2548348e+06,6.849148,-0.026733402,143.85812,589245.75,6.7884045,Ship-Water-Cloud-1.bmp,1344,448
192.05481,15075.932,2.128322e+08,7.758482,0.21179198,726.80115,2.9771612e+06,6.6146317,-0.18713376,621.0524,2.5439742e+06,6.7346497,0.04797363,104.12349,426499.25,6.683538,Ship-Water-Cloud-1.bmp,1456,448
227.9126,14269.523,2.712112e+08,7.911664,0.23291016,879.7206,3.6035575e+06,6.8334274,0.6359864,918.5991,3.7642385e+06,6.6712723,0.06176759,183.01584,749648.5,6.726253,Ship-Water-Cloud-1.bmp,1568,448
201.78662,17505.824,2.3848413e+08,7.7132883,0.107910156,718.59534,2.9434145e+06,6.652616,0.30468738,1004.4581,4.1146405e+06,6.6106377,0.08251952,158.91861,650958.5,6.6713963,Ship-Water-Cloud-1.bmp,1680,448
180.97803,12670.696,1.8605565e+08,7.7758636,-0.23901367,831.474,3.4059515e+06,6.698469,-0.00390625,742.3499,3.0406655e+06,6.71426,0.0559082,143.65033,588404.5,6.6146364,Ship-Water-Cloud-1.bmp,1792,448
179.97461,15081.415,1.9444643e+08,7.7105618,0.0063476562,707.351,2.89731e+06,6.6780996,-0.07470706,683.99365,2.801661e+06,6.7106447,0.107910156,110.48054,452576.0,6.752327,Ship-Water-Cloud-1.bmp,1904,448
195.7284,11483.542,2.0395274e+08,7.8843093,-0.11706543,815.41956,3.3400148e+06,6.8679295,-0.15930182,743.36743,3.0449368e+06,7.0054398,0.058227554,121.70456,498515.75,6.986144,Ship-Water-Cloud-1.bmp,2016,448
190.3977,12004.951,1.9765755e+08,7.847577,-0.11743164,713.03906,2.9206645e+06,6.8967915,0.55737305,680.9292,2.7903585e+06,6.871379,0.03442384,116.907875,478859.5,6.9091372,Ship-Water-Cloud-1.bmp,2128,448
262.31006,15838.886,3.4670778e+08,7.9694996,-0.2368164,612.078,2.5073015e+06,6.7374635,0.3552247,507.17276,2.0778965e+06,6.7539177,0.026611315,86.27457,353383.5,6.756581,Ship-Water-Cloud-1.bmp,2240,448
204.85425,11200.343,2.1776632e+08,7.924255,0.08691406,522.251,2.139171e+06,6.7650576,0.48876944,457.1869,1.873616e+06,6.768873,-0.021240225,85.33744,349544.0,6.78295,Ship-Water-Cloud-1.bmp,2352,448
229.38916,9926.999,2.5619e+08,8.021876,-0.20141602,436.98776,1.790068e+06,6.8224597,0.25708002,518.28937,2.123184e+06,6.811813,0.044433597,73.51364,301120.0,6.746381,Ship-Water-Cloud-1.bmp,2464,448
233.7196,9476.983,2.6256112e+08,8.030127,0.091430664,581.39075,2.3814108e+06,6.8066573,-0.21301259,538.47534,2.2057808e+06,6.9883814,-0.0037841713,81.74162,334813.75,6.868823,Ship-Water-Cloud-1.bmp,2576,448
244.33716,15403.112,3.07625e+08,7.9317307,0.028320312,622.6041,2.5501895e+06,6.4953737,0.7214358,571.5011,2.3430005e+06,6.538023,-0.09326172,82.346405,337326.5,6.5621276,Ship-Water-Cloud-1.bmp,2688,448
203.11072,12207.938,2.1897995e+08,7.8556566,0.46374512,386.81467,1.5852738e+06,6.91061,0.028198346,473.26648,1.9385028e+06,6.5875263,-0.01379394,75.97264,311184.75,6.799277,Ship-Water-Cloud-1.bmp,2800,448
166.91968,6643.56,1.413355e+08,7.9392195,-0.6159668,495.49963,2.0311205e+06,7.0908594,0.006103456,490.46198,2.0089325e+06,6.942074,0.01538086,96.63734,395827.5,6.9842615,Ship-Water-Cloud-1.bmp,2912,448
195.18591,8030.4087,1.8894008e+08,7.9818974,0.18493652,660.6004,2.7059592e+06,7.1045327,-0.43737784,521.61005,2.1372982e+06,7.006964,-0.051147453,131.3822,538152.25,6.9816246,Ship-Water-Cloud-1.bmp,3024,448
198.36731,6022.4756,1.8584398e+08,8.061169,-0.27087402,286.7387,1.1747822e+06,6.991868,0.21130374,224.33896,919075.25,6.9122677,0.005249026,69.57913,284996.25,6.4835386,Ship-Water-Cloud-1.bmp,3136,448
159.92297,3590.975,1.194653e+08,8.073705,-0.015747074,275.706,1.1292928e+06,7.1693907,0.29675287,247.8894,1.01571575e+06,7.0017233,-0.010131843,65.00228,266249.75,6.9835224,Ship-Water-Cloud-1.bmp,3248,448
189.21289,8896.002,1.8308106e+08,7.90893,-0.049316406,719.19385,2.945828e+06,6.888635,-0.74853516,549.6411,2.253625e+06,6.9300833,-0.06982421,107.37477,439827.0,7.00454,Ship-Water-Cloud-1.bmp,3360,448
144.27869,5422.8857,1.0747587e+08,7.902961,0.12097168,563.21783,2.3070002e+06,6.971507,0.16760257,363.51837,1.4890862e+06,6.9784727,-0.016967768,76.10695,311735.25,7.0349298,Ship-Water-Cloud-1.bmp,3472,448
142.91101,6828.4297,1.11624136e+08,7.801255,-0.29870605,550.5517,2.2554252e+06,6.941798,0.29113764,460.33325,1.8858722e+06,6.8202667,-0.015258773,75.815506,310541.25,6.8803844,Ship-Water-Cloud-1.bmp,3584,448
102.92285,5759.945,6.6982124e+07,7.5793986,-0.14453125,269.07288,1.102208e+06,6.731602,-0.46655276,174.28038,714744.0,6.6080713,0.091552734,26.44645,108359.0,6.6690254,Ship-Water-Cloud-1.bmp,3696,448
269.307,6501.884,3.236993e+08,8.1749,-0.62683105,237.82333,975733.75,6.347441,-0.15954596,99.12537,406121.75,6.5290556,0.024780273,17.928524,73437.75,6.4928374,Ship-Water-Cloud-1.bmp,3808,448
294.66223,5596.562,3.785621e+08,8.205989,0.2833252,237.93578,974913.75,6.4971085,-0.71447754,152.58125,627063.75,6.4047003,0.068725586,23.463234,96124.75,6.692174,Ship-Water-Cloud-1.bmp,3920,448
355.15918,13528.766,5.7207526e+08,8.132249,-0.5209961,224.4018,920261.5,6.323386,0.22924808,139.57306,571906.5,6.163646,0.010498049,19.594984,80261.5,6.5263605,Ship-Water-Cloud-1.bmp,4032,448
415.6023,13236.526,7.616995e+08,8.196328,-0.22705078,180.61154,739996.0,5.845209,0.8088378,89.02815,367339.0,6.1306043,-0.00048827752,15.143555,62028.0,5.968028,Ship-Water-Cloud-1.bmp,4144,448
418.68774,8599.119,7.5324845e+08,8.234827,-0.09350586,65.00127,266281.0,6.2963657,0.4694823,40.542522,166965.0,6.310063,0.027099611,7.157468,29320.0,6.521598,Ship-Water-Cloud-1.bmp,4256,448
278.6698,17973.768,3.9170304e+08,7.9718637,0.30847168,596.9573,2.4455268e+06,6.593999,0.61193836,366.83105,1.5040738e+06,6.3331804,0.011352542,66.52325,272479.75,6.4024515,Ship-Water-Cloud-1.bmp,4368,448
195.73022,11966.198,2.0593262e+08,7.834045,0.53759766,867.35846,3.553884e+06,6.8643208,0.33691412,602.60693,2.468743e+06,6.701903,-0.023681648,83.33758,341353.0,6.76235,Ship-Water-Cloud-1.bmp,4480,448
200.42065,11868.024,2.1314136e+08,7.8487597,-1.1452637,872.6732,3.579842e+06,6.8942223,-0.368164,582.3098,2.385696e+06,6.785553,0.059570316,86.75743,355373.0,6.760288,Ship-Water-Cloud-1.bmp,4592,448
208.51587,11442.525,2.2495802e+08,7.900239,0.7145996,812.3362,3.3294205e+06,6.9313283,-0.24780267,589.59106,2.4152165e+06,6.727196,0.026123049,79.64276,326219.5,6.863162,Ship-Water-Cloud-1.bmp,4704,448
182.3966,9010.53,1.73175e+08,7.8783813,0.14001465,1064.9497,4.362114e+06,6.971199,0.3746338,404.72763,1.6583392e+06,6.861021,0.018432625,80.47116,329611.25,6.943407,Ship-Water-Cloud-1.bmp,4816,448
200.09766,9389.827,2.0246077e+08,7.9262033,1.3103027,879.8657,3.6109625e+06,6.9473953,-0.010253947,509.25903,2.0859255e+06,6.826754,-0.016845718,85.096756,348557.5,6.884477,Ship-Water-Cloud-1.bmp,4928,448
200.91272,8639.219,2.0072506e+08,7.9463453,1.0355225,752.2526,3.0856188e+06,6.8696404,0.0054932237,562.77014,2.3051068e+06,6.7656803,-0.014770504,90.87985,372244.75,6.79786,Ship-Water-Cloud-1.bmp,5040,448
197.06836,8138.941,1.924091e+08,7.944851,-0.3317871,794.70105,3.2555465e+06,6.756978,-0.118652396,501.20258,2.0529835e+06,6.7386165,-0.064208984,83.88834,343623.5,6.9449325,Ship-Water-Cloud-1.bmp,5152,448
187.74817,7100.2334,1.73464e+08,7.9691067,-0.13952637,637.9281,2.6130332e+06,6.78781,-0.03137213,522.06494,2.1383822e+06,6.959163,-0.041137695,89.23982,365533.25,6.8865643,Ship-Water-Cloud-1.bmp,5264,448
195.26294,8033.0957,1.8907427e+08,7.9686375,0.1508789,759.69934,3.1118215e+06,6.977646,0.0136718005,599.09656,2.4539005e+06,6.9204917,-0.02172852,110.4374,452353.5,6.9546366,Ship-Water-Cloud-1.bmp,5376,448
202.37524,9052.962,2.0483565e+08,7.9703655,-0.37060547,666.8246,2.731876e+06,6.968439,0.2756349,574.48706,2.35341e+06,6.9575224,-0.037597675,104.7005,428859.0,6.9011745,Ship-Water-Cloud-1.bmp,5488,448
209.73071,9520.525,2.191667e+08,7.9692793,-0.23730469,830.84106,3.4033555e+06,6.9325542,0.24804688,724.5875,2.9681625e+06,6.9511366,-0.030517558,100.92864,413407.5,6.9608145,Ship-Water-Cloud-1.bmp,5600,448
176.09802,7145.383,1.5628656e+08,7.908881,0.26013184,423.94836,1.7367698e+06,6.964548,0.10095212,463.5469,1.8987298e+06,6.909811,0.054077145,69.7602,285749.75,7.11446,Ship-Water-Cloud-1.bmp,5712,448
178.43811,5177.133,1.5162283e+08,8.034217,-0.13024902,500.52863,2.0502348e+06,7.094636,-0.29431164,521.66504,2.1370948e+06,7.0478888,-0.03503417,95.51263,391224.75,7.076996,Ship-Water-Cloud-1.bmp,5824,448
207.77393,8984.908,2.1362653e+08,7.9734516,-0.1706543,755.3371,3.09398e+06,7.104363,0.64672846,698.53217,2.862901e+06,7.0539627,-0.016113278,142.9902,585689.0,7.1283655,Ship-Water-Cloud-1.bmp,5936,448
192.99036,7204.4717,1.8206618e+08,7.981691,-0.41296387,730.84784,2.9942512e+06,7.0731773,0.020385697,505.81555,2.0718222e+06,7.0532036,-0.041625973,129.9053,532099.25,7.0445147,Ship-Water-Cloud-1.bmp,6048,448
193.19946,7831.4067,1.8496486e+08,7.9711733,-0.3635254,590.0351,2.417325e+06,6.98878,0.064453036,515.28516,2.110625e+06,6.946701,0.02441407,120.01112,491568.0,6.973751,Ship-Water-Cloud-1.bmp,6160,448
158.13708,5307.822,1.241709e+08,7.9684253,-0.050659172,404.41718,1.6565032e+06,7.008643,0.20275876,329.41302,1.3494442e+06,6.9404526,0.010620136,84.24214,345056.25,6.9528494,Ship-Water-Cloud-1.bmp,6272,448
104.126465,12906.019,9.72732e+07,7.1079125,0.37304688,155.39258,637058.0,6.471102,0.6027833,173.10687,710534.0,6.3789225,-0.015380858,42.453377,173890.0,6.5027685,Ship-Water-Cloud-1.bmp,6384,448
34.03601,884.2835,8.367036e+06,6.8590107,0.072387695,6.8820286,28210.25,5.4014573,0.20056152,11.836058,48645.25,4.4720926,-0.0091552725,2.1222916,8693.25,6.4595227,Ship-Water-Cloud-1.bmp,6496,448
35.96692,113.85736,5.765024e+06,8.138039,-0.026000977,1.8912303,7749.25,7.1386805,-0.061889663,2.0621486,8462.25,7.1079826,-0.008422852,1.1003318,4507.25,7.121991,Ship-Water-Cloud-1.bmp,6608,448
81.31604,3831.1145,4.2776216e+07,7.535458,-0.19372559,7.4808426,30795.25,6.8274474,-0.34362793,6.4361806,26846.25,6.9153852,-0.030151367,1.6319644,6688.25,7.4168935,Ship-Water-Cloud-1.bmp,6720,448
59.028687,1271.8256,1.9481442e+07,7.6299195,0.17834473,24.523308,100577.75,5.674537,-0.19641113,21.479183,88136.75,5.6689963,-0.00036621187,5.063171,20738.75,5.8619757,Ship-Water-Cloud-1.bmp,6832,448
198.51917,24242.004,2.6071803e+08,7.623376,0.24743654,782.18933,3.2040982e+06,6.5479846,0.9349365,827.82764,3.3943622e+06,6.5578375,-0.023315417,129.2461,529394.25,6.5786,Ship-Water-Cloud-1.bmp,0,560
204.88647,17669.828,2.4431942e+08,7.7637906,-0.6809082,744.2615,3.050394e+06,6.786566,0.16455072,571.57544,2.341284e+06,6.623913,0.045410175,115.59071,473468.0,6.6684217,Ship-Water-Cloud-1.bmp,112,560
180.30164,12966.322,1.862656e+08,7.7845097,-0.14758301,647.6266,2.6527678e+06,6.8214793,-0.16589352,526.1372,2.1551708e+06,6.758899,0.018676765,98.383865,402981.75,6.778652,Ship-Water-Cloud-1.bmp,224,560
151.84326,11852.412,1.429864e+08,7.614801,0.2331543,475.56894,1.948153e+06,6.8107514,0.20141605,417.31732,1.709498e+06,6.8473363,0.038574215,75.071014,307497.0,6.8320513,Ship-Water-Cloud-1.bmp,336,560
159.67029,16718.924,1.729066e+08,7.4553785,0.4527588,564.30133,2.3122178e+06,6.73442,0.30310053,407.72717,1.6704268e+06,6.6400094,-0.0653076,81.63997,334414.75,6.663414,Ship-Water-Cloud-1.bmp,448,560
127.984375,5848.883,9.10495e+07,7.8053102,-0.08081055,481.13043,1.970737e+06,6.9293804,0.059326172,321.2167,1.315718e+06,7.036148,0.024414057,85.243546,349160.0,6.602624,Ship-Water-Cloud-1.bmp,560,560
172.70972,14051.194,1.7973182e+08,7.6946545,0.11352538,884.36975,3.6224315e+06,6.8495092,0.047851607,657.3465,2.6925005e+06,6.773408,-0.00048829056,152.28821,623772.5,6.5577,Ship-Water-Cloud-1.bmp,672,560
191.56909,16090.645,2.1622522e+08,7.7216516,0.0026855394,784.3174,3.212564e+06,6.836676,0.12133798,703.09564,2.87994e+06,6.9193125,0.0051269475,113.55759,465132.0,6.857895,Ship-Water-Cloud-1.bmp,784,560
195.3617,11146.777,2.0198592e+08,7.879167,0.27453613,903.9908,3.7030548e+06,6.8391147,-0.30041516,772.3447,3.1638938e+06,6.9130845,0.021606447,132.8132,544004.75,6.930552,Ship-Water-Cloud-1.bmp,896,560
192.92517,11073.463,1.9781053e+08,7.87929,0.09655763,796.8141,3.2637888e+06,7.049828,-0.099731535,802.5425,3.2872548e+06,7.0172257,-0.0006103441,116.63226,477725.75,7.092523,Ship-Water-Cloud-1.bmp,1008,560
175.33276,11782.833,1.7417998e+08,7.7728357,0.3083496,796.3196,3.2621145e+06,6.8857946,-0.26733404,642.05927,2.6301675e+06,6.931513,0.0666504,106.83624,437619.5,6.9819193,Ship-Water-Cloud-1.bmp,1120,560
163.22717,11819.489,1.5754282e+08,7.7105412,-0.13537598,642.78424,2.6329192e+06,6.728877,-0.1671143,709.0964,2.9045732e+06,6.626095,-0.02380373,103.62889,424466.25,6.7391562,Ship-Water-Cloud-1.bmp,1232,560
185.87036,15755.43,2.0604198e+08,7.694135,0.38208008,681.6881,2.7927925e+06,6.7648926,0.45288092,669.0199,2.7411455e+06,6.6327133,-0.03051758,101.336105,415076.5,6.678035,Ship-Water-Cloud-1.bmp,1344,560
195.52563,18178.1,2.310487e+08,7.6928363,0.9108887,892.5248,3.65918e+06,6.6642094,-0.27978507,789.3822,3.23363e+06,6.6026063,-0.033691406,123.693695,506654.0,6.658789,Ship-Water-Cloud-1.bmp,1456,560
223.02405,14573.564,2.6342723e+08,7.9097342,0.62805176,759.8849,3.1141042e+06,6.877514,-0.055786014,478.30408,1.9591462e+06,6.76842,0.018432612,105.92917,433887.25,6.778307,Ship-Water-Cloud-1.bmp,1568,560
170.96753,9872.485,1.6016336e+08,7.8354363,0.37817383,548.29297,2.246394e+06,7.045867,-0.29760736,474.2569,1.942919e+06,6.9494867,-0.040771488,88.36064,361932.0,7.0842495,Ship-Water-Cloud-1.bmp,1680,560
162.99512,9755.016,1.4877666e+08,7.804718,-0.03564453,555.5324,2.275466e+06,6.5226936,-0.20288089,463.63,1.899197e+06,6.595939,-0.06274413,85.11398,348643.0,6.574547,Ship-Water-Cloud-1.bmp,1792,560
192.39783,12660.705,2.0347957e+08,7.8256116,-0.20788574,851.30914,3.4871392e+06,6.6588864,-0.015258789,678.16516,2.7777652e+06,6.763199,0.056274418,109.9212,450250.25,6.778676,Ship-Water-Cloud-1.bmp,1904,560
181.92041,11908.322,1.8433376e+08,7.7984753,0.4597168,821.2295,3.3646215e+06,6.7599955,-0.014160126,718.4708,2.9428575e+06,6.869069,0.06713867,131.71216,539511.5,6.832507,Ship-Water-Cloud-1.bmp,2016,560
191.94324,11419.004,1.9767792e+08,7.8565392,0.39294434,773.71246,3.1697588e+06,6.8911405,-0.72302234,802.03845,3.2872908e+06,6.88068,-0.06286621,127.54872,522455.75,6.929827,Ship-Water-Cloud-1.bmp,2128,560
197.16211,13275.511,2.1359987e+08,7.815417,-0.06982422,752.66504,3.082936e+06,6.9487395,0.31250003,731.1636,2.995246e+06,6.950505,0.012695329,118.34554,484744.0,6.9875746,Ship-Water-Cloud-1.bmp,2240,560
182.92737,12105.848,1.8664763e+08,7.8029075,-0.26306152,820.35144,3.3604432e+06,6.8700595,-0.3458253,647.996,2.6546812e+06,6.9151034,-0.020629864,116.500854,477189.25,6.9516473,Ship-Water-Cloud-1.bmp,2352,560
209.8435,13298.787,2.348363e+08,7.880801,0.33911133,799.02124,3.273262e+06,6.7877703,0.049072266,797.483,3.2665e+06,6.980274,-0.04370118,116.48614,477135.0,6.8687954,Ship-Water-Cloud-1.bmp,2464,560
214.21814,10210.888,2.2978682e+08,7.9672527,0.32287598,735.47363,3.0129268e+06,6.994152,-0.08508296,674.9336,2.7645578e+06,6.9687266,0.028930662,110.09822,450965.75,6.995213,Ship-Water-Cloud-1.bmp,2576,560
203.96033,10603.778,2.1382592e+08,7.931221,0.53308105,717.2253,2.9389188e+06,6.910101,-0.453247,679.3043,2.7832718e+06,6.9189477,0.010131838,108.80722,445674.75,6.989667,Ship-Water-Cloud-1.bmp,2688,560
184.28345,11766.738,1.8729832e+08,7.80249,-0.11987305,666.573,2.730342e+06,6.8225784,-0.5170897,606.1379,2.483836e+06,6.8148704,0.1147461,115.732445,474094.0,6.76655,Ship-Water-Cloud-1.bmp,2800,560
196.078,10704.975,2.0132477e+08,7.8906794,0.026489258,555.19104,2.2740652e+06,6.8912163,-0.09655767,495.02148,2.0276462e+06,6.8828397,-0.014282233,91.00548,372759.25,6.9483438,Ship-Water-Cloud-1.bmp,2912,560
203.84705,7623.8027,2.0143072e+08,8.021438,0.1685791,500.03375,2.0482548e+06,7.0655975,0.12707527,453.90692,1.8592688e+06,7.049135,0.01013184,126.56454,518408.75,6.8460245,Ship-Water-Cloud-1.bmp,3024,560
179.78943,5671.999,1.5563259e+08,8.003523,0.33825684,407.37573,1.6690798e+06,6.973815,0.19787607,261.6368,1.0718248e+06,6.995347,0.057250977,64.45735,264030.75,6.969896,Ship-Water-Cloud-1.bmp,3136,560
140.74939,2463.428,9.123356e+07,8.122722,0.047241203,244.94095,1.00328725e+06,7.1992025,-0.107788116,165.43643,677675.25,7.192795,0.033813473,48.93715,200451.25,7.1824074,Ship-Water-Cloud-1.bmp,3248,560
170.11743,8507.614,1.5338518e+08,7.848009,-0.5407715,622.5574,2.551193e+06,6.917012,0.18408202,500.0562,2.048369e+06,6.7580495,0.036132816,82.94205,339736.0,6.9397097,Ship-Water-Cloud-1.bmp,3360,560
166.65906,6436.4883,1.4013123e+08,7.9422097,0.029174805,509.20367,2.0857018e+06,7.1521463,-0.019897409,439.44583,1.7999718e+06,6.970697,-0.013549803,82.224365,336791.75,7.027924,Ship-Water-Cloud-1.bmp,3472,560
171.5039,8654.495,1.5592688e+08,7.848719,-0.26757812,677.97266,2.777269e+06,6.978572,0.22192384,602.7679,2.469139e+06,6.818084,0.068115234,99.80835,408834.0,6.8754177,Ship-Water-Cloud-1.bmp,3584,560
208.32788,7387.7236,2.0802859e+08,8.029696,-0.2253418,480.9952,1.9703645e+06,6.8931704,-0.31835935,413.6471,1.6947135e+06,6.879447,-0.059082054,55.574753,227648.5,6.881405,Ship-Water-Cloud-1.bmp,3696,560
287.7339,7158.367,3.6843174e+08,8.1649685,-0.6538086,246.20642,1.0102125e+06,6.609199,-0.040771574,156.79388,642234.5,6.704377,-0.025146471,25.148903,103012.5,6.7412987,Ship-Water-Cloud-1.bmp,3808,560
361.71802,7979.167,5.68603e+08,8.2141485,0.5061035,196.71823,806807.0,6.330519,-0.1865235,157.68347,646014.0,6.004734,0.0122070275,20.928808,85725.0,6.1974335,Ship-Water-Cloud-1.bmp,3920,560
213.23584,8797.33,2.2227704e+08,7.985264,-0.24804688,666.8236,2.7315615e+06,6.822449,-0.43139648,371.25882,1.5214385e+06,6.763054,-0.044677746,60.761795,248888.5,6.935213,Ship-Water-Cloud-1.bmp,4032,560
214.42639,8224.577,2.2201654e+08,8.0078535,0.24450684,748.36035,3.0655288e+06,7.048271,-0.2977295,414.71918,1.6990528e+06,6.8298826,-0.015747074,70.82879,290115.75,6.932883,Ship-Water-Cloud-1.bmp,4144,560
246.85864,11137.795,2.9522733e+08,8.019796,0.35009766,637.4916,2.6116675e+06,6.855647,0.07495116,412.6432,1.6902095e+06,6.3614254,-0.024414059,62.724625,256922.5,6.66364,Ship-Water-Cloud-1.bmp,4256,560
192.55127,10288.424,1.9400464e+08,7.86756,0.93481445,741.0969,3.0391125e+06,6.978874,0.38745108,554.2191,2.2706965e+06,6.660983,0.03906251,84.09356,344453.5,6.763733,Ship-Water-Cloud-1.bmp,4368,560
163.06421,9768.762,1.4892522e+08,7.773649,0.39160156,552.2621,2.2626935e+06,6.8239555,0.3518066,445.8141,1.8265615e+06,6.817251,-0.03564453,64.36652,263650.5,6.8153863,Ship-Water-Cloud-1.bmp,4480,560
181.34473,10489.951,1.7766752e+08,7.847439,-0.16772461,703.5524,2.881866e+06,6.681321,0.5576172,492.64044,2.019129e+06,6.886277,-0.04907228,72.813995,298256.0,6.6911983,Ship-Water-Cloud-1.bmp,4592,560
208.52014,11340.958,2.245493e+08,7.9125695,-0.56188965,810.7759,3.3222312e+06,6.8294544,0.55627453,657.6381,2.6949532e+06,6.8592253,0.025024433,81.84953,335258.25,6.8820963,Ship-Water-Cloud-1.bmp,4704,560
181.32373,8365.112,1.68933e+08,7.9077086,-0.014404297,675.6912,2.767632e+06,6.806244,-0.44238284,444.35214,1.820868e+06,6.9443398,-0.0036620945,66.24022,271320.0,6.859247,Ship-Water-Cloud-1.bmp,4816,560
206.41138,10802.834,2.1876117e+08,7.913561,0.6010742,807.8828,3.310568e+06,6.638233,0.43798816,626.02185,2.564971e+06,6.7358694,-0.057373047,87.26843,357465.0,6.695957,Ship-Water-Cloud-1.bmp,4928,560
183.53662,6974.081,1.6654243e+08,7.970024,0.17871094,597.8985,2.449123e+06,6.977873,-0.10839844,455.27756,1.864865e+06,6.979166,-0.053222645,67.865326,277988.0,6.9658985,Ship-Water-Cloud-1.bmp,5040,560
191.46509,7618.349,1.8135952e+08,7.967088,0.37841797,831.2821,3.405518e+06,6.9359884,0.19213864,512.4816,2.099276e+06,6.913846,-0.067871094,95.466095,391048.0,6.921753,Ship-Water-Cloud-1.bmp,5152,560
180.60986,6727.1265,1.611655e+08,7.9743614,-0.011718748,634.7011,2.5997365e+06,7.024282,-0.2441406,473.68124,1.9404425e+06,6.934489,-0.037109368,84.89133,347720.5,6.9519467,Ship-Water-Cloud-1.bmp,5264,560
185.45312,7949.367,1.7343376e+08,7.9400268,0.30737305,774.9979,3.1747785e+06,6.9965973,0.0024413615,616.4127,2.5248265e+06,6.893317,-0.081787094,113.467316,464789.5,7.011054,Ship-Water-Cloud-1.bmp,5376,560
171.8291,8425.516,1.5544629e+08,7.8788767,-0.23876953,582.3163,2.385401e+06,6.9721766,-0.31835938,584.8699,2.396042e+06,6.9285774,-0.060546875,101.816895,417057.0,6.7475758,Ship-Water-Cloud-1.bmp,5488,560
179.14734,7574.3955,1.624808e+08,7.936368,-0.32434082,664.7122,2.7230922e+06,6.913392,-0.40075684,524.9359,2.1507952e+06,6.8979635,-0.03503416,86.67974,355045.25,6.9042177,Ship-Water-Cloud-1.bmp,5600,560
195.71594,7266.388,1.866593e+08,8.001059,0.26257324,580.19775,2.3767722e+06,7.087998,-0.24743666,637.60266,2.6118712e+06,6.942706,0.0018310566,110.10895,451006.25,7.0296025,Ship-Water-Cloud-1.bmp,5712,560
178.59192,6351.6836,1.5665872e+08,7.9854183,-0.005737312,538.10205,2.2040662e+06,7.009154,0.061889715,475.25427,1.9466572e+06,6.9548025,0.07556153,100.76462,412755.25,6.9227858,Ship-Water-Cloud-1.bmp,5824,560
189.60071,7235.7725,1.768825e+08,7.9772224,-0.16320801,626.435,2.5659868e+06,7.1226587,0.019653365,555.522,2.2754198e+06,7.065984,0.02868651,130.30551,533734.75,7.0263615,Ship-Water-Cloud-1.bmp,5936,560
179.21448,7275.496,1.6135506e+08,7.946505,-0.21838379,676.0853,2.7694408e+06,7.0874662,0.18029788,564.2604,2.3113438e+06,7.0823545,-0.011352544,130.43903,534278.75,6.9741764,Ship-Water-Cloud-1.bmp,6048,560
159.39893,5886.205,1.2818114e+08,7.948822,-0.23266602,386.07135,1.58157e+06,7.0904756,0.1079101,336.6895,1.379128e+06,7.0423145,0.027099602,83.37866,341522.0,6.95153,Ship-Water-Cloud-1.bmp,6160,560
73.53174,4104.1587,3.8957364e+07,7.4245815,0.34985352,107.29984,440001.5,6.2785106,0.32958984,90.34926,370515.5,6.3225045,0.084228516,24.896101,102003.5,6.442711,Ship-Water-Cloud-1.bmp,6272,560
69.51074,12464.798,7.084663e+07,6.2653265,-0.011474609,152.50818,624674.0,5.147253,0.06762698,289.43073,1.185527e+06,4.964056,-0.034179688,60.52252,247905.0,5.1185555,Ship-Water-Cloud-1.bmp,6384,560
59.332764,6565.6084,4.131219e+07,6.2152143,0.19970703,99.34,407060.0,4.6787014,-0.10961914,152.11078,623095.0,4.568714,-0.020507812,33.698307,138030.0,4.708544,Ship-Water-Cloud-1.bmp,6496,560
41.82202,57.459045,7.39959e+06,8.245077,-0.07299805,1.7583432,7224.0,7.361774,0.002441397,1.7739198,7266.0,7.339457,-0.0019531252,0.95702744,3920.0,7.4229817,Ship-Water-Cloud-1.bmp,6608,560
79.9292,2386.0466,3.5941264e+07,7.732998,-0.25805664,41.357113,169671.5,5.854306,0.32495126,30.6853,126119.5,5.980037,-0.044921875,7.2673907,29775.5,6.111599,Ship-Water-Cloud-1.bmp,6720,560
130.7583,4925.8555,9.0208616e+07,7.87116,-0.28930664,168.43463,690251.0,7.0216656,-0.09082022,146.66779,600785.0,7.0324287,-0.01782227,32.44255,132886.0,7.08338,Ship-Water-Cloud-1.bmp,6832,560
178.16003,13161.06,1.8391882e+08,7.779631,0.053588867,464.42322,1.9022892e+06,6.6775904,-0.27771002,638.03107,2.6136912e+06,6.464833,0.027954107,80.45119,329531.25,6.7494164,Ship-Water-Cloud-1.bmp,0,672
171.51611,14490.524,1.798484e+08,7.6882606,0.3852539,536.2073,2.196913e+06,6.81508,-0.33984372,482.23117,1.975692e+06,6.706929,-0.016601562,93.10153,381345.0,6.8083634,Ship-Water-Cloud-1.bmp,112,672
155.12659,12044.787,1.4790266e+08,7.619857,0.677124,550.37213,2.2562022e+06,6.860524,-0.05871582,409.4622,1.6771712e+06,6.874869,0.08117676,92.221985,377768.25,6.859807,Ship-Water-Cloud-1.bmp,224,672
129.32788,6121.1226,9.3580584e+07,7.7863874,0.29956055,456.92957,1.871951e+06,7.0377874,0.26489252,416.37418,1.705756e+06,6.988555,0.02661132,74.947296,306987.0,7.057601,Ship-Water-Cloud-1.bmp,336,672
141.6073,9600.208,1.2145802e+08,7.634397,0.12658691,485.87738,1.9902192e+06,6.8427086,0.23645017,374.3585,1.5336012e+06,6.96238,-0.00939942,74.073456,303405.25,6.8411493,Ship-Water-Cloud-1.bmp,448,672
134.57898,4884.491,9.419158e+07,7.9337287,-0.04284668,494.70575,2.0263222e+06,7.2144065,-0.25061035,420.4187,1.7222922e+06,7.190814,0.059692383,79.732086,326597.25,7.1622972,Ship-Water-Cloud-1.bmp,560,672
187.64954,15187.559,2.0643802e+08,7.741665,-0.2388916,754.72864,3.0916022e+06,6.870579,0.3231201,559.17914,2.2908252e+06,6.8712687,-0.012084948,109.90958,450190.25,6.876899,Ship-Water-Cloud-1.bmp,672,672
173.7782,17777.113,1.965096e+08,7.6001773,-0.06042479,800.62726,3.2793842e+06,6.5890284,0.6043701,716.4392,2.9360312e+06,6.7053833,-0.036987312,108.16495,443049.25,6.8148584,Ship-Water-Cloud-1.bmp,784,672
191.4364,11720.753,1.9811798e+08,7.84835,0.74694824,833.05615,3.4144832e+06,6.9868774,0.08508307,779.05994,3.1910592e+06,6.9381323,0.0177002,116.48047,477105.25,7.0517406,Ship-Water-Cloud-1.bmp,896,672
167.43652,10478.76,1.577523e+08,7.7960014,0.10498047,755.4061,3.0941885e+06,6.9591446,-0.16479488,627.02234,2.5683945e+06,6.9381595,0.0056152334,108.348236,443794.5,6.9880915,Ship-Water-Cloud-1.bmp,1008,672
192.73352,12449.065,2.0314226e+08,7.837138,-0.2635498,819.9176,3.3586668e+06,6.974516,0.23571783,689.1692,2.8230648e+06,6.9430923,0.004272463,130.20818,533332.75,6.9712977,Ship-Water-Cloud-1.bmp,1120,672
203.70715,12440.301,2.2092557e+08,7.875512,0.7371826,764.92816,3.1353718e+06,6.9480953,0.550659,821.1862,3.3648208e+06,6.8327136,-0.003784189,128.53752,526489.75,6.8869667,Ship-Water-Cloud-1.bmp,1232,672
201.19873,13484.723,2.2104333e+08,7.836001,0.8173828,840.2069,3.444224e+06,6.8115687,-0.67407215,753.6482,3.088804e+06,6.8936014,-0.02905273,125.86438,515544.0,6.796327,Ship-Water-Cloud-1.bmp,1344,672
177.69263,13715.303,1.8550774e+08,7.7234364,0.30810547,662.96625,2.7158985e+06,6.825376,0.20239261,666.75385,2.7311915e+06,6.8138676,-0.007812506,101.98174,417717.5,6.831956,Ship-Water-Cloud-1.bmp,1456,672
228.66663,12821.358,2.6668966e+08,7.9647694,0.04553221,765.2549,3.1344928e+06,6.6723013,0.3245851,548.7988,2.2483118e+06,6.6853514,-0.055297848,113.54717,465101.75,6.761842,Ship-Water-Cloud-1.bmp,1568,672
175.05713,10703.882,1.6936501e+08,7.8361073,0.16064455,488.05353,1.999173e+06,6.8567343,0.06396496,424.2459,1.737728e+06,6.7774906,-0.026367195,73.357704,300476.0,6.9627028,Ship-Water-Cloud-1.bmp,1680,672
165.47644,13491.869,1.6742122e+08,7.6893315,-0.084106445,458.55524,1.8782712e+06,6.381815,-0.15417479,404.7314,1.6578772e+06,6.374748,0.01281739,66.179825,271073.25,6.5160074,Ship-Water-Cloud-1.bmp,1792,672
175.65613,12184.264,1.7628912e+08,7.78506,-0.049682617,405.1059,1.6593238e+06,6.4349637,-0.20251456,334.74017,1.3712638e+06,6.524824,-0.061157227,53.775494,220279.75,6.5584335,Ship-Water-Cloud-1.bmp,1904,672
184.77771,12165.931,1.8968056e+08,7.8002925,-0.15515135,546.59015,2.2389318e+06,6.7997866,-0.36218262,599.0055,2.4540638e+06,6.73886,-0.0015869234,103.290955,423079.75,6.6492763,Ship-Water-Cloud-1.bmp,2016,672
194.16418,10700.705,1.9824818e+08,7.881626,0.22229002,677.18634,2.7739578e+06,7.0036097,-0.5733642,752.96265,3.0854818e+06,7.0084095,0.039428703,124.806,511211.75,6.9821377,Ship-Water-Cloud-1.bmp,2128,672
186.84192,11140.605,1.8862288e+08,7.8293853,0.21130371,753.0311,3.0845982e+06,6.9038525,0.015014708,799.7496,3.2757752e+06,6.9870462,0.0069580097,126.952156,519996.25,7.0440354,Ship-Water-Cloud-1.bmp,2240,672
190.91577,10791.908,1.9349806e+08,7.8674326,-0.22558594,763.88745,3.1290915e+06,6.962938,-0.34277344,893.6197,3.6607475e+06,6.9746466,-0.022705063,138.03647,565399.5,6.8753905,Ship-Water-Cloud-1.bmp,2352,672
188.54639,9826.107,1.8585947e+08,7.887973,-0.13110355,739.5812,3.029395e+06,6.990075,-0.18408212,903.3172,3.700126e+06,6.9961166,-0.016845707,137.16794,561841.0,6.993278,Ship-Water-Cloud-1.bmp,2464,672
209.04956,9596.346,2.1830886e+08,7.9654512,-0.27368164,697.3432,2.8566245e+06,6.9215803,0.20483406,822.2274,3.3680155e+06,6.897559,-0.09497069,130.62196,535064.5,6.942671,Ship-Water-Cloud-1.bmp,2576,672
209.0747,12403.174,2.298487e+08,7.8950596,-0.1381836,734.42017,3.008263e+06,6.7806234,0.5991212,898.9389,3.683524e+06,6.86008,-0.116699226,117.516914,481405.0,6.958761,Ship-Water-Cloud-1.bmp,2688,672
213.31458,11207.617,2.3228714e+08,7.9311123,-0.11340332,848.4252,3.4752022e+06,6.942912,-0.19250497,903.22986,3.6997812e+06,6.8914375,0.047973633,145.18843,594701.25,6.943371,Ship-Water-Cloud-1.bmp,2800,672
202.10498,7924.0537,1.9976387e+08,8.000919,-0.23706055,577.1747,2.3643375e+06,7.17047,0.5034181,585.3705,2.3987155e+06,6.9568944,0.048583973,122.98629,503761.5,6.9456644,Ship-Water-Cloud-1.bmp,2912,672
173.14453,5043.2686,1.4345133e+08,8.035154,-0.19384766,515.53235,2.1117745e+06,7.159606,0.15039068,425.2309,1.7418385e+06,7.101626,0.06542968,96.09546,393624.5,7.092907,Ship-Water-Cloud-1.bmp,3024,672
167.91626,6051.181,1.4027592e+08,7.949224,-0.25341797,534.8511,2.191013e+06,7.111265,0.263672,387.4639,1.587337e+06,7.038642,-0.053466804,94.041084,385204.0,6.9705253,Ship-Water-Cloud-1.bmp,3136,672
160.75867,4027.2524,1.2234998e+08,8.038877,0.21765137,328.2083,1.3445352e+06,7.0255218,-0.061401382,199.93892,818965.25,6.985519,0.08898925,50.0959,205225.25,7.0590453,Ship-Water-Cloud-1.bmp,3248,672
198.57019,9162.339,1.9903472e+08,7.942569,-0.025512695,665.10986,2.7242928e+06,6.932347,0.2860107,591.9311,2.4248848e+06,6.9534616,0.045776352,113.23613,463823.75,6.840343,Ship-Water-Cloud-1.bmp,3360,672
277.1704,15013.246,3.7616304e+08,8.011307,-0.8569336,674.65906,2.7664115e+06,6.8017206,0.079833984,793.8832,3.2517715e+06,6.87263,0.040771477,119.10051,487842.5,6.8369656,Ship-Water-Cloud-1.bmp,3472,672
215.71313,12006.792,2.3977554e+08,7.911855,-0.36376953,841.7768,3.4484595e+06,6.9437737,-0.2915039,704.28406,2.8850955e+06,6.7861505,0.03540039,124.491295,509921.5,6.8237934,Ship-Water-Cloud-1.bmp,3584,672
200.16858,8400.934,1.9852653e+08,7.9730034,-0.48718262,681.34924,2.7917788e+06,6.8903403,0.20983887,519.51276,2.1281048e+06,6.8642783,-0.038208015,76.238716,312279.75,6.9176636,Ship-Water-Cloud-1.bmp,3696,672
235.2898,8350.226,2.6096237e+08,8.057092,0.15356447,707.3021,2.897206e+06,7.0042925,0.55566406,408.5628,1.674738e+06,6.805252,-0.030761719,71.84525,294282.0,6.8898916,Ship-Water-Cloud-1.bmp,3808,672
253.02588,12714.571,3.1431338e+08,8.01185,0.25683594,610.59454,2.5012655e+06,6.512452,1.1762697,347.1031,1.4274015e+06,6.5839634,0.05371094,50.524094,206958.5,6.658874,Ship-Water-Cloud-1.bmp,3920,672
190.45251,9900.287,1.8912234e+08,7.879968,-0.52648926,881.1807,3.6104518e+06,6.8783445,0.32775882,505.8769,2.0725118e+06,6.718679,0.0015868992,74.03119,303231.75,6.866706,Ship-Water-Cloud-1.bmp,4032,672
217.55371,11888.088,2.4255571e+08,7.922296,0.44873047,1006.67725,4.124175e+06,6.854895,0.37109378,560.56494,2.296638e+06,6.802045,0.020019516,89.1622,365210.0,6.8020196,Ship-Water-Cloud-1.bmp,4144,672
196.51233,12349.525,2.087593e+08,7.838752,0.067993164,774.20135,3.1711478e+06,6.877412,0.4454345,491.11258,2.0124098e+06,6.7235026,-0.06823732,78.53581,321701.75,6.9069185,Ship-Water-Cloud-1.bmp,4256,672
203.54297,11693.42,2.1759248e+08,7.876875,0.576416,1010.8696,4.141883e+06,6.805792,0.1694336,582.7174,2.386928e+06,6.694948,-0.015869137,91.14476,373330.0,6.7510486,Ship-Water-Cloud-1.bmp,4368,672
195.1355,10564.283,1.9923824e+08,7.8747816,-0.015869133,838.3722,3.4339735e+06,6.8781095,-0.40820315,563.9009,2.3104205e+06,6.8395834,0.05126954,92.53265,379024.5,6.848727,Ship-Water-Cloud-1.bmp,4480,672
181.94739,7710.1,1.6717805e+08,7.947184,0.27600098,637.59406,2.6118972e+06,6.7896786,-0.26037586,531.7352,2.1782652e+06,6.95049,0.02868653,76.80612,314601.25,6.951559,Ship-Water-Cloud-1.bmp,4592,672
195.5592,9551.783,1.9576907e+08,7.9287457,-0.5015869,842.99384,3.4539332e+06,6.95432,0.20837408,630.78406,2.5838692e+06,6.8187966,0.027465822,96.612595,395728.25,6.8631496,Ship-Water-Cloud-1.bmp,4704,672
202.29272,9427.026,2.0623104e+08,7.9424653,-0.22875977,830.89417,3.403557e+06,6.8407125,-0.32153323,539.0497,2.208371e+06,6.9267173,-0.043212883,89.867035,368103.0,6.7480335,Ship-Water-Cloud-1.bmp,4816,672
158.66174,9227.823,1.4090802e+08,7.7399335,-0.41394043,513.04956,2.1021528e+06,6.443688,0.13391115,363.7525,1.4900038e+06,6.648026,0.01867677,49.521317,202840.75,6.6030703,Ship-Water-Cloud-1.bmp,4928,672
182.20715,9652.699,1.7552238e+08,7.871855,-0.45251465,532.6522,2.1825822e+06,6.8123293,0.41735846,586.3256,2.4023032e+06,6.8246126,0.00036622584,71.82501,294195.25,6.6408396,Ship-Water-Cloud-1.bmp,5040,672
187.87805,8361.588,1.7883034e+08,7.9215765,0.0826416,606.5421,2.4844248e+06,6.891426,-0.07287598,513.4929,2.1032888e+06,6.9246845,-0.013793959,88.00952,360487.75,6.800314,Ship-Water-Cloud-1.bmp,5152,672
200.23584,8727.906,1.9997613e+08,7.9630537,-0.04663083,729.71326,2.9889145e+06,6.972431,-0.16284181,500.5149,2.0502175e+06,6.826124,0.027832033,81.57454,334132.5,6.9463778,Ship-Water-Cloud-1.bmp,5264,672
188.33801,8354.513,1.7951014e+08,7.9472494,0.025756836,655.6334,2.6854772e+06,6.9210844,-0.32263178,519.77563,2.1294272e+06,6.863205,-0.0054931715,95.65506,391803.25,7.070364,Ship-Water-Cloud-1.bmp,5376,672
201.83093,9131.09,2.0425448e+08,7.9536257,0.11340334,695.5133,2.8488752e+06,7.0564384,0.10803223,627.98254,2.5722642e+06,7.023242,-0.06506348,102.318344,419113.25,7.1117897,Ship-Water-Cloud-1.bmp,5488,672
195.59888,8416.025,1.9118058e+08,7.9432545,0.11987305,616.86597,2.526742e+06,6.929126,0.17236331,588.8848,2.412194e+06,6.932272,-0.009277333,96.86246,396749.0,6.9513273,Ship-Water-Cloud-1.bmp,5600,672
215.94336,8931.696,2.2758699e+08,7.9925394,0.3564453,778.8777,3.1908035e+06,7.1233015,0.06640622,774.1788,3.1710545e+06,6.9301805,0.0009765662,153.19617,627491.5,6.9991474,Ship-Water-Cloud-1.bmp,5712,672
202.44263,7393.755,1.9815126e+08,8.008647,0.30981445,611.2418,2.5040395e+06,7.099867,-0.34863296,558.7096,2.2889725e+06,7.0742297,-0.04101563,131.2106,537445.5,7.0110507,Ship-Water-Cloud-1.bmp,5824,672
185.62073,5824.422,1.6498474e+08,8.028125,-0.2454834,549.1642,2.2496232e+06,7.0847735,0.05432129,519.41656,2.1275422e+06,7.073197,0.055297848,118.12176,483839.25,7.042718,Ship-Water-Cloud-1.bmp,5936,672
153.25964,8743.291,1.3202149e+08,7.808559,0.16760254,401.80865,1.6459232e+06,6.971029,0.38439953,437.39502,1.7921752e+06,6.9309835,-0.0006103553,92.931946,380649.25,6.848413,Ship-Water-Cloud-1.bmp,6048,672
69.332275,3673.081,3.4734264e+07,7.282919,0.1508789,64.36212,263720.5,5.8361855,0.27807614,71.6186,293666.5,6.027216,-0.038574222,16.168554,66232.5,5.94099,Ship-Water-Cloud-1.bmp,6160,672
47.47351,198.11765,1.0042785e+07,8.160878,0.027709961,1.9424083,7959.25,7.245777,-0.09216309,2.2491355,9247.25,6.999559,-0.01159668,1.2321043,5047.25,7.282696,Ship-Water-Cloud-1.bmp,6272,672
44.009766,337.58072,9.316107e+06,7.838067,0.051757812,16.275396,66675.0,3.9871962,0.2680664,44.016277,180585.0,3.3874402,-0.017089844,5.191846,21267.0,4.8477883,Ship-Water-Cloud-1.bmp,6384,672
43.972412,38.132782,8.076107e+06,8.268698,0.043945312,5.4834204,22468.0,3.4852018,-0.007080065,3.4904282,14297.0,5.3406773,-0.025878906,2.0759897,8506.0,5.6364536,Ship-Water-Cloud-1.bmp,6496,672
56.84265,2799.0562,2.4699464e+07,6.994977,-0.22570801,55.592674,227916.25,5.7396355,-0.32092285,66.331635,272116.25,5.6811466,-0.029907228,14.219625,58247.25,5.6826606,Ship-Water-Cloud-1.bmp,6608,672
112.841675,5080.3154,7.296434e+07,7.7238703,-0.2664795,173.49594,710930.25,6.7367907,-0.14880374,166.36122,681506.25,6.686775,-0.05627442,38.86872,159219.25,6.822356,Ship-Water-Cloud-1.bmp,6720,672
130.09802,2562.9038,7.982448e+07,8.016289,0.12097168,97.55708,399653.75,6.8211756,0.23913574,97.263794,398626.75,6.5984087,0.010620121,22.623606,92666.75,6.9579782,Ship-Water-Cloud-1.bmp,6832,672
183.1134,10907.549,1.8201832e+08,7.850457,-0.21203613,400.3244,1.6399128e+06,6.5969305,0.16711432,310.1212,1.2703708e+06,6.46478,-0.09387207,51.595127,211369.75,6.846522,Ship-Water-Cloud-1.bmp,0,784
167.7583,15005.109,1.7673403e+08,7.6387577,-0.022216797,583.0604,2.3882175e+06,6.68587,0.44628912,501.80264,2.0561995e+06,6.5407634,-0.038330078,87.5697,358691.5,6.706993,Ship-Water-Cloud-1.bmp,112,784
203.13452,16046.709,2.3474317e+08,7.7728543,0.24194336,727.8432,2.9814855e+06,6.7908015,0.2089844,565.68225,2.3172135e+06,6.6497765,0.026367191,115.30045,472273.5,6.738351,Ship-Water-Cloud-1.bmp,224,784
200.51514,14913.738,2.2577174e+08,7.8041906,0.103759766,918.1301,3.760705e+06,6.5706224,-0.10913089,719.6519,2.947743e+06,6.6110563,0.095703125,122.78553,502967.0,6.66138,Ship-Water-Cloud-1.bmp,336,784
154.05603,10210.107,1.3903203e+08,7.700615,0.98327637,878.2401,3.6012318e+06,6.7063217,0.10192859,489.66583,2.0057138e+06,6.805653,-0.027954109,97.07704,397630.75,6.8596616,Ship-Water-Cloud-1.bmp,448,784
128.02466,3309.1313,8.068893e+07,8.023513,0.10620117,459.71432,1.883036e+06,7.19351,0.1162109,329.27878,1.348781e+06,7.151327,0.008789077,72.962814,298856.0,7.131415,Ship-Water-Cloud-1.bmp,560,784
156.53284,11353.718,1.468672e+08,7.6669645,-0.62438965,743.3114,3.0462002e+06,6.828863,0.05139166,430.30844,1.7625542e+06,6.8287325,0.0440674,91.05158,372955.25,6.939732,Ship-Water-Cloud-1.bmp,672,784
189.42542,18600.926,2.2316202e+08,7.6446953,0.1307373,1063.2532,4.355155e+06,6.633074,-0.3848877,486.2052,1.9921032e+06,6.760479,-0.009643547,96.19992,394035.25,6.7706985,Ship-Water-Cloud-1.bmp,784,784
178.68713,13638.811,1.8664613e+08,7.7341814,-0.19616699,752.60016,3.0828078e+06,6.8941884,0.41955584,732.6992,3.0018568e+06,6.7746353,0.042602554,104.93611,429825.75,6.9435425,Ship-Water-Cloud-1.bmp,896,784
190.03162,14438.641,2.0705549e+08,7.77018,0.28967285,908.0106,3.7195552e+06,6.8294163,-0.009399295,743.8715,3.0468982e+06,6.85528,-0.061889663,128.03482,524446.25,6.8793926,Ship-Water-Cloud-1.bmp,1008,784
199.448,16531.328,2.3064917e+08,7.748146,0.08129883,819.6417,3.3572795e+06,6.8340836,0.008544922,656.06573,2.6872455e+06,6.865697,-0.03930664,121.43998,497424.5,6.910888,Ship-Water-Cloud-1.bmp,1120,784
198.68262,18481.992,2.3739094e+08,7.7116766,-0.609375,805.37286,3.3003285e+06,6.7272053,0.4980468,766.9652,3.1425055e+06,6.629109,0.07373046,123.75127,506907.5,6.729165,Ship-Water-Cloud-1.bmp,1232,784
200.10889,15740.994,2.2849357e+08,7.7624583,0.890625,809.10077,3.317326e+06,6.781927,0.067871094,713.573,2.922814e+06,6.8562193,0.039550774,123.22377,504731.0,6.799535,Ship-Water-Cloud-1.bmp,1344,784
192.0365,12390.504,2.0180387e+08,7.8331656,0.7845459,798.6389,3.2737462e+06,6.867886,0.37902826,705.8518,2.8917572e+06,6.9210157,-0.045288093,123.32809,505160.25,6.9292517,Ship-Water-Cloud-1.bmp,1456,784
186.9347,13191.027,1.9716346e+08,7.800088,-0.04699707,713.16187,2.9211198e+06,6.5971518,0.4239502,663.73724,2.7194038e+06,6.579975,-0.097290054,105.26465,431202.75,6.6947756,Ship-Water-Cloud-1.bmp,1568,784
229.64001,15551.957,2.7970147e+08,7.899929,0.3902588,615.43494,2.5214452e+06,6.5564847,-0.34924322,514.06537,2.1061112e+06,6.4663944,-0.08190921,93.59686,383400.25,6.533185,Ship-Water-Cloud-1.bmp,1680,784
203.67212,13498.229,2.2520038e+08,7.8694887,0.3112793,605.94214,2.482336e+06,6.5602813,-0.20800775,689.9813,2.826341e+06,6.625164,0.055175774,101.56018,416003.0,6.663817,Ship-Water-Cloud-1.bmp,1792,784
164.8274,11077.993,1.5665587e+08,7.7451153,0.11328125,518.6741,2.1245415e+06,6.4971533,-0.33642575,421.3088,1.7261445e+06,6.5645175,0.027099628,78.3927,321099.5,6.549022,Ship-Water-Cloud-1.bmp,1904,784
260.2279,8762.934,3.1326822e+08,8.104589,-0.31237793,383.09277,1.5695478e+06,6.717535,0.18322743,318.9439,1.3065318e+06,6.682557,-0.033325203,64.56352,264456.75,6.560005,Ship-Water-Cloud-1.bmp,2016,784
257.20544,10689.292,3.1475277e+08,8.059438,-0.083618164,464.36978,1.9020872e+06,6.7615356,0.22131348,478.06952,1.9583732e+06,6.724402,0.058227543,77.297455,316624.25,6.6772823,Ship-Water-Cloud-1.bmp,2128,784
187.672,12154.5,1.9404915e+08,7.816716,0.083862305,657.4219,2.6928288e+06,6.8623066,0.21716306,656.1566,2.6878108e+06,6.8672953,0.0489502,104.114,426460.75,6.8579855,Ship-Water-Cloud-1.bmp,2240,784
210.94824,13837.072,2.3894522e+08,7.8545923,0.2487793,742.9429,3.0433475e+06,6.8976564,-0.05468774,727.2645,2.9788875e+06,6.8914185,-0.022216799,123.763054,506935.5,6.8190866,Ship-Water-Cloud-1.bmp,2352,784
180.02576,9876.63,1.7320304e+08,7.8631525,0.3026123,598.1038,2.4502082e+06,7.0365925,-0.26892087,672.656,2.7554952e+06,6.8511786,-0.035522465,102.560074,420091.25,6.9572973,Ship-Water-Cloud-1.bmp,2464,784
214.98279,9685.734,2.2898006e+08,7.976692,-0.14538573,775.50494,3.1765548e+06,7.0782285,0.029663056,1015.5637,4.1597528e+06,7.0130205,-0.05749511,156.4444,640809.75,7.065115,Ship-Water-Cloud-1.bmp,2576,784
195.30896,10586.968,1.9960856e+08,7.8873267,0.5093994,720.4525,2.9520362e+06,6.97758,-0.09899907,860.46216,3.5244932e+06,6.932768,-0.0040283184,137.98491,565186.25,6.94339,Ship-Water-Cloud-1.bmp,2688,784
157.85962,9670.77,1.416824e+08,7.74813,0.15771484,679.7709,2.7844435e+06,6.8161936,0.68725586,585.3301,2.3994465e+06,6.7881207,0.06542969,87.445786,358195.5,6.8978486,Ship-Water-Cloud-1.bmp,2800,784
152.95996,10670.708,1.3954032e+08,7.6855736,0.23217773,507.46487,2.078797e+06,6.8466578,0.29809564,487.47928,1.997079e+06,6.773781,0.021972664,80.51344,329785.0,6.972117,Ship-Water-Cloud-1.bmp,2912,784
170.31982,8520.702,1.5372102e+08,7.84554,0.20825195,584.3655,2.3937385e+06,7.1068354,0.27807617,570.46747,2.3369515e+06,6.862389,0.08398439,100.170074,410325.5,6.9281793,Ship-Water-Cloud-1.bmp,3024,784
172.69629,7923.617,1.5461427e+08,7.8826165,0.04199221,647.756,2.6532155e+06,7.112371,0.045410275,534.13965,2.1878445e+06,6.896182,0.009277333,109.13382,447012.5,6.8947463,Ship-Water-Cloud-1.bmp,3136,784
156.71423,6987.3413,1.2921525e+08,7.886838,-0.026733398,474.2901,1.9426952e+06,7.1315784,-0.3453369,350.1557,1.4347262e+06,7.103235,0.046508804,79.73178,326590.25,7.025133,Ship-Water-Cloud-1.bmp,3248,784
182.16504,8366.911,1.7019296e+08,7.9139514,0.2915039,649.3628,2.660138e+06,6.906011,0.19946292,467.5879,1.915403e+06,6.9104357,-0.081787124,113.70986,465783.0,6.81594,Ship-Water-Cloud-1.bmp,3360,784
212.57458,14413.236,2.4412646e+08,7.84231,-0.5321045,799.14465,3.2744562e+06,6.752195,0.565796,529.2532,2.1691322e+06,6.816207,0.031860348,121.15237,496244.25,6.6506443,Ship-Water-Cloud-1.bmp,3472,784
199.28699,10078.96,2.0395731e+08,7.8935246,0.028442383,986.52673,4.0408168e+06,6.779746,0.38098142,504.14996,2.0655928e+06,6.7480702,0.06530762,85.76033,351291.75,6.9010787,Ship-Water-Cloud-1.bmp,3584,784
203.71704,10974.398,2.1493773e+08,7.894465,0.6921387,897.8268,3.6794605e+06,6.9301157,0.7033692,680.31885,2.7886125e+06,6.9281735,-0.006103525,86.94198,356114.5,6.9209275,Ship-Water-Cloud-1.bmp,3696,784
190.09094,9584.432,1.8726502e+08,7.886842,-0.69226074,702.26154,2.8784262e+06,6.947495,-0.1190186,497.5069,2.0378462e+06,6.974003,0.046020508,79.2372,324564.25,6.979143,Ship-Water-Cloud-1.bmp,3808,784
198.64246,10300.436,2.0381392e+08,7.8946843,0.20983887,742.5824,3.0417978e+06,6.862591,-0.005004853,505.43713,2.0702708e+06,6.8114166,-0.031860344,75.28701,308379.75,6.83163,Ship-Water-Cloud-1.bmp,3920,784
184.72168,8490.447,1.74541e+08,7.8979263,0.43798828,723.99115,2.9662535e+06,6.8642755,-0.2644043,384.08963,1.5735175e+06,6.902505,-0.032958984,68.15187,279154.5,6.786761,Ship-Water-Cloud-1.bmp,4032,784
173.86462,10824.803,1.68156e+08,7.782683,0.91760254,674.6985,2.7670138e+06,6.691501,-0.008911148,403.44174,1.6524978e+06,6.6963277,0.017700205,64.94421,266012.75,6.6288147,Ship-Water-Cloud-1.bmp,4144,784
148.07532,10690.122,1.3359686e+08,7.634418,-0.6414795,529.19086,2.1692512e+06,6.6333656,-0.20959474,376.18292,1.5410252e+06,6.61104,0.008666994,60.01415,245818.25,6.5555367,Ship-Water-Cloud-1.bmp,4256,784
205.14185,11518.189,2.195512e+08,7.872079,-0.9729004,866.7333,3.5540165e+06,6.816515,-0.052978426,554.1232,2.2697005e+06,6.8798246,-0.010498047,90.95973,372571.5,6.810187,Ship-Water-Cloud-1.bmp,4368,784
188.46594,11643.464,1.9317914e+08,7.792184,-0.53723145,695.18555,2.8486622e+06,6.932829,-0.5814209,547.0819,2.2422322e+06,6.715759,-0.051879883,89.98151,368575.25,6.934181,Ship-Water-Cloud-1.bmp,4480,784
197.22107,8434.189,1.9386507e+08,7.955657,-0.75671387,840.3755,3.4445238e+06,6.8242264,-0.35559082,538.6047,2.2066428e+06,6.8632383,-0.04626466,81.73193,334782.75,6.886409,Ship-Water-Cloud-1.bmp,4592,784
185.2041,9444.896,1.7918139e+08,7.8775606,0.0034179762,834.31055,3.417336e+06,6.9594107,0.07104498,492.36972,2.016767e+06,6.8769965,-0.10571289,86.33746,353684.0,6.944771,Ship-Water-Cloud-1.bmp,4704,784
202.36218,11253.287,2.1382651e+08,7.8731866,0.38342285,880.39087,3.6066832e+06,6.9806395,-0.030395478,584.9984,2.3961572e+06,6.896575,-0.051147472,106.87586,437774.25,6.8180494,Ship-Water-Cloud-1.bmp,4816,784
183.04028,11588.424,1.8469754e+08,7.7808876,0.22607422,664.8259,2.7233365e+06,6.6706343,-0.19409168,477.36212,1.9554295e+06,6.901391,0.012207044,76.62302,313848.5,6.744777,Ship-Water-Cloud-1.bmp,4928,784
177.10474,7317.3086,1.584472e+08,7.9239187,-0.32739258,487.7776,1.998376e+06,6.7503915,-0.68969727,394.52603,1.617927e+06,6.78806,0.01831055,64.92349,265928.0,6.7707686,Ship-Water-Cloud-1.bmp,5040,784
196.29993,6173.4272,1.8312024e+08,8.039513,0.047729492,410.91125,1.6831018e+06,6.9628577,-0.47228992,338.41626,1.3870668e+06,6.9469433,-0.052612305,58.4896,239584.75,6.9778805,Ship-Water-Cloud-1.bmp,5152,784
192.26025,7728.924,1.8306224e+08,7.960672,-0.26220703,672.9291,2.756599e+06,6.913086,-0.52563465,590.555,2.420045e+06,6.830448,0.051513676,86.708534,355169.0,6.9951696,Ship-Water-Cloud-1.bmp,5264,784
197.02881,6736.5425,1.8660104e+08,8.008011,-0.16040039,706.1024,2.892301e+06,6.9110394,0.3886719,646.326,2.64797e+06,6.9288054,0.005126968,104.4426,427797.0,7.0481772,Ship-Water-Cloud-1.bmp,5376,784
208.06787,8222.68,2.1100512e+08,7.9901586,0.022949234,684.72144,2.804621e+06,7.004801,-0.25146496,561.45386,2.299974e+06,7.1044216,-0.010742181,107.14563,438869.0,7.0354495,Ship-Water-Cloud-1.bmp,5488,784
191.75867,6812.835,1.7852098e+08,7.9954786,-0.09680176,577.84344,2.3668852e+06,6.963935,0.19738768,491.7753,2.0144712e+06,7.045868,0.07629395,109.24205,447479.25,6.9708843,Ship-Water-Cloud-1.bmp,5600,784
199.32556,6967.4106,1.912754e+08,8.0171795,-0.1734619,555.12756,2.2739258e+06,7.0082293,0.007934488,469.25406,1.9220648e+06,7.0045557,0.06066894,94.184,385792.75,6.97239,Ship-Water-Cloud-1.bmp,5712,784
185.20044,6465.998,1.6697427e+08,7.9923615,0.3293457,403.33014,1.6524845e+06,6.935893,-0.09399432,381.83307,1.5640245e+06,6.8464766,0.03198242,96.670235,395965.5,6.859623,Ship-Water-Cloud-1.bmp,5824,784
111.59216,7433.453,8.1454136e+07,7.6227655,0.36901855,163.27942,669350.25,6.5678625,0.619751,187.27637,768657.25,6.571452,-0.015014648,46.242508,189410.25,6.230051,Ship-Water-Cloud-1.bmp,5936,784
45.853516,1830.9768,1.6111705e+07,6.977995,0.15283203,32.983356,135195.5,5.1420536,0.2094727,42.105415,172643.5,5.1027884,-0.018066406,8.18461,33525.5,5.358465,Ship-Water-Cloud-1.bmp,6048,784
49.36682,252.98587,1.1018522e+07,8.068093,0.0059814453,24.31887,99610.25,3.879226,0.014526367,17.077974,69952.25,5.0833178,0.0130615225,7.1839724,29426.25,5.2810097,Ship-Water-Cloud-1.bmp,6160,784
51.7782,631.9912,1.3569937e+07,7.699212,0.016723638,17.923365,73415.25,4.983502,0.023803722,26.327864,107841.25,4.861652,0.009887696,12.153039,49779.25,4.7807865,Ship-Water-Cloud-1.bmp,6272,784
47.997192,506.195,1.1509454e+07,7.723236,-0.072387695,11.325022,46408.75,4.7625647,-0.11682132,9.9179325,40679.75,4.827387,-0.0008544903,3.079528,12613.75,5.930128,Ship-Water-Cloud-1.bmp,6384,784
98.26929,8220.495,7.322562e+07,7.3179183,-0.25268555,80.457634,329816.0,6.127912,-0.5317383,98.977264,406569.0,6.2203374,0.0063476576,18.335653,75103.0,6.3910336,Ship-Water-Cloud-1.bmp,6496,784
118.40259,4463.22,7.570389e+07,7.769186,0.22045898,106.01085,434419.5,6.411816,-0.00610359,106.21567,435059.5,6.515318,-0.018310549,22.930695,93925.5,6.7297897,Ship-Water-Cloud-1.bmp,6608,784
97.13403,277.7456,3.978349e+07,8.255258,-0.06518555,28.806908,118010.5,7.139151,0.16772464,22.852606,93719.5,7.007207,-0.031005861,8.840469,36214.5,7.315598,Ship-Water-Cloud-1.bmp,6720,784
108.27234,569.9458,5.0351496e+07,8.226535,-0.12023926,45.98475,188412.75,7.15841,0.11608891,34.297012,140535.75,7.195717,0.00036620628,12.447937,50986.75,7.2414007,Ship-Water-Cloud-1.bmp,6832,784
172.703,10151.288,1.637483e+08,7.7988014,0.63879395,397.6037,1.6302562e+06,6.6252537,-0.06555172,394.06558,1.6141102e+06,6.341054,-0.022827141,58.052765,237786.25,6.643338,Ship-Water-Cloud-1.bmp,0,896
133.1178,8499.815,1.07397784e+08,7.6561027,-0.0855713,451.78653,1.8505478e+06,6.650867,0.15490726,516.38855,2.1152258e+06,6.3686657,0.06921385,78.70632,322400.75,6.7331853,Ship-Water-Cloud-1.bmp,112,896
159.19495,10095.875,1.4515776e+08,7.750754,-0.51501465,457.5351,1.8751502e+06,7.0314865,0.19982916,377.09024,1.5447252e+06,6.8035603,0.09094238,77.19418,316221.25,6.773962,Ship-Water-Cloud-1.bmp,224,896
225.73291,11034.432,2.5391011e+08,8.011454,-0.52075195,969.76904,3.9732845e+06,6.195963,-0.13378893,502.44925,2.0581055e+06,6.6062775,0.043212898,113.035126,462999.5,6.196232,Ship-Water-Cloud-1.bmp,336,896
239.68933,12737.788,2.874932e+08,7.9922457,0.4683838,660.0509,2.7044672e+06,6.2116714,-0.5501708,379.60776,1.5561132e+06,6.5941186,-0.1348877,88.56878,362852.25,6.1589713,Ship-Water-Cloud-1.bmp,448,896
164.70264,8759.142,1.4698947e+08,7.844998,-0.3857422,421.69263,1.7278625e+06,6.931534,-0.21093753,478.44348,1.9598865e+06,6.9629087,-0.08642578,77.42453,317161.5,6.772319,Ship-Water-Cloud-1.bmp,560,896
169.69934,13116.76,1.716823e+08,7.679476,-0.25280762,528.4889,2.1649522e+06,6.922492,0.06896976,542.0839,2.2203952e+06,7.0453076,-0.089233406,82.83365,339319.25,6.968087,Ship-Water-Cloud-1.bmp,672,896
179.34424,14905.335,1.9279746e+08,7.6918902,-0.35791016,735.54877,3.0133325e+06,6.718856,0.16772453,661.61847,2.7101045e+06,6.864415,-0.050048817,99.03961,405676.5,6.8284254,Ship-Water-Cloud-1.bmp,784,896
176.50061,13019.021,1.8092642e+08,7.7521424,0.20227051,795.77936,3.2596798e+06,6.7945147,0.1983643,745.50867,3.0537648e+06,6.7470913,-0.09753418,114.70526,469871.75,6.7776995,Ship-Water-Cloud-1.bmp,896,896
163.56775,14801.923,1.7021474e+08,7.630003,0.1998291,969.21497,3.9700678e+06,6.6203604,0.14367664,757.0223,3.1008478e+06,6.702378,-0.019165047,134.51495,550974.75,6.672488,Ship-Water-Cloud-1.bmp,1008,896
187.57568,12083.584,1.9361064e+08,7.83772,0.37426758,747.1667,3.0609685e+06,6.8926916,0.28808597,749.29016,3.0694325e+06,6.9087763,0.07836913,125.04403,512205.5,6.9082565,Ship-Water-Cloud-1.bmp,1120,896
188.67871,14887.183,2.0679411e+08,7.749732,-0.15795898,806.9873,3.305522e+06,6.725803,0.17675775,737.42554,3.020623e+06,6.73717,0.054931633,127.68326,523003.0,6.7335305,Ship-Water-Cloud-1.bmp,1232,896
177.3916,12400.176,1.7968314e+08,7.7760916,-0.27661133,749.8436,3.071673e+06,6.7225165,-0.09326175,713.8258,2.923866e+06,6.7340603,-0.03588869,119.90985,491156.0,6.775607,Ship-Water-Cloud-1.bmp,1344,896
187.33484,12014.324,1.9295709e+08,7.8205767,-0.33874512,688.7518,2.8215972e+06,6.825775,0.4031983,673.1126,2.7577352e+06,6.89357,-0.10046387,109.37449,448039.25,6.9195714,Ship-Water-Cloud-1.bmp,1456,896
190.95471,10918.711,1.9407835e+08,7.880965,0.0013427734,750.5834,3.0743892e+06,6.8758535,0.06164553,737.25385,3.0198072e+06,6.9359703,-0.061645508,124.22917,508858.25,6.916444,Ship-Water-Cloud-1.bmp,1568,896
186.14966,13226.537,1.9610925e+08,7.7759438,0.27026367,697.777,2.8583935e+06,6.771177,0.19702154,612.25867,2.5079705e+06,6.843829,-0.052978516,117.25829,480301.5,6.7224407,Ship-Water-Cloud-1.bmp,1680,896
177.40906,13502.895,1.8422525e+08,7.727481,-0.5604248,687.7251,2.8182088e+06,6.6970673,-0.3695069,583.02966,2.3886488e+06,6.7585135,-0.057250984,110.18074,451313.75,6.681584,Ship-Water-Cloud-1.bmp,1792,896
183.52295,10709.864,1.8182365e+08,7.8540416,0.25463867,725.96216,2.9738065e+06,6.782466,-0.26245123,616.4715,2.5253495e+06,6.8225,0.04394531,111.944,458530.5,6.907927,Ship-Water-Cloud-1.bmp,1904,896
205.604,11416.615,2.1991269e+08,7.915292,0.21679688,365.95398,1.49914e+06,6.576785,0.24755847,349.1582,1.430403e+06,6.59177,-0.048339836,57.12169,233980.0,6.6548777,Ship-Water-Cloud-1.bmp,2016,896
153.92432,10280.385,1.3915374e+08,7.7081685,0.76049805,265.1554,1.0884455e+06,6.50178,0.34277362,310.2735,1.2713615e+06,6.358754,0.06713867,46.180916,189175.5,6.332739,Ship-Water-Cloud-1.bmp,2128,896
155.44507,11252.759,1.4506365e+08,7.6703997,-0.75341797,497.41724,2.039746e+06,6.738529,0.13720712,628.4162,2.57407e+06,6.751279,0.08081055,87.650215,359042.0,6.755711,Ship-Water-Cloud-1.bmp,2240,896
211.98059,11025.617,2.2921786e+08,7.9388475,0.43395996,672.9593,2.7572128e+06,6.9454165,-0.32995605,727.54126,2.9804548e+06,6.952362,0.017944334,108.2921,443565.75,6.9215355,Ship-Water-Cloud-1.bmp,2352,896
190.17493,11306.602,1.9444982e+08,7.8631387,0.11193848,734.79626,3.0097768e+06,6.901733,-0.5233153,683.3672,2.8001938e+06,6.9832187,-0.005249016,105.888336,433718.75,7.014237,Ship-Water-Cloud-1.bmp,2464,896
209.61353,14740.113,2.4034486e+08,7.850932,-0.0021972656,790.3069,3.237097e+06,6.783635,-0.19165045,764.9071,3.13321e+06,6.9044094,-0.06372071,125.37412,513549.0,6.939888,Ship-Water-Cloud-1.bmp,2576,896
149.38208,8566.859,1.2649212e+08,7.750911,0.36523438,475.65445,1.948827e+06,6.819528,0.105957,449.31177,1.840427e+06,6.748867,0.008544901,77.16179,316055.0,6.66537,Ship-Water-Cloud-1.bmp,2688,896
120.14453,11085.035,1.0452887e+08,7.345412,0.12963867,278.13638,1.1393155e+06,6.4528255,-0.4282225,269.14026,1.1031495e+06,6.3281326,-0.0036621066,42.24547,173037.5,6.3931417,Ship-Water-Cloud-1.bmp,2800,896
135.9851,6910.634,1.0404898e+08,7.792887,-0.28710938,117.897064,483244.0,6.806593,-0.68286127,104.68311,430692.0,6.8348227,-0.0493164,21.126965,86546.0,6.799596,Ship-Water-Cloud-1.bmp,2912,896
188.20312,5424.579,1.673011e+08,8.055569,-0.40112305,379.9391,1.5568895e+06,6.975566,0.30053717,360.28876,1.4761125e+06,6.605582,0.018066404,65.43803,268035.5,6.8383627,Ship-Water-Cloud-1.bmp,3024,896
181.38306,6029.4844,1.594544e+08,8.003,-0.09008789,388.44806,1.5911165e+06,7.0405774,-0.32617188,291.8935,1.1960315e+06,6.894388,0.062988274,70.415344,288437.5,6.8349485,Ship-Water-Cloud-1.bmp,3136,896
186.36133,10450.966,1.8506347e+08,7.8835144,0.051513664,392.2559,1.606691e+06,6.646434,-0.22412094,381.64777,1.563435e+06,6.734691,-0.029541008,61.238876,250838.0,6.5838223,Ship-Water-Cloud-1.bmp,3248,896
174.8872,9893.362,1.6580157e+08,7.8335743,0.11791992,416.5105,1.706084e+06,6.892345,-0.14135742,375.65192,1.538752e+06,6.872074,-0.08105469,77.02762,315532.0,6.7971654,Ship-Water-Cloud-1.bmp,3360,896
170.57117,5677.006,1.4242418e+08,7.992883,-0.26306152,415.22064,1.7010272e+06,6.9331937,0.17565913,349.86862,1.4331882e+06,6.9077845,0.0006103404,77.641174,318018.25,6.7240076,Ship-Water-Cloud-1.bmp,3472,896
174.64636,7556.0586,1.5588317e+08,7.9080315,-0.056274436,629.7209,2.5793498e+06,6.9120646,0.119018495,494.56512,2.0257968e+06,6.8725967,0.06921386,67.43899,276249.75,6.9405084,Ship-Water-Cloud-1.bmp,3584,896
189.10388,10303.857,1.886787e+08,7.86908,0.59680176,912.272,3.7381248e+06,6.976555,-0.1712646,634.1185,2.5974698e+06,6.8386235,-0.025512686,86.79933,355532.75,6.920911,Ship-Water-Cloud-1.bmp,3696,896
163.47522,10610.534,1.5292285e+08,7.7172065,0.6781006,786.74457,3.2243892e+06,6.8074107,-0.062133826,408.57748,1.6735492e+06,6.8156343,-0.021850578,78.65242,322162.25,6.79963,Ship-Water-Cloud-1.bmp,3808,896
153.94324,8979.139,1.338477e+08,7.738514,-0.21398926,566.76495,2.3216568e+06,6.8047395,0.7034912,399.70132,1.6392038e+06,6.723172,-0.051391605,66.64061,272970.75,6.642003,Ship-Water-Cloud-1.bmp,3920,896
177.36938,7331.258,1.5888858e+08,7.9316826,-0.453125,701.97046,2.876112e+06,6.8939333,-0.30737305,455.84912,1.867545e+06,6.7287197,0.0034179604,72.28441,296077.0,6.839093,Ship-Water-Cloud-1.bmp,4032,896
191.30737,9642.247,1.8940214e+08,7.891057,-0.18969727,591.74646,2.423941e+06,6.7584047,0.037353575,441.15143,1.806962e+06,6.6674523,0.0051269615,63.95334,261953.0,6.6367035,Ship-Water-Cloud-1.bmp,4144,896
208.33997,7872.656,2.100355e+08,8.006124,0.33044434,743.85474,3.0472762e+06,7.035286,-0.55383307,509.33078,2.0874752e+06,6.9991617,-0.019897463,80.95328,331586.25,6.9313354,Ship-Water-Cloud-1.bmp,4256,896
266.12085,10069.822,3.3132595e+08,8.085812,0.19726562,372.17828,1.5246015e+06,6.7461915,-0.78857434,249.42198,1.0241795e+06,6.5774965,-0.016357422,38.084084,155993.5,6.7042522,Ship-Water-Cloud-1.bmp,4368,896
193.568,6905.9453,1.8175802e+08,8.001513,0.4215088,625.2726,2.5618442e+06,7.092536,-0.75231946,392.51074,1.6100422e+06,7.0217986,-0.07116698,81.71154,334711.25,6.9457474,Ship-Water-Cloud-1.bmp,4480,896
202.3551,9799.764,2.0786115e+08,7.924011,-0.4005127,769.73175,3.1534782e+06,6.979242,-0.933716,579.303,2.3763962e+06,6.811761,0.13049316,87.417114,358130.25,6.766082,Ship-Water-Cloud-1.bmp,4592,896
192.51196,9063.568,1.8892563e+08,7.920207,-0.19824219,822.21844,3.367968e+06,6.919919,-0.26855472,545.6322,2.235205e+06,6.8260694,0.0007324219,94.18921,385799.0,6.764037,Ship-Water-Cloud-1.bmp,4704,896
196.88293,10393.234,2.0134349e+08,7.8914413,-0.5267334,859.21204,3.5204688e+06,6.973739,-0.6002197,621.31226,2.5463708e+06,6.8577385,0.09069826,100.63527,412235.75,6.9165044,Ship-Water-Cloud-1.bmp,4816,896
213.56824,12852.942,2.3946992e+08,7.8713503,0.84729004,1082.9872,4.438856e+06,6.899168,0.59973145,663.88367,2.7207408e+06,6.8976507,-0.06799317,111.67915,457456.75,6.8288918,Ship-Water-Cloud-1.bmp,4928,896
203.30908,10098.268,2.1066896e+08,7.9074936,-0.4638672,758.23413,3.1066085e+06,6.77657,-0.26000974,540.74524,2.2151695e+06,6.7498493,0.10083008,85.97751,352205.5,6.930761,Ship-Water-Cloud-1.bmp,5040,896
258.68494,9063.739,3.112208e+08,8.085971,-0.4136963,451.79034,1.8512342e+06,6.801091,0.48376456,385.9345,1.5817462e+06,6.8123436,0.052612305,68.58274,280926.25,6.7201586,Ship-Water-Cloud-1.bmp,5152,896
215.48413,6897.622,2.184439e+08,8.05152,-0.109374985,631.0528,2.5848415e+06,6.96797,0.1130371,484.49005,1.9845235e+06,6.9096804,0.12353516,105.8916,433794.5,6.8445616,Ship-Water-Cloud-1.bmp,5264,896
194.38379,7668.6177,1.8617824e+08,7.949277,-0.59106445,517.68396,2.1218645e+06,6.8696012,-0.28295892,472.02502,1.9337425e+06,6.791507,0.003417967,90.76988,371793.5,6.869319,Ship-Water-Cloud-1.bmp,5376,896
183.48352,6355.9785,1.6393085e+08,7.9945064,-0.38293457,399.23212,1.6358552e+06,7.0693226,0.037475646,391.98303,1.6055682e+06,7.0287733,-0.038940426,78.61817,322026.25,6.9166136,Ship-Water-Cloud-1.bmp,5488,896
171.30603,9149.217,1.5767541e+08,7.8543644,0.029418945,370.84882,1.5190002e+06,6.9414406,0.2515869,352.76074,1.4451672e+06,6.848146,0.0042724647,85.810104,351478.25,6.80663,Ship-Water-Cloud-1.bmp,5600,896
182.22363,8827.387,1.7216651e+08,7.935728,0.18408203,340.19058,1.3935595e+06,6.588678,0.34082037,265.78485,1.0891305e+06,6.726144,-0.054687507,64.28009,263303.5,6.6330733,Ship-Water-Cloud-1.bmp,5712,896
98.05847,12172.292,8.924264e+07,6.9862785,0.29870605,318.9854,1.3069298e+06,5.7301173,0.027954102,287.56262,1.1778598e+06,5.670921,-0.06774902,72.672356,297684.75,5.826643,Ship-Water-Cloud-1.bmp,5824,896
65.028564,7736.3755,4.9009004e+07,6.3917046,0.30493164,110.120514,451434.5,5.1789036,-0.032958984,177.55983,727289.5,5.0724835,-0.0046386644,32.75376,134159.5,5.1380997,Ship-Water-Cloud-1.bmp,5936,896
44.632446,43.48533,8.3375745e+06,8.2717085,0.041381836,6.1087,25028.25,6.0185804,-0.0006103525,5.5398555,22691.25,6.101013,-0.029174805,2.7045321,11081.25,6.44391,Ship-Water-Cloud-1.bmp,6048,896
44.53247,101.35978,8.538115e+06,8.156491,0.0061035156,16.004845,65556.0,2.7210183,0.08886718,6.1112432,25064.0,3.5060444,-0.015136719,2.1035304,8617.0,5.6245327,Ship-Water-Cloud-1.bmp,6160,896
58.64514,2478.1165,2.4237544e+07,7.224234,-0.14807129,97.17662,398125.25,6.120647,-0.07873537,81.52878,333967.25,6.009075,0.007934568,19.081299,78157.25,6.10948,Ship-Water-Cloud-1.bmp,6272,896
109.97156,7511.7246,8.030399e+07,7.545211,-0.4732666,239.48798,981860.25,6.7632675,-0.2786865,231.50858,948577.25,6.7139797,-0.011108404,50.48944,206805.25,6.740197,Ship-Water-Cloud-1.bmp,6384,896
147.06982,2539.2122,9.899518e+07,8.106501,-0.014892576,169.88588,695853.5,6.9964232,0.15209956,133.24481,545865.5,6.8486295,-0.007812511,30.964172,126829.5,7.0609837,Ship-Water-Cloud-1.bmp,6496,896
104.57202,434.88483,4.6572308e+07,8.237091,0.21289062,30.810024,126383.5,7.416687,-0.11718748,21.798157,89341.5,7.3691936,-0.0070800763,9.8716545,40434.5,7.312483,Ship-Water-Cloud-1.bmp,6608,896
87.3291,1075.6702,3.564357e+07,8.148476,0.26904297,34.08338,139902.0,7.238394,0.115722656,28.435581,116527.0,7.131749,-0.020019531,9.386073,38447.0,7.227876,Ship-Water-Cloud-1.bmp,6720,896
32.27124,1849.3677,1.1840719e+07,7.116971,0.10888672,24.876081,101941.0,6.4597764,0.3942871,23.643854,97482.0,6.295072,-0.008300779,6.5248337,26726.0,6.368855,Ship-Water-Cloud-1.bmp,6832,896
177.80615,13925.915,1.8653571e+08,7.687077,-0.017822266,480.6336,1.9686765e+06,6.681158,0.36474606,492.83655,2.0192035e+06,6.8717155,0.08666993,74.668884,305874.5,6.972606,Ship-Water-Cloud-1.bmp,0,1008
166.96716,12626.896,1.659082e+08,7.6626616,0.1763916,509.5677,2.0873168e+06,6.7253895,-0.36071774,560.43304,2.2960668e+06,6.8915067,-0.020141607,85.728775,351146.75,6.936048,Ship-Water-Cloud-1.bmp,112,1008
180.90637,13779.012,1.9048909e+08,7.7682915,-0.58166504,518.5925,2.1255408e+06,6.7102847,-0.19201659,546.09515,2.2369568e+06,6.78473,-0.03747559,94.07739,385346.75,6.782236,Ship-Water-Cloud-1.bmp,224,1008
224.9972,12794.031,2.5975917e+08,7.96629,-0.032592773,587.4116,2.4060422e+06,6.3169565,0.3685302,513.35767,2.1032692e+06,6.603733,0.029174805,84.565125,346382.25,6.4725256,Ship-Water-Cloud-1.bmp,336,1008
322.82153,23621.734,5.236141e+08,8.000141,-0.09643555,457.9187,1.875673e+06,6.006641,-0.19018543,342.93964,1.404829e+06,6.2432013,-0.0031738337,47.529037,194679.0,6.247061,Ship-Water-Cloud-1.bmp,448,1008
210.82373,18375.535,2.5731965e+08,7.784607,-0.1430664,903.09644,3.699167e+06,6.680165,-0.35498056,759.3999,3.111018e+06,6.667287,-0.0058593825,123.28609,504980.0,6.682825,Ship-Water-Cloud-1.bmp,560,1008
174.56421,11127.574,1.7039458e+08,7.7765303,0.657959,581.69684,2.3844035e+06,6.675805,-0.08251949,438.3554,1.7955315e+06,6.8129196,-0.042968757,91.46776,374659.5,6.71779,Ship-Water-Cloud-1.bmp,672,1008
169.91858,13236.363,1.7247718e+08,7.6960135,0.040893547,576.86346,2.3628398e+06,6.787184,0.31384277,538.86017,2.2075748e+06,6.818226,0.019165048,99.41974,407224.75,6.61852,Ship-Water-Cloud-1.bmp,784,1008
180.06006,15993.718,1.9830925e+08,7.7099085,0.072021484,880.8952,3.608168e+06,6.6541176,0.1728515,857.91516,3.514143e+06,6.6493616,-0.0026855413,140.32933,574789.0,6.6126595,Ship-Water-Cloud-1.bmp,896,1008
171.20544,11959.754,1.6904626e+08,7.7441783,0.19348145,909.8831,3.7270348e+06,6.6853495,0.07141124,672.4568,2.7544038e+06,6.8014927,0.07946777,134.68893,551711.75,6.824479,Ship-Water-Cloud-1.bmp,1008,1008
180.77917,11599.792,1.813746e+08,7.825487,-0.30383304,729.5967,2.9888062e+06,6.947752,0.04992667,924.18604,3.7854762e+06,6.841942,0.08996581,130.07571,532823.25,6.909855,Ship-Water-Cloud-1.bmp,1120,1008
185.44385,12100.434,1.9042245e+08,7.8175874,0.17602539,765.11206,3.134026e+06,6.9703646,0.40747067,790.2969,3.237736e+06,6.8856096,0.07373047,133.91693,548546.0,6.879694,Ship-Water-Cloud-1.bmp,1232,1008
173.14551,13894.641,1.7970794e+08,7.685389,-0.10327147,672.16595,2.7532355e+06,6.731324,-0.1352539,714.85974,2.9281405e+06,6.6376677,-0.08666992,110.8747,454173.5,6.7334566,Ship-Water-Cloud-1.bmp,1344,1008
203.90381,11930.65,2.1916637e+08,7.8708563,0.27416992,620.9475,2.543709e+06,6.835555,-0.05859363,678.69073,2.779931e+06,6.8245373,-0.046142586,102.781075,421000.0,6.9142284,Ship-Water-Cloud-1.bmp,1456,1008
182.40015,7591.532,1.6736806e+08,7.94995,0.26757812,497.2486,2.0370235e+06,6.9403963,-0.49389648,519.7648,2.1299555e+06,7.0354395,-0.060058586,92.36346,378335.5,6.9310536,Ship-Water-Cloud-1.bmp,1568,1008
235.09521,16149.893,2.925349e+08,7.8786993,0.058593757,799.3929,3.274327e+06,6.782891,0.03784181,810.79663,3.321029e+06,6.796906,-0.11254883,133.75418,547909.0,6.84791,Ship-Water-Cloud-1.bmp,1680,1008
160.61902,10041.336,1.4679984e+08,7.743778,0.29919434,593.6804,2.4320818e+06,6.7955036,0.076293856,525.6135,2.1529368e+06,6.7994957,-0.026733406,105.12984,430614.75,6.847457,Ship-Water-Cloud-1.bmp,1792,1008
153.86584,10743.552,1.4097715e+08,7.69282,0.29870605,343.8775,1.4088878e+06,6.516135,0.46643063,357.33023,1.4645158e+06,6.504068,0.0189209,64.350655,263581.75,6.5527864,Ship-Water-Cloud-1.bmp,1904,1008
103.98999,7982.188,7.698885e+07,7.3899193,-0.42407227,100.41208,412024.5,6.801569,0.16796872,124.31102,509293.5,6.7208347,0.016601559,19.245695,78831.5,6.6697903,Ship-Water-Cloud-1.bmp,2016,1008
181.33936,6515.371,1.6137966e+08,8.003464,-0.11914063,204.98872,839692.0,6.39295,-0.423828,189.0633,775139.0,6.658044,0.027832031,31.38521,128557.0,6.6578283,Ship-Water-Cloud-1.bmp,2128,1008
247.99158,11184.067,2.977132e+08,8.018375,-0.7813721,402.573,1.6514398e+06,6.6657662,-0.6243895,460.93747,1.8895968e+06,6.8418984,0.04211425,65.55603,268524.75,6.8695483,Ship-Water-Cloud-1.bmp,2240,1008
320.10254,10933.631,4.644834e+08,8.137347,0.44360352,268.95703,1.102454e+06,6.690074,-0.6508789,303.76068,1.245939e+06,6.5315423,-0.012451168,48.707123,199505.0,6.494718,Ship-Water-Cloud-1.bmp,2352,1008
211.03882,11749.609,2.3055152e+08,7.9259815,0.3930664,761.60876,3.1201825e+06,6.9609303,-0.2685548,830.7452,3.4030275e+06,6.984772,-0.03588865,131.97198,540562.5,6.931913,Ship-Water-Cloud-1.bmp,2464,1008
192.43713,17004.87,2.2133523e+08,7.7315063,-0.05505371,662.7634,2.7146912e+06,6.780824,-0.7022705,903.1787,3.7014402e+06,6.6409445,-0.06555177,140.12198,573957.25,6.6808405,Ship-Water-Cloud-1.bmp,2576,1008
230.62073,23199.922,3.128764e+08,7.7835603,-0.32287598,799.58124,3.2755118e+06,6.7036047,-0.042602494,709.08795,2.9044318e+06,6.736582,0.05969238,133.23979,545764.75,6.7461767,Ship-Water-Cloud-1.bmp,2688,1008
262.23047,24214.145,3.8084186e+08,7.880028,-0.55444336,413.15256,1.693532e+06,6.5073586,-0.28906244,481.2419,1.971509e+06,6.4066033,0.00561524,79.91281,327323.0,6.5395093,Ship-Water-Cloud-1.bmp,2800,1008
361.27258,10318.668,5.768665e+08,8.184195,0.15344238,76.83003,314792.25,6.5988054,-0.48840323,65.99272,271283.25,6.6255684,-0.018676765,16.085405,65887.25,6.583274,Ship-Water-Cloud-1.bmp,2912,1008
353.74133,14082.473,5.702263e+08,8.136349,-0.009643555,58.71225,240485.75,6.8610835,-0.2659911,54.84374,224929.75,6.713401,0.06555176,13.063757,53526.75,6.7465944,Ship-Water-Cloud-1.bmp,3024,1008
267.6443,10092.848,3.3475098e+08,8.07582,0.2685547,174.76773,716144.0,6.762784,-0.30908215,113.817795,466589.0,6.840556,0.0061035138,29.62252,121334.0,6.843503,Ship-Water-Cloud-1.bmp,3136,1008
175.7876,8277.213,1.604751e+08,7.9012766,0.5148926,258.39774,1.059483e+06,6.7578177,-0.20996092,274.2735,1.123605e+06,7.0365787,0.018310552,53.245518,218095.0,6.7163796,Ship-Water-Cloud-1.bmp,3248,1008
152.14978,6866.1006,1.2294413e+08,7.851607,-0.5653076,322.5484,1.3224672e+06,6.7172775,0.0421142,326.81006,1.3386212e+06,6.877083,-0.009399415,67.200165,275252.25,6.7537456,Ship-Water-Cloud-1.bmp,3360,1008
163.49072,6242.538,1.350523e+08,7.923482,-0.39111328,428.7035,1.756596e+06,6.9306273,0.43872076,354.19962,1.45159e+06,6.9564533,-0.029052738,80.143936,328273.0,6.8094788,Ship-Water-Cloud-1.bmp,3472,1008
165.25891,6237.5664,1.3741291e+08,7.940103,0.0006103553,272.33258,1.1154742e+06,6.472954,0.12805173,270.70706,1.1088832e+06,6.930406,-0.031616203,43.363808,177622.25,6.6737156,Ship-Water-Cloud-1.bmp,3584,1008
175.86133,8886.187,1.6307566e+08,7.8667593,-0.11816406,598.5306,2.4516385e+06,6.6698027,0.053222686,420.5791,1.7227035e+06,6.932129,-0.10107422,64.56266,264490.5,6.7161407,Ship-Water-Cloud-1.bmp,3696,1008
193.7124,9747.602,1.936265e+08,7.886077,0.35888672,705.1109,2.888662e+06,6.8395863,-0.13281251,554.3603,2.270732e+06,7.0613737,-0.09130861,89.906944,368293.0,6.8622026,Ship-Water-Cloud-1.bmp,3808,1008
212.68237,10523.117,2.2838029e+08,7.9336796,-0.62597656,744.41516,3.0507295e+06,6.676401,-0.21875006,628.14734,2.5730875e+06,6.9228077,0.08227539,83.61688,342522.5,6.7032347,Ship-Water-Cloud-1.bmp,3920,1008
239.91052,7770.7344,2.6758264e+08,8.083365,-0.02819825,425.7284,1.7437868e+06,6.6560535,-0.23083493,361.3556,1.4803308e+06,6.7773447,-0.041137688,52.647415,215650.75,6.7938423,Ship-Water-Cloud-1.bmp,4032,1008
223.3739,5651.881,2.2752371e+08,8.111656,0.39904785,507.16574,2.0780032e+06,6.8606462,0.061157122,364.91895,1.4947232e+06,6.9595804,0.03161621,70.2034,287557.25,6.805704,Ship-Water-Cloud-1.bmp,4144,1008
246.21875,6791.3877,2.761321e+08,8.123579,-0.09326172,463.64075,1.899108e+06,6.8016853,0.049316376,382.98926,1.568734e+06,6.9383764,-0.02197265,65.73267,269243.0,6.86527,Ship-Water-Cloud-1.bmp,4256,1008
236.79858,7790.8413,2.6158862e+08,8.088482,-0.20361328,455.33832,1.8652355e+06,6.983071,0.5361328,323.9344,1.3280125e+06,6.9674673,0.03784179,61.134678,250413.5,6.8302765,Ship-Water-Cloud-1.bmp,4368,1008
193.45605,9523.817,1.9230336e+08,7.9078407,-0.22851562,782.40674,3.204952e+06,6.930002,-0.2619628,582.0491,2.384354e+06,6.933176,-0.012939453,93.02327,381024.0,6.9374695,Ship-Water-Cloud-1.bmp,4480,1008
194.54309,9785.119,1.9510122e+08,7.9052024,-0.32507324,712.1355,2.9173398e+06,6.882901,-0.30041504,649.437,2.6604638e+06,6.8094506,0.18444824,82.806496,339314.75,6.936102,Ship-Water-Cloud-1.bmp,4592,1008
182.2417,8844.343,1.7226293e+08,7.8929586,-0.4987793,683.20667,2.7994335e+06,6.9437165,0.0012206733,584.93835,2.3959075e+06,6.948258,0.09912108,83.24811,341024.5,6.8040876,Ship-Water-Cloud-1.bmp,4704,1008
190.24878,9624.931,1.876768e+08,7.8904834,-0.796875,868.6521,3.5606005e+06,6.862002,-0.50024414,641.1566,2.6272025e+06,6.8241243,-0.068359375,104.20273,426833.5,6.748006,Ship-Water-Cloud-1.bmp,4816,1008
185.55957,7924.5093,1.7349371e+08,7.9313397,-0.10595703,702.68933,2.8782615e+06,7.004179,0.04492195,630.3858,2.5820685e+06,6.871015,-0.05029296,99.24295,406509.5,6.970399,Ship-Water-Cloud-1.bmp,4928,1008
200.76135,8325.673,1.9919174e+08,7.9621744,0.01843261,662.37524,2.7130902e+06,7.0249557,0.04064939,519.1205,2.1263242e+06,6.968201,-0.005004883,88.29764,361667.25,7.0692773,Ship-Water-Cloud-1.bmp,5040,1008
179.38684,6329.0645,1.5773165e+08,7.986789,-0.008422866,516.85144,2.1170238e+06,6.9574814,0.049194388,463.44382,1.8982758e+06,6.9439936,0.02795411,79.00624,323612.75,6.8532505,Ship-Water-Cloud-1.bmp,5152,1008
166.54968,9532.8125,1.5266451e+08,7.8171806,0.39831543,406.4885,1.6656268e+06,6.9408503,0.47448725,366.07288,1.5003568e+06,6.931856,0.011596678,72.788864,298143.75,6.925702,Ship-Water-Cloud-1.bmp,5264,1008
129.33191,6787.2163,9.6313176e+07,7.699027,-0.10510254,206.07251,844118.25,6.775482,0.38830566,262.62003,1.0763092e+06,6.8179483,0.004028326,41.70048,170805.25,6.8392897,Ship-Water-Cloud-1.bmp,5376,1008
133.9237,4407.2295,9.1516056e+07,7.9572105,0.04382325,179.80124,736473.75,6.800111,0.3531494,190.44188,780560.75,7.044313,-0.0081787165,40.325798,165174.75,6.9754047,Ship-Water-Cloud-1.bmp,5488,1008
79.648926,3723.0405,4.12344e+07,7.371512,0.30029297,144.80154,593476.5,5.7801595,0.0051270276,93.22446,381847.5,6.04455,-0.019287108,25.555416,104676.5,5.9849095,Ship-Water-Cloud-1.bmp,5600,1008
55.35132,2496.035,2.2772954e+07,6.9407167,0.16430664,34.13377,139922.5,4.9210863,0.32666016,34.71812,142642.5,5.2421427,-0.0107421875,7.189948,29450.5,5.5573697,Ship-Water-Cloud-1.bmp,5712,1008
62.749146,7563.439,4.7107664e+07,6.256393,-0.16003418,103.59883,424445.75,4.8714333,0.093872085,194.85342,798155.75,4.722413,0.010375979,28.207108,115536.75,4.9997363,Ship-Water-Cloud-1.bmp,5824,1008
44.312622,1905.5764,1.5848183e+07,6.40884,0.22595215,17.668978,72581.25,4.241663,0.2689209,46.91139,192445.25,3.6707196,0.01184082,7.194745,29470.25,4.921416,Ship-Water-Cloud-1.bmp,5936,1008
48.76245,1770.4695,1.6991216e+07,7.121305,-0.17797852,57.150208,234217.0,5.5776544,-0.31347656,54.532104,223766.0,5.5082283,0.036621094,13.938845,57099.0,5.491405,Ship-Water-Cloud-1.bmp,6048,1008
75.22644,3660.764,3.8173824e+07,7.5017405,-0.108032234,172.12048,705053.25,6.8202124,-0.13415524,166.28773,681188.25,6.7145905,-0.017944328,36.513657,149561.25,6.763399,Ship-Water-Cloud-1.bmp,6160,1008
107.60669,2207.4634,5.6470172e+07,8.039712,-0.096191406,179.09818,733624.0,6.928307,-0.15624997,149.2981,611625.0,6.943153,0.055419922,37.112408,152025.0,6.990867,Ship-Water-Cloud-1.bmp,6272,1008
129.41211,742.8862,7.16406e+07,8.240801,-0.088134766,46.505783,190519.5,6.784365,0.017089881,47.337963,193897.5,6.694551,0.010009764,13.410423,54929.5,6.848071,Ship-Water-Cloud-1.bmp,6384,1008
138.59167,656.31165,8.13628e+07,8.259237,-0.026489258,81.34555,333194.25,6.691843,-0.061401367,48.00508,196644.25,6.8212194,-0.0013427748,16.998592,69626.25,6.978559,Ship-Water-Cloud-1.bmp,6496,1008
116.860596,581.60144,5.831885e+07,8.236135,-0.021484375,50.105255,205233.0,7.154999,-0.13867185,34.73175,142340.0,7.2298126,0.0031738281,12.782216,52356.0,7.237626,Ship-Water-Cloud-1.bmp,6608,1008
50.927612,2606.7346,2.130066e+07,7.4880075,0.30407715,36.266975,148928.25,6.6887393,0.10803222,30.288195,124108.25,6.6846633,-0.006225583,8.102318,33187.25,6.71782,Ship-Water-Cloud-1.bmp,6720,1008
10.576538,119.27814,946754.75,6.7751436,-0.043823242,9.4584675,38749.75,5.7086625,-0.055297848,6.8521056,28078.75,5.9785995,-0.0052490244,2.1166108,8669.75,6.2935,Ship-Water-Cloud-1.bmp,6832,1008
229.11206,12993.081,2.6822829e+08,7.9314165,-0.30664062,549.61816,2.251621e+06,6.4196286,0.20581064,374.03137,1.532206e+06,6.733835,-0.0029296782,69.34203,284025.0,6.6845245,Ship-Water-Cloud-1.bmp,0,1120
204.45776,13436.547,2.2626109e+08,7.836857,0.13574219,787.1655,3.2243055e+06,6.7582226,0.079833925,615.5399,2.5212775e+06,6.803131,-0.04736328,112.53206,460940.5,6.774429,Ship-Water-Cloud-1.bmp,112,1120
207.48755,12582.043,2.2787328e+08,7.8955483,-0.20605469,788.88794,3.231459e+06,6.9128428,0.3513183,737.26135,3.020328e+06,6.842017,-0.03173828,133.08247,545110.0,6.8199463,Ship-Water-Cloud-1.bmp,224,1120
166.10547,10641.403,1.5660005e+08,7.7821503,0.19482422,737.302,3.0201445e+06,6.702787,0.000488244,583.9827,2.3919935e+06,6.619896,0.0034179576,110.60631,453043.5,6.7275505,Ship-Water-Cloud-1.bmp,336,1120
262.7793,21445.006,3.7067965e+08,7.8530064,-0.56811523,555.68884,2.2774235e+06,5.9547677,-0.19042973,409.32275,1.6767345e+06,6.3027687,-0.009033211,72.13212,295453.5,6.1568375,Ship-Water-Cloud-1.bmp,448,1120
233.4065,12597.766,2.7474477e+08,7.958829,0.08642578,780.3198,3.1962205e+06,6.7228637,0.1752929,652.6664,2.6734475e+06,6.600086,-0.06323242,120.51761,493656.5,6.67367,Ship-Water-Cloud-1.bmp,560,1120
190.70825,12415.548,1.9982413e+08,7.8341646,0.51000977,661.21924,2.7094195e+06,6.78006,-0.1367186,520.2112,2.1308615e+06,6.7978697,0.056152347,81.37247,333314.5,6.805614,Ship-Water-Cloud-1.bmp,672,1120
200.69153,20378.762,2.4844637e+08,7.7172604,-0.20959473,791.232,3.2410662e+06,6.6057386,-0.5594483,705.346,2.8903792e+06,6.5577755,-0.0137939565,113.83825,466282.25,6.6569614,Ship-Water-Cloud-1.bmp,784,1120
196.443,13568.727,2.1364154e+08,7.8087597,0.821167,801.04974,3.2838618e+06,6.90171,-0.28649893,766.9806,3.1418888e+06,6.847411,-0.019653328,130.77933,535673.75,6.8967423,Ship-Water-Cloud-1.bmp,896,1120
191.943,10595.752,1.9430549e+08,7.8875833,-0.24597168,803.01904,3.2894138e+06,6.981145,0.19274902,797.0299,3.2647868e+06,6.9924464,0.15954588,134.52283,551109.75,7.0212984,Ship-Water-Cloud-1.bmp,1008,1120
202.66992,10677.356,2.1197805e+08,7.924267,-0.2734375,807.3749,3.307314e+06,6.922961,0.17504878,811.8043,3.325276e+06,6.974052,0.060302727,137.47488,563112.0,6.9014845,Ship-Water-Cloud-1.bmp,1120,1120
205.80713,12265.617,2.237325e+08,7.8939548,0.037353516,748.8075,3.0671215e+06,6.933316,0.91796875,784.07104,3.2150065e+06,6.858803,-0.020263672,124.860306,511429.5,6.8845296,Ship-Water-Cloud-1.bmp,1232,1120
197.22278,17016.371,2.2902046e+08,7.7382007,-0.0037841797,681.32904,2.7907238e+06,6.6043854,-0.12097166,627.02167,2.5683408e+06,6.7025247,0.07287599,113.16284,463536.75,6.6474504,Ship-Water-Cloud-1.bmp,1344,1120
208.54114,11461.867,2.2508042e+08,7.9063225,-0.23815918,693.27716,2.8398958e+06,6.764513,0.064087,772.82446,3.1655058e+06,6.814007,-0.0037841871,122.76848,502859.75,6.7567534,Ship-Water-Cloud-1.bmp,1456,1120
179.05115,8242.859,1.650777e+08,7.920496,-0.27893066,455.034,1.8641378e+06,6.857302,0.29943845,468.23303,1.9182498e+06,6.9253535,-0.022827143,75.608795,309695.75,6.7662587,Ship-Water-Cloud-1.bmp,1568,1120
223.76953,9628.4375,2.4453629e+08,8.003391,-0.2854004,478.44965,1.9600635e+06,6.8969946,-0.16357407,519.50854,2.1280165e+06,6.820021,-0.090087906,84.14093,344674.5,6.843651,Ship-Water-Cloud-1.bmp,1680,1120
125.50952,7958.077,9.7119096e+07,7.618129,0.35375977,273.37036,1.1202375e+06,6.7417774,-0.32543942,234.92424,962683.5,6.7740507,0.023681628,47.673386,195272.5,6.7865977,Ship-Water-Cloud-1.bmp,1792,1120
95.32263,4068.8154,5.3883784e+07,7.641864,0.07458496,90.20519,369503.25,6.484622,-0.0684815,83.0708,340277.25,6.613966,0.04577637,15.2941065,62653.25,6.347431,Ship-Water-Cloud-1.bmp,1904,1120
163.47339,13526.104,1.648626e+08,7.6737328,-0.84521484,258.54965,1.0619455e+06,6.6158533,-0.9892577,254.21361,1.0452675e+06,6.4830275,0.044189453,45.552124,186589.5,6.5074005,Ship-Water-Cloud-1.bmp,2016,1120
355.63965,16368.122,5.851041e+08,8.116145,-0.57373047,250.50385,1.027412e+06,6.171353,-1.3146975,272.26108,1.122261e+06,6.269371,-0.00024414062,43.239502,177109.0,6.157151,Ship-Water-Cloud-1.bmp,2128,1120
422.13025,10255.005,7.718869e+08,8.22206,0.022338867,66.1878,271107.25,5.9666557,0.20324707,61.455093,251889.25,6.4710174,-0.015991211,7.751514,31751.25,6.406397,Ship-Water-Cloud-1.bmp,2240,1120
300.36377,18624.885,4.4582208e+08,7.9965067,0.84716797,491.37714,2.0156205e+06,6.6608534,0.838623,442.09326,1.8136945e+06,6.6446943,-0.051513683,73.54947,301269.5,6.6566916,Ship-Water-Cloud-1.bmp,2352,1120
219.1532,19395.0,2.7616512e+08,7.795165,-0.21813965,783.40063,3.2090038e+06,6.8251014,-0.44909674,665.45795,2.7265418e+06,6.821218,0.0042724637,118.705246,486216.75,6.9049206,Ship-Water-Cloud-1.bmp,2464,1120
296.755,31219.668,4.88584e+08,7.917435,-0.2196045,1184.6099,4.852359e+06,6.699446,-0.22619615,849.56775,3.4800392e+06,6.528077,-0.05432129,182.83916,748921.25,6.6988683,Ship-Water-Cloud-1.bmp,2576,1120
283.8927,26639.998,4.392348e+08,7.9108334,-0.39318848,1181.5582,4.840296e+06,6.726865,0.27502424,680.86523,2.7891338e+06,6.7041297,-0.009887677,175.2269,717729.75,6.811792,Ship-Water-Cloud-1.bmp,2688,1120
301.8557,16383.907,4.403232e+08,8.04508,0.001953125,945.59314,3.8731495e+06,6.8249254,0.57275397,1020.79144,4.1825055e+06,6.677871,-0.026611323,189.0292,774266.5,6.811661,Ship-Water-Cloud-1.bmp,2800,1120
290.96362,13031.618,4.0014416e+08,8.059247,0.46484375,477.04037,1.9548425e+06,6.818693,0.76367193,456.95258,1.8740665e+06,6.5952196,0.055908203,88.07659,360774.5,6.7702527,Ship-Water-Cloud-1.bmp,2912,1120
289.8169,6751.343,3.7169222e+08,8.17569,-0.31958008,381.5191,1.5631205e+06,6.7421055,0.36132827,330.40936,1.3538915e+06,6.8577747,0.06762695,69.99896,286734.5,6.795044,Ship-Water-Cloud-1.bmp,3024,1120
272.31897,12419.762,3.5462096e+08,8.046878,0.1920166,351.26605,1.4389368e+06,6.7797146,0.14733896,201.31905,824691.75,6.8449554,0.0452881,46.396572,190048.75,6.8868165,Ship-Water-Cloud-1.bmp,3136,1120
123.45105,4965.093,8.276072e+07,7.8056216,0.63098145,242.14075,993439.25,7.0328374,0.20349123,200.72672,822346.25,6.9959793,-0.053100582,48.12834,197145.25,6.9750857,Ship-Water-Cloud-1.bmp,3248,1120
79.70325,3147.0718,3.891069e+07,7.5677986,-0.3536377,88.34009,362353.25,6.6511745,0.5936279,74.25436,305589.25,6.35416,-0.022338867,22.510061,92203.25,6.290799,Ship-Water-Cloud-1.bmp,3360,1120
167.15625,4088.5845,1.3119405e+08,8.078851,-0.37109375,61.056007,250649.5,6.688711,0.28979486,49.153934,201678.5,6.874655,0.012451172,12.087368,49510.5,6.5496693,Ship-Water-Cloud-1.bmp,3472,1120
87.600586,4489.2183,4.9819976e+07,7.5540733,0.3449707,74.899796,307277.0,6.470901,0.12963861,74.72464,306141.0,6.0932837,-0.03955078,11.706932,47958.0,6.369853,Ship-Water-Cloud-1.bmp,3584,1120
99.8905,7415.6313,7.1244776e+07,7.3649926,-0.37731934,337.54388,1.3831628e+06,6.4539695,0.08996585,242.69398,994107.75,6.541007,-0.04309083,38.7139,158579.75,6.6717134,Ship-Water-Cloud-1.bmp,3696,1120
207.40381,8225.046,2.098847e+08,7.9982457,0.31982422,576.55164,2.3619745e+06,6.963827,-0.6203613,478.76688,1.9626055e+06,7.059383,0.0017089862,71.796265,294077.5,7.025442,Ship-Water-Cloud-1.bmp,3808,1120
190.27783,6442.5684,1.746871e+08,8.017549,-0.21313477,548.7809,2.2479925e+06,7.0209827,0.05786115,494.10056,2.0238495e+06,7.0956244,-0.0043945312,70.967865,290684.5,7.104936,Ship-Water-Cloud-1.bmp,3920,1120
201.98547,6615.6157,1.942067e+08,8.033839,0.12731934,478.62656,1.9605208e+06,6.8577423,0.5377197,391.7767,1.6059018e+06,6.961454,-0.0074462895,72.42225,296641.75,6.836733,Ship-Water-Cloud-1.bmp,4032,1120
196.56909,7758.335,1.9004515e+08,7.969239,-0.0637207,296.69928,1.215297e+06,6.941779,0.1354981,340.66595,1.395443e+06,7.0660114,0.019775383,42.39878,173667.0,6.985317,Ship-Water-Cloud-1.bmp,4144,1120
182.57861,5147.8105,1.5762539e+08,8.038337,-0.21362305,232.66397,953178.5,6.7733183,-0.037353545,290.3327,1.1892085e+06,7.1468306,-0.029785156,37.111786,152013.5,7.0354595,Ship-Water-Cloud-1.bmp,4256,1120
186.11719,5502.221,1.6442093e+08,8.026464,-0.024902344,311.9685,1.2778255e+06,6.5573473,-0.9814453,337.625,1.3868575e+06,6.95112,-0.054687504,46.306458,189683.5,6.8745804,Ship-Water-Cloud-1.bmp,4368,1120
186.73889,9073.727,1.799993e+08,7.862567,0.111938484,340.04245,1.3928652e+06,6.6952033,-0.22399907,407.4328,1.6690502e+06,6.9321356,-0.055542,54.239166,222176.25,6.910021,Ship-Water-Cloud-1.bmp,4480,1120
162.66809,3947.724,1.2455376e+08,8.052318,-0.3121338,339.09003,1.3893118e+06,6.9693813,-0.19177239,397.24417,1.6272628e+06,6.891824,0.09558105,58.581627,239987.75,7.041462,Ship-Water-Cloud-1.bmp,4592,1120
163.78967,3502.537,1.2423002e+08,8.083605,0.37121582,344.1668,1.4102718e+06,6.8300095,0.105590984,295.46826,1.2102838e+06,6.888999,-0.04382325,50.26706,205901.75,7.043302,Ship-Water-Cloud-1.bmp,4704,1120
168.20068,4326.2104,1.3360202e+08,8.042531,-0.37304688,317.56567,1.301319e+06,6.7424455,0.36206055,274.9497,1.126731e+06,6.9071827,-0.03735352,45.351387,185765.0,6.8365636,Ship-Water-Cloud-1.bmp,4816,1120
185.22925,3362.8823,1.5430762e+08,8.140831,0.107666016,272.94763,1.118041e+06,6.905281,-0.33886722,278.93082,1.142971e+06,7.107348,0.051269528,49.520077,202845.0,7.042018,Ship-Water-Cloud-1.bmp,4928,1120
169.6831,3339.249,1.3161105e+08,8.127838,0.16210938,269.03162,1.102061e+06,6.9226503,0.03515631,333.8225,1.367342e+06,7.1294246,0.0029296745,54.146473,221784.0,7.05715,Ship-Water-Cloud-1.bmp,5040,1120
162.97693,7599.8916,1.3992496e+08,7.8394866,-0.23669434,288.75543,1.1829718e+06,6.9031696,-0.14709476,417.2674,1.7092158e+06,6.937292,0.03625488,60.384857,247341.75,7.048481,Ship-Water-Cloud-1.bmp,5152,1120
147.81128,3650.5688,1.0444285e+08,8.069391,-0.20605469,191.6835,785309.5,7.1791325,0.319336,255.77902,1.0480885e+06,7.138247,0.006103512,44.247643,181238.5,7.200534,Ship-Water-Cloud-1.bmp,5264,1120
81.90161,3570.6753,4.2100936e+07,7.6483526,0.5324707,57.963543,238580.0,6.4323406,0.04663089,78.79763,322764.0,6.373889,-0.012451174,15.446623,63270.0,6.4719334,Ship-Water-Cloud-1.bmp,5376,1120
55.39087,2907.9824,2.4478232e+07,7.2973433,-0.123046875,11.677118,47891.5,6.176527,-0.2199707,18.19856,74739.5,5.8452415,0.011230469,3.8605914,15813.5,6.4145365,Ship-Water-Cloud-1.bmp,5488,1120
69.32556,1349.9552,2.5214928e+07,7.824831,-0.005493164,6.882722,28191.75,7.0418262,-0.23840326,7.283435,30065.75,7.0500965,-0.002075196,1.7684891,7243.75,7.433172,Ship-Water-Cloud-1.bmp,5600,1120
79.47534,2810.062,3.7381704e+07,7.5102906,-0.42358398,15.010517,62218.0,5.7659373,0.07373048,9.039242,37047.0,6.8170724,-0.029296875,2.8553429,11699.0,6.8761454,Ship-Water-Cloud-1.bmp,5712,1120
162.9093,12741.148,1.6089328e+08,7.6851153,0.08068848,44.644302,182889.75,6.374093,-0.5843507,55.577667,229044.75,6.4174366,0.025512699,9.227072,37796.75,6.551398,Ship-Water-Cloud-1.bmp,5824,1120
93.06543,6526.2188,6.220756e+07,7.3843923,0.1623535,200.49695,821343.5,6.679938,-0.4362793,189.57736,777288.5,6.7726645,-0.006347657,34.39339,140875.5,6.7464232,Ship-Water-Cloud-1.bmp,5936,1120
111.08777,3200.6494,6.365652e+07,7.946924,-0.05456543,244.58948,1.00185075e+06,7.0274825,-0.4520264,211.59541,867531.75,6.9713073,0.011108395,47.327938,193855.75,7.0430303,Ship-Water-Cloud-1.bmp,6048,1120
129.74622,998.60297,7.304267e+07,8.214974,-0.045532223,115.87811,474645.25,7.01153,-0.028930627,92.192825,377625.25,7.0347137,-0.002319335,22.972954,94097.25,7.0162373,Ship-Water-Cloud-1.bmp,6160,1120
126.66748,425.17606,6.746041e+07,8.264534,-0.05126953,41.148983,168557.0,7.2396684,0.014892571,34.987083,143308.0,7.1891994,0.02319336,10.401073,42605.0,7.277394,Ship-Water-Cloud-1.bmp,6272,1120
138.15527,175.4869,7.889866e+07,8.299484,-0.056396488,23.093494,94604.0,7.432232,-0.07617192,19.66119,80556.0,7.4017434,-0.0095214825,6.9899,28631.0,7.3750057,Ship-Water-Cloud-1.bmp,6384,1120
141.04126,249.27783,8.250128e+07,8.295015,-0.04296875,36.085552,147814.0,6.803849,-0.046386696,25.120163,102901.0,6.9515853,-0.027587889,9.494844,38894.0,7.2033525,Ship-Water-Cloud-1.bmp,6496,1120
132.99915,939.77277,7.630252e+07,8.229885,0.10314942,91.8881,376417.25,6.8838606,-0.1824951,54.374718,222855.25,6.97989,-0.012573248,17.445215,71456.25,7.094862,Ship-Water-Cloud-1.bmp,6608,1120
81.946045,3734.9678,4.28037e+07,7.77675,0.2619629,55.64829,228216.5,6.920499,-0.41064453,45.74629,188067.5,6.830429,-0.0004882831,12.301879,50388.5,6.937351,Ship-Water-Cloud-1.bmp,6720,1120
70.37305,4704.28,3.955362e+07,7.3955564,-0.12768555,40.69683,166761.0,6.578189,-0.23608398,55.800953,228789.0,6.477001,-0.024902342,10.58141,43344.0,6.5910788,Ship-Water-Cloud-1.bmp,6832,1120
260.56323,7400.193,3.0840173e+08,8.121513,0.07617186,500.91708,2.05178e+06,6.7444096,0.19848636,391.39346,1.603309e+06,6.787581,-0.0107421875,65.7721,269403.0,6.897166,Ship-Water-Cloud-1.bmp,0,1232
239.56396,8408.084,2.695126e+08,8.074575,0.89941406,560.57947,2.299447e+06,6.823716,-0.037841797,440.69995,1.805113e+06,6.841411,0.039794937,74.67224,305864.0,6.7950926,Ship-Water-Cloud-1.bmp,112,1232
194.17761,10899.671,1.9908451e+08,7.892279,-0.010864258,813.3162,3.3313438e+06,6.966989,-0.005004853,603.7839,2.4730988e+06,6.9862585,-0.012817364,110.38869,452152.75,7.0124745,Ship-Water-Cloud-1.bmp,224,1232
202.44629,11518.782,2.1505344e+08,7.90648,0.23120117,713.6316,2.923254e+06,6.971421,0.3088378,600.59625,2.460433e+06,6.9311237,-0.005859375,108.35714,443831.0,6.8911886,Ship-Water-Cloud-1.bmp,336,1232
207.51904,10220.377,2.1825342e+08,7.9464006,-0.22021484,458.19357,1.8769595e+06,6.7803683,0.28027338,480.02435,1.9665015e+06,6.8186016,0.00097655226,75.28674,308374.5,6.7946196,Ship-Water-Cloud-1.bmp,448,1232
168.85425,10167.384,1.5842976e+08,7.7981787,-0.2265625,510.9052,2.092878e+06,6.88537,-0.013427667,387.9173,1.58891e+06,6.9636064,-0.047363278,74.229935,304055.0,6.9134665,Ship-Water-Cloud-1.bmp,560,1232
192.00818,12891.25,2.0381037e+08,7.8351774,-0.35046387,735.67267,3.0138182e+06,6.8142447,-0.16345209,704.3449,2.8851062e+06,6.6754208,0.099975586,99.75862,408652.25,6.851655,Ship-Water-Cloud-1.bmp,672,1232
202.46045,15404.453,2.3099264e+08,7.819974,-0.18701172,860.43195,3.5244725e+06,6.570335,-0.24121094,753.7002,3.0873945e+06,6.6340284,0.039062515,124.959045,511838.5,6.490745,Ship-Water-Cloud-1.bmp,784,1232
188.64514,10744.693,1.8977456e+08,7.8749704,0.38391113,753.5017,3.0869468e+06,6.9722652,-0.12121582,767.95984,3.1456238e+06,6.8142605,0.0062255636,117.500145,481280.75,6.914319,Ship-Water-Cloud-1.bmp,896,1232
184.4115,10490.762,1.8226531e+08,7.865751,-0.089233406,746.2265,3.0565762e+06,7.0101104,-0.3907472,718.9568,2.9454722e+06,6.9985228,0.000122051686,123.70514,506696.25,6.987422,Ship-Water-Cloud-1.bmp,1008,1232
188.12683,10065.616,1.861932e+08,7.8769794,0.47106934,688.4615,2.8208472e+06,7.0054154,-0.036254883,854.51654,3.5001052e+06,7.0167937,0.08679198,132.6893,543526.25,6.937824,Ship-Water-Cloud-1.bmp,1120,1232
191.43774,10487.039,1.930668e+08,7.8781424,-0.1105957,776.239,3.179525e+06,7.057699,-0.26635724,911.5186,3.733871e+06,6.989356,-0.020751968,145.99518,597998.0,6.912712,Ship-Water-Cloud-1.bmp,1232,1232
155.401,11150.285,1.445878e+08,7.6839237,0.44543457,567.4719,2.3251778e+06,6.9412823,-0.05017093,644.7074,2.6407318e+06,6.7845,0.087524414,106.18564,434967.75,6.8318753,Ship-Water-Cloud-1.bmp,1344,1232
191.69824,10248.367,1.9249802e+08,7.9132395,0.21777344,381.33514,1.562143e+06,6.558112,-0.15795898,370.73676,1.51864e+06,6.5415783,-0.056396496,62.589104,256378.0,6.65259,Ship-Water-Cloud-1.bmp,1456,1232
169.00793,9451.844,1.5571158e+08,7.8276114,0.06555175,455.75507,1.8667902e+06,6.8972054,0.64221203,508.94162,2.0863142e+06,6.862981,0.05480957,81.41771,333499.25,6.821502,Ship-Water-Cloud-1.bmp,1568,1232
187.31738,8407.447,1.7815654e+08,7.950601,-0.6887207,273.27945,1.1212955e+06,6.778672,0.33544922,255.61926,1.0474775e+06,6.586133,0.02758789,46.315033,189709.5,6.791551,Ship-Water-Cloud-1.bmp,1680,1232
238.85498,8501.755,2.6850694e+08,8.067618,-0.14331055,395.39294,1.6196135e+06,6.897769,-0.1672363,476.21555,1.9506935e+06,6.7824707,0.014160156,69.923996,286409.5,6.8567905,Ship-Water-Cloud-1.bmp,1792,1232
248.84607,18834.676,3.3078902e+08,7.883018,-0.10998535,285.11102,1.1678642e+06,6.2943115,-0.7342528,280.63477,1.1516882e+06,6.4688587,0.0015869029,40.37433,165373.25,6.371564,Ship-Water-Cloud-1.bmp,1904,1232
402.18848,18359.875,7.377528e+08,8.163298,-0.9050293,34.126358,143136.5,6.5589013,-0.8005371,26.630505,111703.51,6.5353355,-0.011718752,4.2722015,17499.5,6.6118402,Ship-Water-Cloud-1.bmp,2016,1232
401.10437,13604.525,7.14708e+08,8.181683,0.44763184,158.61804,650520.25,6.1708183,-0.03112793,172.58698,706920.25,6.199239,0.0054931594,27.849884,114073.25,6.1145697,Ship-Water-Cloud-1.bmp,2128,1232
230.38782,13159.436,2.713108e+08,7.9261208,0.44641113,424.09363,1.7379038e+06,6.7520432,0.3939209,458.20804,1.8774558e+06,6.8607345,0.011596679,64.19731,262952.75,6.8457427,Ship-Water-Cloud-1.bmp,2240,1232
202.47571,7779.435,1.9978587e+08,8.001466,-0.77160645,614.0173,2.5174532e+06,6.998468,-0.10168463,610.3406,2.4999972e+06,7.0674286,-0.088745125,107.80127,441586.25,7.0001655,Ship-Water-Cloud-1.bmp,2352,1232
222.18176,9447.155,2.408935e+08,8.007761,0.67248535,721.7755,2.9582448e+06,6.8691916,-0.19177242,645.21216,2.6429398e+06,6.9948916,-0.06188965,111.32448,456000.75,6.934884,Ship-Water-Cloud-1.bmp,2464,1232
250.23071,29529.71,3.7742643e+08,7.782496,-0.62109375,931.1815,3.815699e+06,6.543494,0.53808594,828.8447,3.396134e+06,6.5069404,-0.01928711,142.74939,584703.0,6.6315155,Ship-Water-Cloud-1.bmp,2576,1232
247.21533,31933.133,3.8112688e+08,7.7428613,-0.6269531,1141.4529,4.677001e+06,6.492669,-0.6323243,861.4409,3.5301e+06,6.5017767,-0.04296874,181.96594,745340.0,6.5832624,Ship-Water-Cloud-1.bmp,2688,1232
276.68677,20449.98,3.9733472e+08,7.934033,-0.5822754,1392.4758,5.70497e+06,6.5851126,-0.29638675,1073.416,4.397072e+06,6.4175806,0.04248047,195.39517,800346.0,6.685988,Ship-Water-Cloud-1.bmp,2800,1232
242.12012,15547.615,3.0379936e+08,7.9017134,0.17700195,1082.5376,4.4342025e+06,6.7815804,-0.22973642,1147.4248,4.7000685e+06,6.698991,-0.097656235,183.51941,751734.5,6.861762,Ship-Water-Cloud-1.bmp,2912,1232
213.74329,10482.697,2.3006778e+08,7.9534354,-0.07531738,868.28,3.5564982e+06,7.043835,0.1588135,846.7959,3.4685792e+06,7.0450754,0.008666992,155.36105,636359.25,6.992118,Ship-Water-Cloud-1.bmp,3024,1232
203.96252,11415.334,2.1715373e+08,7.8866234,0.22302246,841.3047,3.4461878e+06,6.911783,0.105346695,500.13873,2.0486138e+06,6.9739842,-0.07312011,101.32761,415059.75,6.878961,Ship-Water-Cloud-1.bmp,3136,1232
182.18103,6129.289,1.610515e+08,8.017574,0.018432617,505.46387,2.0703812e+06,7.031851,-0.3211671,389.01337,1.5938212e+06,7.0701075,-0.043823235,87.51108,358453.25,7.096195,Ship-Water-Cloud-1.bmp,3248,1232
137.34619,7136.374,1.0649743e+08,7.762368,-0.15283203,193.21005,791484.0,6.954166,-0.9802246,172.32455,709777.0,6.848112,-0.075927734,44.878754,183847.0,6.8591084,Ship-Water-Cloud-1.bmp,3360,1232
207.17395,16956.266,2.4525747e+08,7.79424,-0.48840332,53.139446,218636.25,6.973882,-1.0655519,70.8107,294691.25,6.78476,0.029907227,11.789694,48294.25,6.8651376,Ship-Water-Cloud-1.bmp,3472,1232
236.85107,15553.275,2.9348538e+08,7.9295406,0.10229492,25.685215,105249.5,7.211944,-1.2504883,39.648804,168806.5,6.8135176,0.008544921,4.937549,20224.5,7.2858996,Ship-Water-Cloud-1.bmp,3584,1232
255.22424,17200.52,3.372644e+08,7.949358,-0.38635254,97.37557,399461.75,5.709753,-1.5836182,131.76968,550000.75,6.0556774,-0.021850578,17.630077,72214.75,5.885254,Ship-Water-Cloud-1.bmp,3696,1232
394.13538,13495.206,6.9156006e+08,8.176015,0.06188965,72.9496,298817.25,5.833222,-1.3233641,136.853,567723.25,6.053618,-0.036987305,15.361975,62928.25,5.7885456,Ship-Water-Cloud-1.bmp,3808,1232
233.3274,9439.1,2.6165563e+08,8.011147,0.37353516,453.786,1.859279e+06,6.9217844,-0.14892587,376.89944,1.543871e+06,6.850849,0.011474611,63.799675,261324.0,6.8467054,Ship-Water-Cloud-1.bmp,3920,1232
190.93701,5783.216,1.730157e+08,8.021665,-0.18676758,383.2033,1.5697435e+06,6.9218507,0.38037106,363.0002,1.4874415e+06,6.846062,-0.0021972768,49.457634,202578.5,7.030406,Ship-Water-Cloud-1.bmp,4032,1232
178.26843,8858.658,1.6645445e+08,7.8794303,0.022583,487.24054,1.9957392e+06,6.7529783,0.32849118,435.74835,1.7852672e+06,6.9151373,0.011840807,58.649822,240230.25,7.00914,Ship-Water-Cloud-1.bmp,4144,1232
182.83044,3656.933,1.5189568e+08,8.123126,0.020385742,177.0121,725043.25,6.7900553,0.34265134,232.60385,953226.25,6.707651,-0.026000977,30.157099,123526.25,6.8269815,Ship-Water-Cloud-1.bmp,4256,1232
177.40173,5435.198,1.5116933e+08,7.9988394,-0.3421631,218.84918,896885.75,6.853719,-0.203003,181.91089,745275.75,7.0509825,-0.014282234,30.920391,126650.75,7.1499486,Ship-Water-Cloud-1.bmp,4368,1232
157.86084,2821.4878,1.1362931e+08,8.09096,0.20336914,162.95694,667641.0,6.814624,0.5490722,194.88724,799493.0,6.9079037,0.000488285,28.218504,115583.0,6.9415426,Ship-Water-Cloud-1.bmp,4480,1232
157.03442,2131.2344,1.0973612e+08,8.157952,-0.049316406,174.07216,713009.5,7.061572,-0.026367217,177.57243,727339.5,7.139662,0.05297851,35.597656,145819.5,7.0702515,Ship-Water-Cloud-1.bmp,4592,1232
150.96838,3086.086,1.059944e+08,8.087713,-0.11999512,117.62518,481851.75,6.996544,0.26428223,150.21622,615571.75,7.070983,-0.014526367,24.917942,102064.75,7.0917196,Ship-Water-Cloud-1.bmp,4704,1232
164.5774,3150.7305,1.2384849e+08,8.12936,-0.09765624,125.98972,516093.0,6.8342886,0.68530273,168.21786,690944.0,6.939967,-0.0043945387,28.425028,116429.0,6.8387766,Ship-Water-Cloud-1.bmp,4816,1232
199.0315,2100.3125,1.7085994e+08,8.217264,-0.047607422,108.93194,446194.5,6.906251,0.23999017,142.67738,584642.5,6.9660735,0.03247071,21.644089,88658.5,7.0862837,Ship-Water-Cloud-1.bmp,4928,1232
175.1156,11225.139,1.7158394e+08,7.7776613,0.107055664,226.27058,926851.25,6.7825065,0.24133301,274.64252,1.1251742e+06,6.8957844,-0.084106445,43.399727,177794.25,6.9686375,Ship-Water-Cloud-1.bmp,5040,1232
134.84265,19489.652,1.5430531e+08,7.2354016,0.16418457,309.26352,1.2668538e+06,6.2296934,0.54235834,367.58884,1.5068488e+06,6.215148,0.006958012,51.309456,210163.75,6.4493637,Ship-Water-Cloud-1.bmp,5152,1232
56.07556,2901.2454,2.4763244e+07,7.090196,0.18615723,59.265697,242894.25,5.4118276,0.5184326,58.900723,242358.25,5.462688,0.01086426,13.625921,55812.25,5.695862,Ship-Water-Cloud-1.bmp,5264,1232
53.433716,1057.9523,1.6028116e+07,7.6291685,-0.028686523,5.8331003,23895.75,6.995576,0.15270998,5.7000074,23442.75,6.6880393,0.0037841802,1.8566141,7604.75,7.4558997,Ship-Water-Cloud-1.bmp,5376,1232
95.826294,6240.486,6.317328e+07,7.482772,-0.39538574,11.512432,47795.25,6.8810244,0.4534912,13.78513,57306.25,6.692817,-0.018188477,2.5922594,10619.25,7.3901033,Ship-Water-Cloud-1.bmp,5488,1232
160.41553,6565.1426,1.3229378e+08,7.9515634,0.009033203,25.6381,105014.0,7.066179,-0.49682617,24.146961,99917.0,7.048853,0.0024414044,5.0703063,20768.0,6.82841,Ship-Water-Cloud-1.bmp,5600,1232
138.19824,8298.784,1.1222032e+08,7.7215824,-0.1027832,149.59026,612765.0,6.7875896,-0.6210938,131.74876,541223.0,6.7043667,-0.0046386747,28.838356,118122.0,6.831249,Ship-Water-Cloud-1.bmp,5712,1232
162.38428,4780.6123,1.2758739e+08,8.014866,-0.12915039,241.85307,990698.5,7.2841396,0.06738282,229.87985,941606.5,7.2010345,-0.016357422,49.80234,203991.5,7.1535664,Ship-Water-Cloud-1.bmp,5824,1232
146.97034,1899.7246,9.625602e+07,8.180639,-0.32434082,207.43173,850071.25,7.1748314,-0.2664795,176.4984,723228.25,7.132532,0.009643548,36.884003,151077.25,7.1741276,Ship-Water-Cloud-1.bmp,5936,1232
130.53076,925.25244,7.357862e+07,8.220863,0.13989258,121.66719,498429.0,6.8735504,-0.04614262,91.90828,376465.0,6.730111,-0.028808594,23.489405,96216.0,6.8800244,Ship-Water-Cloud-1.bmp,6048,1232
119.494995,267.5331,5.958282e+07,8.279925,0.028442387,25.738756,105429.25,7.0929565,0.122680664,23.144922,94863.25,7.0204725,-0.008422853,6.864736,28118.25,7.144972,Ship-Water-Cloud-1.bmp,6160,1232
122.95349,305.94577,6.317468e+07,8.277195,-0.19030762,21.623146,88716.75,7.3329167,0.019165147,19.274963,78951.75,7.2922935,0.014038088,6.5849476,26972.75,7.391939,Ship-Water-Cloud-1.bmp,6272,1232
138.51965,159.40959,7.9245736e+07,8.301334,-0.03845215,19.899826,81515.75,7.3982396,0.03967283,17.676832,72410.75,7.374523,0.03527832,6.053626,24800.75,7.3761506,Ship-Water-Cloud-1.bmp,6384,1232
140.45398,205.29799,8.1644e+07,8.297224,-0.01940918,21.818409,89369.75,7.4722805,0.14709474,18.847443,77287.75,7.419421,-0.007934568,7.322385,29992.75,7.4059305,Ship-Water-Cloud-1.bmp,6496,1232
136.0227,1171.4128,8.058302e+07,8.225407,0.115722656,105.9307,433947.0,6.7733903,0.13647462,62.538258,256233.0,6.8833675,-0.020996092,18.573044,76077.0,6.991579,Ship-Water-Cloud-1.bmp,6608,1232
108.066284,2592.9297,5.845505e+07,7.9976435,0.23791504,94.53269,387437.75,6.519406,0.13977048,72.165955,295671.75,6.5371366,0.014038083,18.965805,77684.75,6.6374354,Ship-Water-Cloud-1.bmp,6720,1232
94.66589,2208.7056,4.57537e+07,7.926469,-0.057250977,45.732864,187335.25,6.508793,-0.0972901,55.64343,227954.25,6.425021,0.051147457,12.320931,50477.25,6.673048,Ship-Water-Cloud-1.bmp,6832,1232
236.22119,10292.01,2.7071472e+08,8.024347,-0.057128903,501.99976,2.0562045e+06,6.86646,0.58007824,467.52545,1.9163625e+06,6.9713464,-0.0019531362,83.12951,340498.5,6.910774,Ship-Water-Cloud-1.bmp,0,1344
215.26135,11816.023,2.3819662e+08,7.9150696,-0.051635742,632.17914,2.5894168e+06,6.89048,0.12292488,673.73047,2.7596618e+06,6.921489,-0.0059814267,95.43398,390897.75,6.931861,Ship-Water-Cloud-1.bmp,112,1344
217.42834,12565.439,2.4510678e+08,7.9108896,0.017944336,699.58386,2.8654968e+06,6.945241,-0.023559462,719.07605,2.9453378e+06,7.0102577,-0.03601073,112.41002,460436.75,6.92699,Ship-Water-Cloud-1.bmp,224,1344
192.78809,12902.045,2.0508382e+08,7.8313756,0.41235352,790.1913,3.23732e+06,6.8113184,0.2441407,632.0679,2.589194e+06,6.891425,0.05200197,122.70823,502624.0,6.7650766,Ship-Water-Cloud-1.bmp,336,1344
182.66724,12585.672,1.8822346e+08,7.7990713,-0.26953125,646.81726,2.6496615e+06,6.817951,0.03198248,493.11188,2.0197905e+06,6.667962,-0.0024414044,96.639755,395836.5,6.731311,Ship-Water-Cloud-1.bmp,448,1344
172.63257,14207.795,1.8026413e+08,7.6673656,-0.30371094,586.3567,2.402095e+06,6.6741753,-0.3164063,506.55078,2.075242e+06,6.6405373,0.006103521,86.560745,354553.0,6.714768,Ship-Water-Cloud-1.bmp,560,1344
228.80237,25885.777,3.2045587e+08,7.7245765,-0.11071777,691.09204,2.8307632e+06,6.3878756,-0.28430185,682.42584,2.7955472e+06,6.345665,-0.038696297,98.95584,405329.25,6.5441656,Ship-Water-Cloud-1.bmp,672,1344
196.47827,13543.204,2.1359376e+08,7.796469,0.5656738,725.8861,2.97454e+06,6.777199,0.14184567,703.9945,2.883644e+06,6.854679,-0.011962887,96.0338,393355.0,6.818619,Ship-Water-Cloud-1.bmp,784,1344
163.42383,10452.033,1.5220483e+08,7.749733,-0.11767578,815.6628,3.3410115e+06,6.830255,0.49340808,683.4645,2.8004675e+06,6.9235487,-0.017333984,116.41388,476832.5,6.904305,Ship-Water-Cloud-1.bmp,896,1344
193.28857,14610.713,2.1287398e+08,7.798123,0.24121094,830.75085,3.402994e+06,6.721019,0.018066421,779.52264,3.192926e+06,6.8601775,-0.06738281,124.20151,508748.0,6.84343,Ship-Water-Cloud-1.bmp,1008,1344
190.49121,10146.032,1.901893e+08,7.884408,0.28393555,765.3953,3.1353895e+06,6.8662014,-0.3254394,911.0138,3.7319465e+06,6.965558,-0.09863281,135.45868,554878.5,6.873838,Ship-Water-Cloud-1.bmp,1120,1344
191.19958,10470.212,1.926246e+08,7.8877726,0.006713867,793.04443,3.2483102e+06,6.8142853,-0.43151858,770.10364,3.1551072e+06,6.960806,-0.0062256046,123.708755,506711.25,6.868176,Ship-Water-Cloud-1.bmp,1232,1344
197.96484,13483.971,2.1575291e+08,7.806284,0.056396477,783.3096,3.208449e+06,6.8802223,-0.24438465,841.9171,3.448737e+06,6.8676977,0.04345701,145.31183,595205.0,6.8475275,Ship-Water-Cloud-1.bmp,1344,1344
188.09302,9257.206,1.8282982e+08,7.9141355,0.63549805,561.76624,2.3026485e+06,6.865111,-0.16918933,601.44806,2.4636485e+06,6.7672544,0.014892578,102.0065,417819.5,6.858263,Ship-Water-Cloud-1.bmp,1456,1344
190.6687,10405.865,1.9153069e+08,7.9160295,-0.26391602,128.15898,525224.5,6.6953325,-0.4328613,156.62549,642305.5,6.580565,0.007568363,22.978334,94119.5,6.473103,Ship-Water-Cloud-1.bmp,1568,1344
193.05188,6390.87,1.7883094e+08,8.033884,0.11804199,215.1137,881162.75,6.702911,-0.21081549,209.68182,859038.75,6.869034,0.030151365,32.62403,133631.75,6.978816,Ship-Water-Cloud-1.bmp,1680,1344
282.94202,9300.2,3.6600378e+08,8.1213665,-0.70983887,253.74582,1.04140675e+06,6.4935303,-0.4964598,290.68854,1.1916698e+06,6.6071625,-0.020874025,36.552727,149721.75,6.79362,Ship-Water-Cloud-1.bmp,1792,1344
300.74475,11026.834,4.156385e+08,8.110944,0.3572998,261.36288,1.0710652e+06,6.260626,0.2760011,254.39069,1.04229625e+06,6.2910743,-0.006958004,36.737076,150475.25,6.2698526,Ship-Water-Cloud-1.bmp,1904,1344
363.74426,13065.15,5.954561e+08,8.154461,-0.46105957,371.54553,1.5227212e+06,6.550158,0.77526844,418.35556,1.7160462e+06,6.609968,0.07434083,69.61563,285168.25,6.6293216,Ship-Water-Cloud-1.bmp,2016,1344
436.94788,5369.207,8.040147e+08,8.267483,0.15710449,106.09256,434656.25,6.000581,0.37121588,85.43501,350506.25,6.182273,-0.01281738,15.176166,62162.25,6.167331,Ship-Water-Cloud-1.bmp,2128,1344
262.54553,11929.208,3.3119994e+08,8.02779,1.1939697,589.3368,2.4197628e+06,6.956406,-0.20300286,567.1389,2.3231698e+06,6.8815355,0.0020751934,96.460144,395100.75,6.805006,Ship-Water-Cloud-1.bmp,2240,1344
229.38623,8435.898,2.5007696e+08,8.051592,-0.36694336,594.27466,2.4347005e+06,6.958806,0.28149408,616.33154,2.5248185e+06,6.972041,-0.019042963,107.41065,439955.5,6.941919,Ship-Water-Cloud-1.bmp,2352,1344
244.16113,6664.0596,2.7147763e+08,8.121634,0.15039062,438.41132,1.7958255e+06,6.6625423,0.26757807,526.5575,2.1570725e+06,6.691506,-0.0053710975,82.94808,339755.5,6.725667,Ship-Water-Cloud-1.bmp,2464,1344
245.51758,22184.264,3.3776902e+08,7.8457904,-0.15161133,909.38904,3.7249515e+06,6.539994,0.69799805,805.5774,3.3016405e+06,6.6469088,0.028320309,154.59135,633209.5,6.695518,Ship-Water-Cloud-1.bmp,2576,1344
243.0664,27578.918,3.5496016e+08,7.757904,0.5703125,883.37616,3.619641e+06,6.407503,0.810547,633.4885,2.59746e+06,6.5788693,0.14843751,147.2873,603379.0,6.554207,Ship-Water-Cloud-1.bmp,2688,1344
209.41943,23428.254,2.7559834e+08,7.670703,-0.099365234,870.3324,3.564922e+06,6.4040933,0.43481445,722.36536,2.959583e+06,6.3736186,0.22167969,150.2929,615801.0,6.407063,Ship-Water-Cloud-1.bmp,2800,1344
190.25635,18100.123,2.2240298e+08,7.659751,0.11450195,587.60675,2.406891e+06,6.2931585,0.5512695,837.4815,3.431569e+06,6.372508,-0.06616212,106.620865,436737.0,6.388606,Ship-Water-Cloud-1.bmp,2912,1344
194.87427,7690.2627,1.8704893e+08,7.9868603,0.095703125,295.46667,1.210269e+06,6.750683,0.16015622,276.35815,1.132068e+06,6.9280705,-0.057861324,50.798164,208083.0,6.777526,Ship-Water-Cloud-1.bmp,3024,1344
176.32227,6063.9224,1.5218058e+08,8.003961,0.0690918,436.11853,1.786361e+06,6.9889326,-0.2631836,365.84308,1.498777e+06,7.065419,-0.016357414,71.45749,292691.0,6.984791,Ship-Water-Cloud-1.bmp,3136,1344
215.57898,9215.359,2.2810483e+08,7.98573,-0.08581543,564.1627,2.3108408e+06,6.8434515,-0.0660401,502.37958,2.0577648e+06,7.056186,-0.0140380785,106.90819,437896.75,6.978368,Ship-Water-Cloud-1.bmp,3248,1344
269.745,18720.547,3.74714e+08,7.9395504,-0.21618652,673.2159,2.7576838e+06,6.797998,-0.15637195,724.01746,2.9656758e+06,7.031106,0.02844238,112.255486,459801.75,6.9125996,Ship-Water-Cloud-1.bmp,3360,1344
293.33496,19528.227,4.3242957e+08,8.002779,-0.38110352,362.3623,1.484831e+06,6.47769,0.8691405,324.12692,1.330718e+06,6.385524,-0.050048828,52.30096,214235.0,6.65889,Ship-Water-Cloud-1.bmp,3472,1344
413.92896,9031.289,7.3878925e+08,8.229102,-0.3466797,40.82476,167710.5,6.7152815,0.7153322,38.183247,158494.5,6.7536716,-0.024169922,7.219265,29572.5,6.7819295,Ship-Water-Cloud-1.bmp,3584,1344
454.24304,3678.9414,8.6022426e+08,8.284517,-0.2298584,28.210045,115764.75,6.392256,-0.10437009,22.063263,90415.75,6.622504,0.026733402,3.7738824,15460.75,6.673078,Ship-Water-Cloud-1.bmp,3696,1344
493.02002,1331.7042,1.00106426e+09,8.307624,0.46972656,13.827452,57541.0,5.906327,0.049560487,10.885239,44596.0,5.704604,0.0153808575,1.5947341,6533.0,5.951417,Ship-Water-Cloud-1.bmp,3808,1344
285.4972,17582.02,4.058754e+08,7.9880695,0.97717285,256.63358,1.0550822e+06,6.809199,0.07653797,195.32916,800092.25,6.6895137,0.042846687,34.18035,140010.25,6.759227,Ship-Water-Cloud-1.bmp,3920,1344
156.32202,3159.1807,1.1303221e+08,8.10116,-0.3359375,330.34454,1.3535535e+06,7.084463,0.6625978,255.12433,1.0467875e+06,6.9500856,0.030517574,52.358566,214464.5,7.069791,Ship-Water-Cloud-1.bmp,4032,1344
125.09534,6885.9976,9.230271e+07,7.754068,-0.5313721,410.86432,1.6840568e+06,6.3726945,0.81530774,217.75757,894657.75,6.775469,0.010375975,40.82015,167199.75,6.6636295,Ship-Water-Cloud-1.bmp,4144,1344
166.28552,4421.2036,1.3136723e+08,8.077,-0.37634277,190.4473,780652.25,6.6853127,0.66345215,95.758385,394029.25,6.911235,-0.032104485,23.606453,96696.25,7.0310125,Ship-Water-Cloud-1.bmp,4256,1344
142.84192,3944.5452,9.973088e+07,8.00965,0.10168457,238.45615,976758.75,6.69603,0.35729972,102.614716,420832.75,6.955559,-0.06652832,30.298979,124122.75,7.0625076,Ship-Water-Cloud-1.bmp,4368,1344
117.484375,2246.0813,6.573531e+07,8.083786,0.09545898,96.41899,394969.5,6.803471,0.39233398,78.901375,323810.5,6.736883,0.027832035,19.013264,77881.5,6.9867954,Ship-Water-Cloud-1.bmp,4480,1344
103.67944,3561.478,5.8617468e+07,7.8872824,0.05200196,96.032936,393362.0,6.5908227,0.37280267,71.29314,292586.0,6.836658,0.017333984,19.100775,78238.0,6.9042416,Ship-Water-Cloud-1.bmp,4592,1344
80.93396,1672.6497,3.3681228e+07,7.9221807,0.07043457,31.958603,130922.75,6.879804,0.26379395,45.945244,188476.75,6.37681,-0.00012206938,7.972595,32655.75,6.9890924,Ship-Water-Cloud-1.bmp,4704,1344
78.69934,1935.9636,3.3298634e+07,7.8972893,0.033325195,28.79509,117949.25,6.8972754,0.19738773,34.17814,140153.25,6.683248,-0.007202146,7.8730564,32248.25,7.0574694,Ship-Water-Cloud-1.bmp,4816,1344
82.473755,3265.9019,4.12378e+07,7.703285,-0.036499023,23.749828,97284.75,6.6934137,0.5233154,31.5857,130496.75,6.210553,-0.01037598,6.865798,28122.75,6.8133388,Ship-Water-Cloud-1.bmp,4928,1344
48.684692,2574.9011,2.0255132e+07,6.9660797,0.17932129,37.31983,152993.75,5.3862057,0.29748535,37.79889,155186.75,5.556711,0.0010986323,8.476744,34720.75,5.8449454,Ship-Water-Cloud-1.bmp,5040,1344
31.207153,187.3009,4.756223e+06,8.070358,-0.013793945,2.2239919,9110.25,7.503352,0.09509279,2.2205105,9132.25,7.524063,-0.012573242,1.7081549,6997.25,7.5038977,Ship-Water-Cloud-1.bmp,5152,1344
61.659912,9240.011,5.341985e+07,6.2874613,-0.046142567,139.80708,572658.5,5.1143017,0.011474639,250.98483,1.0280345e+06,5.1783333,0.01733398,47.083313,192854.5,5.125388,Ship-Water-Cloud-1.bmp,5264,1344
30.781982,987.0601,7.924083e+06,6.588684,-0.026855469,42.800297,175313.0,3.966838,-0.0061035156,59.503624,243727.0,3.762478,0.007812504,12.362975,50639.0,4.302599,Ship-Water-Cloud-1.bmp,5376,1344
87.9386,3558.19,4.6249524e+07,7.7013445,-0.4210205,71.24504,292545.75,6.6980147,-0.5482178,72.84076,299586.75,6.6461487,0.015014641,15.982869,65466.75,6.859045,Ship-Water-Cloud-1.bmp,5488,1344
176.45544,6989.956,1.5616605e+08,7.9756713,-0.47521973,244.25555,1.00139575e+06,7.103479,-0.1405029,204.97995,839678.75,7.1550775,-0.007690428,53.221558,217995.75,6.977914,Ship-Water-Cloud-1.bmp,5600,1344
185.16699,5390.3057,1.6251749e+08,8.06023,0.31835938,231.90282,950289.0,7.1940017,0.06420891,203.76614,834643.0,7.1043186,-0.009521479,52.627354,215562.0,7.0300403,Ship-Water-Cloud-1.bmp,5712,1344
165.89233,713.6162,1.1564598e+08,8.271671,0.050781246,117.17967,479978.5,6.9516172,0.065429784,104.45996,427885.5,6.9881315,-0.0041503957,25.30186,103636.5,7.048065,Ship-Water-Cloud-1.bmp,5824,1344
163.33069,438.4948,1.1106471e+08,8.287064,0.049926758,64.97278,266138.75,6.8913717,0.088501036,54.57902,223587.75,6.9064894,0.007446293,14.393195,58954.75,7.08873,Ship-Water-Cloud-1.bmp,5936,1344
139.68652,875.2484,8.3507496e+07,8.247179,0.111572266,92.20728,377732.0,6.7689004,0.020263687,69.28695,283801.0,6.7750406,-0.04296875,18.12535,74249.0,6.9315515,Ship-Water-Cloud-1.bmp,6048,1344
132.58557,667.825,7.473873e+07,8.255308,-0.002319334,70.246025,287727.75,6.6250725,-0.0052489936,52.294098,214196.75,6.5489497,-0.013549808,15.838378,64874.75,6.980883,Ship-Water-Cloud-1.bmp,6160,1344
135.80347,204.13373,7.637694e+07,8.295965,-0.049072266,20.246616,82940.0,7.3212576,-0.08227532,17.124578,70170.0,7.296649,-0.009521486,6.5721755,26920.0,7.294668,Ship-Water-Cloud-1.bmp,6272,1344
135.75037,305.08838,7.673139e+07,8.285473,0.045288086,23.702599,97094.25,7.3865767,-0.06091302,20.159437,82588.25,7.3605328,-0.022827148,7.8518343,32163.25,7.326198,Ship-Water-Cloud-1.bmp,6384,1344
131.20972,1397.3892,7.62404e+07,8.215881,0.020019533,39.66622,162474.5,7.0677657,0.09863283,45.91203,188095.5,6.7305603,-0.005126953,10.924656,44747.5,7.1845965,Ship-Water-Cloud-1.bmp,6496,1344
118.423584,2848.9556,6.911222e+07,8.096436,-0.21289062,69.51877,284934.5,6.7553644,-0.005371064,80.151215,328299.5,6.6521444,0.008544924,15.042285,61613.5,6.996887,Ship-Water-Cloud-1.bmp,6608,1344
113.91821,2505.2002,6.341656e+07,8.021135,-0.15234375,90.00194,368743.0,6.8618827,0.06811526,70.0979,287140.0,6.899673,0.008300781,19.104424,78252.0,7.036696,Ship-Water-Cloud-1.bmp,6720,1344
102.75781,4920.754,6.340576e+07,7.7263494,0.16552734,53.03778,217355.0,7.078105,0.12597659,56.814945,232779.0,7.051562,0.017578121,10.590021,43378.0,7.146532,Ship-Water-Cloud-1.bmp,6832,1344
201.64124,13551.875,2.2204851e+08,7.8533535,0.14587402,783.58496,3.2096512e+06,6.929974,0.17517096,623.7768,2.5551152e+06,6.9528055,0.007934574,106.37012,435692.25,6.9245844,Ship-Water-Cloud-1.bmp,0,1456
190.7384,11090.106,1.944422e+08,7.8520517,0.103393555,876.6885,3.5909598e+06,6.9113617,0.20568843,733.1969,3.0033478e+06,6.931949,0.016967766,122.2411,500700.75,6.934896,Ship-Water-Cloud-1.bmp,112,1456
215.97034,9545.146,2.3014741e+08,7.9935474,-0.115356445,765.7499,3.1365662e+06,7.036558,0.33898926,635.8734,2.6050082e+06,7.024003,-0.0338135,122.54042,501930.25,6.999451,Ship-Water-Cloud-1.bmp,224,1456
186.64075,9658.568,1.822447e+08,7.895543,0.93395996,719.28784,2.9497758e+06,6.954813,0.24890125,526.0996,2.1551578e+06,6.9587092,0.032348633,113.76257,465975.75,6.929193,Ship-Water-Cloud-1.bmp,336,1456
175.38184,12539.382,1.7734931e+08,7.8084164,0.08081055,700.59015,2.869644e+06,6.6372004,-0.1518554,553.01917,2.265261e+06,6.595174,0.06225585,97.36917,398840.0,6.6513586,Ship-Water-Cloud-1.bmp,448,1456
200.11023,9325.236,2.0221682e+08,7.925221,-0.491333,597.10706,2.4467392e+06,6.866468,0.05114743,464.77258,1.9037192e+06,6.922002,0.017456062,92.06714,377108.25,6.894212,Ship-Water-Cloud-1.bmp,560,1456
238.68579,19732.48,3.1417706e+08,7.8397427,0.056640625,852.72546,3.4927765e+06,6.490301,0.59228516,686.8302,2.8146935e+06,6.497472,-0.055419914,107.97264,442268.5,6.6242185,Ship-Water-Cloud-1.bmp,672,1456
186.74829,8807.729,1.7892416e+08,7.917921,0.11791992,846.8042,3.468567e+06,6.9971523,-0.062744126,762.05225,3.121382e+06,6.9674797,-0.0012207143,118.39258,484936.0,6.9545984,Ship-Water-Cloud-1.bmp,784,1456
174.56482,8498.005,1.5962472e+08,7.8987226,-0.4058838,748.25415,3.0655238e+06,7.028981,-0.124389626,690.03455,2.8264448e+06,6.9758215,-0.012084965,108.61283,444878.75,6.996957,Ship-Water-Cloud-1.bmp,896,1456
177.68433,10214.684,1.711571e+08,7.850339,0.028076172,731.4853,2.996167e+06,6.9121456,-0.34521478,691.0549,2.831049e+06,6.9500203,-0.037597653,118.01959,483414.0,6.965505,Ship-Water-Cloud-1.bmp,1008,1456
192.75964,9616.488,1.9158125e+08,7.9186983,0.22766113,770.0919,3.1545088e+06,7.009272,-0.11779778,905.31885,3.7082428e+06,7.030734,-0.0579834,137.4336,562941.75,6.922144,Ship-Water-Cloud-1.bmp,1120,1456
213.22461,10927.514,2.3098266e+08,7.9397106,-0.059814457,935.07666,3.8300885e+06,6.927182,0.21337897,804.7324,3.2963705e+06,7.0276318,-0.06372073,138.37595,566804.5,7.04137,Ship-Water-Cloud-1.bmp,1232,1456
196.07727,11188.032,2.033022e+08,7.872157,0.5767822,807.89746,3.3105108e+06,7.087207,0.15319826,731.03625,2.9944208e+06,7.006608,-0.099243164,142.93686,585509.75,6.8819237,Ship-Water-Cloud-1.bmp,1344,1456
202.0774,8515.746,2.0214178e+08,7.981789,-0.24072264,656.42224,2.688943e+06,7.090144,0.04321295,682.25275,2.794515e+06,6.9268417,0.012207022,116.00644,475163.0,6.948573,Ship-Water-Cloud-1.bmp,1456,1456
203.20984,7722.279,2.0077165e+08,8.017239,-0.34753418,330.59387,1.3546072e+06,6.6793337,0.15661623,308.8947,1.2653332e+06,6.6592855,0.017700197,58.105705,238002.25,6.6755314,Ship-Water-Cloud-1.bmp,1568,1456
272.19714,8012.278,3.362962e+08,8.144339,-0.5875244,123.02353,505318.25,6.315862,-0.32043445,146.10098,598850.25,6.2420826,-0.08459473,22.517075,92259.25,6.425748,Ship-Water-Cloud-1.bmp,1680,1456
361.75854,6000.8193,5.606198e+08,8.23457,-0.19897461,74.72176,306222.5,6.0740023,0.19140625,71.88365,294585.5,6.4570236,-0.01660156,9.77841,40053.5,6.616458,Ship-Water-Cloud-1.bmp,1792,1456
366.64746,8930.164,5.8720474e+08,8.201809,0.41015625,271.05978,1.11095e+06,6.513916,0.19165024,190.65198,781061.0,6.7792573,-0.015869137,36.622307,150006.0,6.5950875,Ship-Water-Cloud-1.bmp,1904,1456
382.37402,9707.339,6.38637e+08,8.209391,-0.07543944,367.6264,1.505821e+06,6.6663218,0.35961926,292.74127,1.199598e+06,6.6392956,0.0014648382,66.32129,271652.0,6.712498,Ship-Water-Cloud-1.bmp,2016,1456
339.1521,12492.781,5.223093e+08,8.145617,-0.082519524,315.28275,1.291426e+06,6.5902433,-0.15624991,224.92017,921373.0,6.5502787,-0.04516602,42.176178,172762.0,6.6554823,Ship-Water-Cloud-1.bmp,2128,1456
272.93176,16331.143,3.7201056e+08,7.979119,0.45837402,576.5724,2.3625012e+06,6.6813,-0.84436035,455.66602,1.8693282e+06,6.834558,0.030395523,75.18322,307954.25,6.6299877,Ship-Water-Cloud-1.bmp,2240,1456
211.41687,10709.516,2.2694547e+08,7.9380364,0.54504395,618.219,2.5334418e+06,6.9271173,-0.02746576,558.6235,2.2881248e+06,6.943609,0.021606455,89.157684,365191.75,6.9808683,Ship-Water-Cloud-1.bmp,2352,1456
194.4165,9885.016,1.9530872e+08,7.929155,-0.31103516,412.94073,1.6918015e+06,6.693655,-0.033691466,491.5534,2.0134075e+06,6.6142693,0.1040039,74.59453,305583.5,6.660985,Ship-Water-Cloud-1.bmp,2464,1456
213.06934,16612.762,2.539983e+08,7.840887,0.65844727,621.689,2.548214e+06,6.41669,-0.45239258,701.5856,2.874533e+06,6.603721,0.05419922,82.863266,339420.0,6.6137266,Ship-Water-Cloud-1.bmp,2576,1456
85.51782,7416.201,6.0332028e+07,7.08346,0.47924805,223.70197,917224.0,5.6585803,0.10595697,203.63965,834154.0,5.8817835,-0.019531243,28.197126,115497.0,6.083259,Ship-Water-Cloud-1.bmp,2688,1456
83.28027,7003.349,5.709395e+07,7.0602207,-0.3696289,210.82445,864096.5,5.816287,0.70507807,123.071335,506136.5,6.395046,-0.0039062463,23.668074,96944.5,6.1911297,Ship-Water-Cloud-1.bmp,2800,1456
93.78491,5175.7114,5.7226536e+07,7.380167,-0.21704102,86.21779,353341.0,5.7325125,-0.05126959,95.24176,390121.0,6.3750744,0.005859377,14.113003,57807.0,6.592048,Ship-Water-Cloud-1.bmp,2912,1456
105.321655,4649.1606,6.447846e+07,7.654566,-0.20056152,59.796265,245090.25,6.821767,-0.14318848,58.549625,239903.25,6.8758063,0.029418949,12.905933,52866.25,6.898697,Ship-Water-Cloud-1.bmp,3024,1456
182.93677,7889.962,1.6939346e+08,7.9425755,-0.25439453,198.07066,811562.5,6.503927,-0.22143565,169.3793,693978.5,6.1839466,0.016601557,26.79477,109752.5,6.6527686,Ship-Water-Cloud-1.bmp,3136,1456
152.45361,10271.531,1.3727186e+08,7.6587534,0.65356445,468.04977,1.9188815e+06,6.8301644,0.5124512,426.22116,1.7468775e+06,6.713223,0.10546874,75.77806,310432.5,6.8283644,Ship-Water-Cloud-1.bmp,3248,1456
154.37671,9349.788,1.3591328e+08,7.678252,-0.06640625,461.90512,1.8919815e+06,7.0014844,-0.021972716,413.6068,1.6941355e+06,7.0992613,0.0632324,75.49808,309256.5,7.1097326,Ship-Water-Cloud-1.bmp,3360,1456
142.46802,2750.4648,9.440298e+07,8.099052,-0.31567383,416.11176,1.704802e+06,7.249535,0.14208981,254.19637,1.041271e+06,7.280788,-0.05615233,72.46634,296835.0,7.299797,Ship-Water-Cloud-1.bmp,3472,1456
153.80725,5909.706,1.2110388e+08,7.962039,-0.1751709,264.89062,1.0851178e+06,7.1665397,0.8536377,203.10156,834888.75,7.223445,-0.03796386,50.715782,207737.75,7.073708,Ship-Water-Cloud-1.bmp,3584,1456
280.03284,14712.805,3.8146534e+08,8.046087,-0.8692627,107.59357,443798.25,6.8143177,1.3277588,98.12311,409133.25,6.756225,-0.045043945,18.138412,74303.25,6.641403,Ship-Water-Cloud-1.bmp,3696,1456
404.64807,8580.509,7.05825e+08,8.228831,0.14562988,37.771576,154799.25,6.912532,0.8443604,37.998787,158563.25,6.912703,0.012329103,4.6805735,19172.25,7.02174,Ship-Water-Cloud-1.bmp,3808,1456
175.06763,19855.61,2.0686555e+08,7.55766,0.88378906,297.97394,1.2237005e+06,6.211939,1.1491697,264.56503,1.0890675e+06,5.919223,-0.00048828125,43.754272,179217.5,5.8932233,Ship-Water-Cloud-1.bmp,3920,1456
54.318115,2192.4805,2.1065474e+07,7.19618,-0.1262207,76.38068,312920.5,5.5519595,0.62109375,54.170273,223461.5,5.507362,-0.017578125,11.02154,45145.5,5.878584,Ship-Water-Cloud-1.bmp,4032,1456
38.874634,533.74335,8.37624e+06,7.5478735,0.08605957,19.949442,81743.25,4.7352414,0.22302246,14.141483,58127.25,5.1009417,-0.013793947,2.8489914,11670.25,6.0545816,Ship-Water-Cloud-1.bmp,4144,1456
37.19702,586.5604,8.069852e+06,7.3929353,0.01708984,20.19954,82738.5,4.5591908,0.2590332,14.25114,58647.5,4.9788895,0.015136721,2.7154691,11123.5,6.1007347,Ship-Water-Cloud-1.bmp,4256,1456
40.769287,343.56882,8.215362e+06,7.814701,-0.055908203,12.002002,49173.0,4.740539,0.11254881,15.908964,65215.0,4.4249153,0.0046386714,2.214822,9072.0,6.5003643,Ship-Water-Cloud-1.bmp,4368,1456
41.802734,47.64126,7.35277e+06,8.272568,0.045166016,1.6066027,6589.0,7.5103016,-0.020507807,1.639472,6717.0,7.5405664,0.009521484,1.0541085,4318.0,7.539788,Ship-Water-Cloud-1.bmp,4480,1456
35.072266,146.41408,5.6380535e+06,8.1313305,-0.043701172,1.8746771,7686.5,7.4993625,-0.042236328,1.9238753,7887.5,7.5130663,-0.0053710938,1.3033156,5338.5,7.5132313,Ship-Water-Cloud-1.bmp,4592,1456
39.56604,127.46628,6.934273e+06,8.190483,0.047973633,1.7939022,7357.25,7.4721575,-0.0633545,1.7211448,7066.25,7.498419,-0.004272461,1.12016,4588.25,7.517708,Ship-Water-Cloud-1.bmp,4704,1456
60.389038,1578.0132,2.1400982e+07,7.7076583,-0.20031738,7.2991676,30061.75,7.143264,-0.14660642,5.7216096,23523.75,7.1348367,0.002319335,1.8895819,7739.75,7.085989,Ship-Water-Cloud-1.bmp,4816,1456
81.29297,3084.8416,3.970412e+07,7.688078,0.05419922,9.603752,39349.0,7.122234,0.06713873,10.667612,43713.0,7.1149015,-0.002685545,2.3105395,9464.0,6.968143,Ship-Water-Cloud-1.bmp,4928,1456
52.17334,2257.5525,2.0396482e+07,7.349471,0.15527344,11.014708,45215.0,7.039077,-0.26098633,8.299318,34273.0,7.100027,0.009033203,2.2054849,9034.0,7.385014,Ship-Water-Cloud-1.bmp,5040,1456
33.384766,1418.6516,1.0375964e+07,7.150415,0.12011719,7.85984,32253.0,6.937096,-0.39038086,7.2560506,30345.0,6.8614063,0.006591796,1.8683647,7653.0,7.1651325,Ship-Water-Cloud-1.bmp,5152,1456
41.714966,1706.3612,1.4116862e+07,7.245125,-0.021606445,8.022055,32860.25,6.9688225,-0.27087402,9.462089,39057.25,6.8367057,-0.002075194,2.0584064,8431.25,7.2013454,Ship-Water-Cloud-1.bmp,5264,1456
67.74927,3197.8003,3.1898678e+07,7.514329,-0.38134766,110.27779,452293.5,6.6731024,-0.21948244,84.23808,345236.5,6.634219,0.025878906,21.71259,88937.5,6.7274127,Ship-Water-Cloud-1.bmp,5376,1456
155.2544,3911.2979,1.1475037e+08,8.062915,-0.10424805,257.23364,1.0536735e+06,7.2176485,-0.111084014,229.26245,939109.5,7.2094727,-0.019531252,50.48607,206792.5,7.165568,Ship-Water-Cloud-1.bmp,5488,1456
159.03625,7006.1807,1.3229552e+08,7.903905,0.2376709,199.88791,818972.25,6.8192325,-0.06970217,205.31844,841004.25,6.6571107,0.037475586,47.254517,193560.25,6.6336703,Ship-Water-Cloud-1.bmp,5600,1456
122.104614,3066.0903,7.362818e+07,7.9714203,-0.20617676,110.57901,453105.75,6.551841,0.11169437,99.00871,405590.75,6.5130196,0.0030517606,23.964773,98159.75,6.69166,Ship-Water-Cloud-1.bmp,5712,1456
164.74475,703.3889,1.1404994e+08,8.274254,-0.12658691,68.806915,281898.75,6.8481503,-0.03430174,61.823715,253234.75,6.8079767,0.002563476,15.477225,63394.75,7.0487423,Ship-Water-Cloud-1.bmp,5824,1456
145.31836,455.70557,8.8363544e+07,8.27607,0.08300781,28.744577,117766.0,7.292734,0.02709964,23.576412,96572.0,7.331742,0.024658203,8.201297,33595.0,7.34939,Ship-Water-Cloud-1.bmp,5936,1456
138.73474,298.3181,8.005897e+07,8.28702,-0.09436035,26.843454,109987.25,7.3270817,0.0057373308,22.744413,93161.25,7.348691,0.025756834,7.548226,30920.25,7.32913,Ship-Water-Cloud-1.bmp,6048,1456
130.71765,923.0328,7.376952e+07,8.232824,-0.065795906,100.41406,411313.75,6.805887,-0.110961884,76.14852,311954.75,6.6891885,0.015258793,22.166456,90794.75,6.9283586,Ship-Water-Cloud-1.bmp,6160,1456
134.1654,198.0407,7.454063e+07,8.29596,0.064819336,26.999155,110605.75,6.922308,-0.0059814556,24.034569,98445.75,6.790757,0.006225587,7.508933,30756.75,7.1247663,Ship-Water-Cloud-1.bmp,6272,1456
117.53284,2594.039,6.72072e+07,8.117714,-0.03527832,56.96293,233325.25,6.7598114,0.16027838,67.45631,276406.25,6.4746037,0.030151367,14.424201,59085.25,6.952533,Ship-Water-Cloud-1.bmp,6384,1456
111.35364,2797.479,6.2247372e+07,8.08131,-0.10461426,45.3087,185629.25,6.675551,-0.1654053,70.34453,288243.25,6.405425,-0.0098876925,12.432824,50925.25,6.774247,Ship-Water-Cloud-1.bmp,6496,1456
120.62561,693.972,6.244151e+07,8.23964,-0.03137207,34.24297,140263.25,6.8137655,-0.096801765,32.813934,134444.25,6.7103825,0.008911135,8.972881,36753.25,7.0392513,Ship-Water-Cloud-1.bmp,6608,1456
81.047,1290.6919,3.2191724e+07,8.01531,0.05432129,39.313274,161039.25,6.421235,0.28723145,20.433916,84035.25,6.910212,-0.020874027,6.756949,27678.25,7.0850563,Ship-Water-Cloud-1.bmp,6720,1456
35.552246,2799.9475,1.6645774e+07,6.8007097,0.23291016,37.209545,152632.5,6.1217113,0.48461914,23.965952,99126.5,6.226022,-0.0075683584,4.2498207,17407.5,6.1592,Ship-Water-Cloud-1.bmp,6832,1456
202.53088,9326.099,2.0621253e+08,7.958302,-0.023803707,744.4302,3.0491882e+06,7.0550437,-0.115600556,624.0355,2.5561042e+06,7.044879,-0.014526382,107.09042,438643.25,7.0616665,Ship-Water-Cloud-1.bmp,0,1568
170.99841,9731.562,1.5962939e+08,7.812042,-0.046020508,817.7223,3.3493992e+06,6.9900455,0.07531731,640.30786,2.6227242e+06,6.904509,-0.06726074,113.632256,465456.25,6.945797,Ship-Water-Cloud-1.bmp,112,1568
174.1101,9453.559,1.6288928e+08,7.833043,-0.12475587,639.58984,2.6198235e+06,6.99565,0.48413092,525.2743,2.1524835e+06,6.945364,0.029052714,101.804695,416995.5,6.9315243,Ship-Water-Cloud-1.bmp,224,1568
179.42969,9438.983,1.7053285e+08,7.86922,0.017578125,598.676,2.4521785e+06,6.9190807,0.15039065,450.66083,1.8459995e+06,7.0335903,0.03759765,93.64862,383590.5,7.0379486,Ship-Water-Cloud-1.bmp,336,1568
192.54016,14781.608,2.123912e+08,7.765195,-0.48376465,545.05927,2.2335212e+06,6.9248486,0.61120605,487.76025,1.9993962e+06,6.877748,-0.04699708,82.21391,336757.25,6.988783,Ship-Water-Cloud-1.bmp,448,1568
185.99036,5435.18,1.6395302e+08,8.030605,0.13952637,398.85156,1.6337758e+06,7.290825,0.25061032,339.59314,1.3912308e+06,7.2106853,-0.00061034225,71.06317,291074.75,7.2146025,Ship-Water-Cloud-1.bmp,560,1568
187.87354,11173.7705,1.9034208e+08,7.838093,0.6647949,675.5875,2.769017e+06,6.9248004,0.25195312,548.37695,2.246412e+06,6.768312,-0.113525406,109.166565,447199.0,6.7726502,Ship-Water-Cloud-1.bmp,672,1568
186.14795,8882.828,1.7831482e+08,7.92422,0.7944336,789.96814,3.2382945e+06,6.998641,-0.09252922,620.4169,2.5412625e+06,6.9902,-0.07348633,99.863365,409062.5,6.91681,Ship-Water-Cloud-1.bmp,784,1568
233.50903,14817.398,2.8403248e+08,7.903466,0.3022461,789.8694,3.235679e+06,6.928579,-0.70825195,601.79407,2.467003e+06,6.954431,-0.07275389,102.93855,421658.0,6.822652,Ship-Water-Cloud-1.bmp,896,1568
209.04272,10385.734,2.215305e+08,7.953946,-0.02734375,815.74963,3.3413135e+06,6.663479,-0.5744629,469.55222,1.9246375e+06,6.9095407,0.08056642,85.927956,351987.5,6.778738,Ship-Water-Cloud-1.bmp,1008,1568
195.71143,9788.734,1.9698358e+08,7.917553,0.24414062,654.9248,2.682816e+06,6.973294,-0.56665045,682.75146,2.797865e+06,6.941302,0.06420897,97.5452,399562.0,6.9385357,Ship-Water-Cloud-1.bmp,1120,1568
186.06323,9626.43,1.8123144e+08,7.8978224,0.29589844,755.6349,3.095439e+06,6.9294987,-0.5898438,658.19574,2.697395e+06,6.9944897,-0.035400398,114.80466,470245.0,6.960594,Ship-Water-Cloud-1.bmp,1232,1568
198.9331,8559.169,1.97155e+08,7.9667273,-0.64331055,532.33923,2.1821565e+06,6.967803,0.014648497,522.8458,2.1415775e+06,7.036258,0.031005865,92.09878,377240.5,7.0132675,Ship-Water-Cloud-1.bmp,1344,1568
249.88159,13949.249,3.1289366e+08,7.972649,-0.5456543,367.35693,1.5059135e+06,7.0462914,0.052246034,435.85434,1.7852705e+06,7.090173,0.018554684,67.290794,275624.5,7.078349,Ship-Water-Cloud-1.bmp,1456,1568
204.16663,8746.193,2.0656211e+08,7.9756737,0.45300293,306.14435,1.2548078e+06,6.7597494,-0.0067138374,361.14493,1.4792498e+06,6.6125855,-0.041625977,43.75894,179243.75,6.889777,Ship-Water-Cloud-1.bmp,1568,1568
232.77905,10038.585,2.6306426e+08,8.022621,-0.19873047,279.7614,1.1460645e+06,6.0595803,0.06396481,324.15204,1.3277435e+06,6.5124483,-0.03344726,32.422832,132808.5,6.4836435,Ship-Water-Cloud-1.bmp,1680,1568
268.9619,7194.043,3.257735e+08,8.146713,-0.08325195,193.04568,790743.5,6.4437003,0.41259766,245.13507,1.0047705e+06,6.4098186,0.061767578,20.574186,84287.5,6.6086764,Ship-Water-Cloud-1.bmp,1792,1568
305.30225,14010.894,4.391746e+08,8.069013,-0.38085938,333.06134,1.3648135e+06,6.4063034,0.19604497,590.95074,2.4206915e+06,6.46514,-0.040283207,52.58273,215385.5,6.553011,Ship-Water-Cloud-1.bmp,1904,1568
326.47437,15987.051,5.020572e+08,8.084683,0.13916016,344.75336,1.412189e+06,6.4463024,0.2966308,491.4403,2.0133e+06,6.7805653,0.0068359356,54.79658,224447.0,6.6465235,Ship-Water-Cloud-1.bmp,2016,1568
308.4037,23587.441,4.8619632e+08,7.9724684,0.258667,365.52765,1.4974752e+06,6.475376,1.5155029,482.96844,1.9876462e+06,6.6199045,-0.03674316,56.885185,233007.25,6.5364,Ship-Water-Cloud-1.bmp,2128,1568
194.44043,20948.879,2.4066442e+08,7.605421,0.32006836,268.95508,1.1020595e+06,6.2171597,0.79614246,286.42804,1.1758055e+06,6.6998425,-0.036132816,36.181923,148206.5,6.6546674,Ship-Water-Cloud-1.bmp,2240,1568
194.8075,11120.804,2.0099386e+08,7.8885508,0.2503662,504.11548,2.0651138e+06,6.860065,-0.017700225,446.98328,1.8308448e+06,6.936449,0.021362308,72.21506,295794.75,6.9878006,Ship-Water-Cloud-1.bmp,2352,1568
189.7561,13892.369,2.0438936e+08,7.7767987,0.31445312,563.8441,2.3099105e+06,6.5207014,0.46874997,574.69446,2.3548485e+06,6.4676743,-0.01342774,87.75336,359438.5,6.409996,Ship-Water-Cloud-1.bmp,2464,1568
108.54114,9574.063,8.747107e+07,7.3263903,0.868042,290.86426,1.1944662e+06,6.2285004,0.12536627,321.34296,1.3162852e+06,5.922522,-0.009643562,52.63376,215588.25,6.0772653,Ship-Water-Cloud-1.bmp,2576,1568
32.835693,810.984,7.738027e+06,7.3024387,0.08203125,32.649033,133758.0,5.5921564,0.02050782,26.797186,109763.0,5.5983977,0.019775394,7.0928698,29054.0,6.114991,Ship-Water-Cloud-1.bmp,2688,1568
91.44153,17508.156,1.0596232e+08,6.8166776,-1.0950928,24.493336,105236.75,6.604043,-0.08483893,19.02741,77965.75,6.540408,-0.019897461,3.2680979,13387.75,7.041995,Ship-Water-Cloud-1.bmp,2800,1568
309.28247,22719.86,4.8486608e+08,7.980936,-0.203125,29.114014,119420.0,7.140547,-1.4890137,21.732544,98098.0,7.20786,0.07861328,4.362472,17894.0,7.3634644,Ship-Water-Cloud-1.bmp,2912,1568
266.979,15199.862,3.5421245e+08,7.9985437,-0.82299805,37.51127,156420.5,7.313917,-1.0749512,25.4259,108877.5,7.3033276,-0.035644535,4.583324,18778.5,7.44024,Ship-Water-Cloud-1.bmp,3024,1568
337.10828,12400.677,5.162708e+08,8.1397505,0.557251,30.145466,124747.75,7.0287733,-0.824829,22.25978,93962.75,7.0937834,-0.00427246,5.3175473,21780.75,7.2602773,Ship-Water-Cloud-1.bmp,3136,1568
185.99487,6739.1187,1.6930083e+08,7.994974,0.5090332,111.515045,457827.0,6.678115,-0.38891608,98.08776,402387.0,6.650076,0.018798832,20.056288,82152.0,6.7556014,Ship-Water-Cloud-1.bmp,3248,1568
138.51343,2844.887,9.023839e+07,8.086428,-0.08911133,212.3308,869739.5,6.8922234,0.3840332,169.2225,693739.5,6.8899093,0.015380856,37.2599,152617.5,7.038945,Ship-Water-Cloud-1.bmp,3360,1568
115.5686,3868.0776,7.055024e+07,7.9199066,0.5197754,205.82555,844168.0,6.7313843,0.24121095,127.31388,521716.0,6.840542,0.0039062463,37.499493,153598.0,6.895564,Ship-Water-Cloud-1.bmp,3472,1568
32.05298,2025.0099,1.2502644e+07,6.589197,0.30444336,46.1788,189528.0,5.1157694,0.17675781,31.533943,129291.0,5.395742,-0.007812502,6.9660034,28533.0,5.626406,Ship-Water-Cloud-1.bmp,3584,1568
40.44861,4608.1387,2.5576362e+07,6.3806505,-0.37438965,13.3541565,55272.75,5.3941417,0.58703613,24.64678,102364.75,4.8705974,-0.020629883,2.066164,8464.75,6.079135,Ship-Water-Cloud-1.bmp,3696,1568
99.81909,12878.766,9.356337e+07,7.0357895,0.14941406,24.212173,99264.5,5.148876,1.043457,30.434755,129120.5,5.7997828,0.007080078,4.518139,18506.5,5.7338953,Ship-Water-Cloud-1.bmp,3808,1568
49.785034,1281.71,1.5402022e+07,7.2083197,0.16931152,25.129717,103048.75,3.5080976,0.29650876,36.09342,148198.75,3.3323374,0.024047852,5.238374,21458.75,4.826091,Ship-Water-Cloud-1.bmp,3920,1568
36.834595,188.99628,6.33153e+06,8.080642,-0.051635742,2.9135323,11944.75,7.20065,-0.028930672,2.486895,10189.75,7.399229,-0.012817384,1.505878,6168.75,7.5110197,Ship-Water-Cloud-1.bmp,4032,1568
56.95117,707.55896,1.6183276e+07,7.90294,-0.0017089844,5.775997,23658.5,6.9610834,-0.0825195,4.188869,17185.5,7.0758753,-0.0075683594,1.441471,5904.5,7.447884,Ship-Water-Cloud-1.bmp,4144,1568
39.358887,4.735458,6.3646e+06,8.3116665,-0.037597656,1.3499045,5535.0,7.5617943,-0.056884766,1.2660512,5199.0,7.532486,-0.0036621094,1.0463732,4286.0,7.5573697,Ship-Water-Cloud-1.bmp,4256,1568
42.773315,6.151921,7.519062e+06,8.3110485,0.026245117,1.5517402,6358.75,7.534606,-0.041870136,1.4547288,5965.75,7.528762,0.009399414,1.1285126,4622.75,7.520733,Ship-Water-Cloud-1.bmp,4368,1568
43.777588,4.2765813,7.8674075e+06,8.313313,0.004882811,1.6324222,6686.5,7.5349503,-0.030761747,1.6175841,6629.501,7.5111513,-0.024658203,1.1337914,4646.5,7.4854856,Ship-Water-Cloud-1.bmp,4480,1568
44.110596,5.1983376,7.9910625e+06,8.312435,0.029785156,2.0783362,8516.5,7.5395746,-0.014648436,1.9757376,8093.5,7.5150824,-0.01586914,1.577751,6463.5,7.5108714,Ship-Water-Cloud-1.bmp,4592,1568
62.006348,928.87695,1.9552928e+07,7.856576,-0.15576172,6.565826,26993.0,6.8156075,-0.0073242337,6.6286077,27151.0,6.5893297,-0.0146484375,1.6482227,6752.0,7.4164486,Ship-Water-Cloud-1.bmp,4704,1568
82.34851,1815.0532,3.521057e+07,7.8870373,0.26940918,11.949085,49240.75,7.145212,0.011596695,11.418994,46772.75,7.0756226,-0.0357666,2.3756127,9735.75,7.359519,Ship-Water-Cloud-1.bmp,4816,1568
58.239014,3565.7,2.8497848e+07,7.1628084,-0.19824219,9.829352,40422.0,6.792264,-0.31103516,10.601987,43822.0,6.710978,-0.012939454,1.991776,8159.0,7.2630987,Ship-Water-Cloud-1.bmp,4928,1568
126.62793,4288.8296,8.3244904e+07,7.9299355,-0.35058594,21.483292,88499.0,7.30962,-0.38330084,18.97564,78326.0,7.2014685,-0.01611328,3.9120936,16025.0,7.4084644,Ship-Water-Cloud-1.bmp,5040,1568
155.30164,7900.6523,1.31150856e+08,7.812316,-0.26672363,31.076626,127581.25,7.2832985,-0.98791504,26.284096,111657.25,7.165056,0.005249021,4.147006,16986.25,7.3623514,Ship-Water-Cloud-1.bmp,5152,1568
163.83105,16753.123,1.7855997e+08,7.5566964,-0.10839844,28.309904,116005.5,7.268569,-1.5842285,24.115587,109057.5,7.1721263,-0.0070800763,4.5557356,18660.5,7.367888,Ship-Water-Cloud-1.bmp,5264,1568
201.94275,14990.405,2.2843917e+08,7.8275766,-0.22937012,76.51178,313607.75,6.7998943,-1.4290771,62.52384,264462.75,6.793759,-0.006958008,13.511122,55341.75,6.7634335,Ship-Water-Cloud-1.bmp,5376,1568
183.9961,6849.622,1.6672435e+08,7.9872036,-0.075683594,61.923225,253661.0,6.6460047,-0.5961914,55.444363,228556.0,6.576452,0.002441408,10.506096,43033.0,6.7157574,Ship-Water-Cloud-1.bmp,5488,1568
218.32031,5318.8013,2.1701658e+08,8.129744,0.111328125,74.482605,305131.5,6.621685,-0.38256836,37.705082,155039.5,6.6997766,-0.0031738263,10.796499,44222.5,6.8157997,Ship-Water-Cloud-1.bmp,5600,1568
143.55823,6267.523,1.100861e+08,7.792182,0.07312012,55.077232,225618.25,5.898917,-0.52941895,45.17192,186172.25,6.110566,0.008422856,9.304922,38113.25,6.253577,Ship-Water-Cloud-1.bmp,5712,1568
151.96436,1861.9089,1.0221598e+08,8.179409,0.011230469,71.86096,294343.0,6.8808546,-0.07519532,68.92574,282343.0,6.8769035,-0.0043945257,17.72044,72583.0,7.029463,Ship-Water-Cloud-1.bmp,5824,1568
145.36243,400.58112,8.819022e+07,8.282015,0.015991211,36.940235,151308.25,6.856327,-0.025756828,28.481573,116663.25,7.0451603,-0.041625977,8.728797,35760.25,7.2960954,Ship-Water-Cloud-1.bmp,5936,1568
133.48657,512.08136,7.508274e+07,8.263081,0.0034179688,33.10594,135602.0,7.2332935,0.058349647,28.461197,116591.0,7.1320086,-0.026367184,8.546668,35010.0,7.244282,Ship-Water-Cloud-1.bmp,6048,1568
112.529785,2232.1265,6.101024e+07,8.098354,0.14404297,63.963505,262079.5,6.776484,0.14477545,65.427895,268078.5,6.669636,0.041748047,15.253017,62483.5,6.8946075,Ship-Water-Cloud-1.bmp,6160,1568
108.885376,3128.2988,6.1375788e+07,8.022091,-0.16149902,90.91722,372503.75,6.845416,0.11096195,110.69832,453470.75,6.725843,-0.031616207,21.026283,86127.75,6.966423,Ship-Water-Cloud-1.bmp,6272,1568
130.06543,1852.9167,7.688165e+07,8.176337,-0.2006836,83.75185,343212.5,6.857384,-0.104736395,83.36831,341521.5,6.780591,0.0031738253,19.711292,80737.5,7.000701,Ship-Water-Cloud-1.bmp,6384,1568
131.25061,184.66003,7.131702e+07,8.295671,-0.032836914,19.994955,81903.75,7.0214148,0.015502928,17.021183,69719.75,7.091304,-0.013549805,5.9489737,24367.75,7.291598,Ship-Water-Cloud-1.bmp,6496,1568
124.76611,371.6847,6.5283144e+07,8.269366,-0.045898438,30.991667,126950.5,6.8574286,-0.21704102,23.267467,95496.5,6.892169,-0.038818356,8.378986,34326.5,7.128351,Ship-Water-Cloud-1.bmp,6608,1568
49.93811,1995.8197,1.8389544e+07,7.4713182,0.38171387,15.156845,62679.25,6.4187646,0.099731416,11.114138,45564.25,6.242747,-0.017700195,3.5949621,14726.25,6.7511263,Ship-Water-Cloud-1.bmp,6720,1568
17.046509,345.4369,2.6051392e+06,6.7874637,-0.13391113,3.9035153,16062.25,6.6964064,-0.038208004,2.6421556,10828.25,6.733409,-0.004760743,0.97538024,3995.25,7.1737804,Ship-Water-Cloud-1.bmp,6832,1568
177.31494,7361.636,1.589339e+08,7.9405046,0.23828126,528.2059,2.163764e+06,6.9751596,-0.4599609,535.0707,2.192516e+06,6.8278584,-0.018554691,93.113174,381393.0,6.9038277,Ship-Water-Cloud-1.bmp,0,1680
208.18652,11711.202,2.2549642e+08,7.8882384,0.06445312,594.6565,2.43573e+06,6.776163,-0.38305658,875.86255,3.588134e+06,6.7586937,-0.03637695,114.68715,469764.0,6.831255,Ship-Water-Cloud-1.bmp,112,1680
209.49048,10975.129,2.2471226e+08,7.9168754,-0.22241211,608.7206,2.493522e+06,6.756456,0.23486322,616.6238,2.525917e+06,6.739641,-0.077148445,93.94352,384817.0,6.7240095,Ship-Water-Cloud-1.bmp,224,1680
185.04724,20874.318,2.257584e+08,7.5986657,-0.7677002,695.22955,2.8500742e+06,6.5393524,0.10021973,515.405,2.1111402e+06,6.7305784,-0.019897465,82.03701,336025.25,6.919114,Ship-Water-Cloud-1.bmp,336,1680
256.80054,29339.76,3.9029258e+08,7.8113008,-0.3798828,635.12756,2.6020735e+06,6.479533,-0.06274414,874.85114,3.5834065e+06,6.713662,0.05566407,109.196976,447283.5,6.6011343,Ship-Water-Cloud-1.bmp,448,1680
242.28125,18111.584,3.1462106e+08,7.858404,0.9069824,596.56494,2.4468995e+06,6.641454,-0.71704096,682.3245,2.7969075e+06,6.766529,-0.019042995,81.01465,331837.5,6.7126307,Ship-Water-Cloud-1.bmp,560,1680
182.7583,10617.5625,1.8029837e+08,7.7953987,0.38745117,512.1044,2.0981945e+06,6.5996895,-1.2924806,505.54617,2.0775595e+06,6.7364407,-0.024658205,72.194336,295710.5,6.5732455,Ship-Water-Cloud-1.bmp,672,1680
173.80566,11079.146,1.6911382e+08,7.793477,0.6833496,563.23456,2.3089215e+06,6.466654,0.20556644,463.59094,1.8990415e+06,6.7743616,-0.044677727,71.8387,294259.5,6.4418936,Ship-Water-Cloud-1.bmp,784,1680
157.12695,15307.723,1.6382608e+08,7.533575,-0.6154785,316.41663,1.297594e+06,5.946843,1.7895507,499.66443,2.059743e+06,6.328412,-0.016845688,38.2817,156803.0,6.4221554,Ship-Water-Cloud-1.bmp,896,1680
158.94604,18779.875,1.8040309e+08,7.473254,0.14233398,425.34558,1.7422985e+06,5.762775,1.1525879,473.18365,1.9436015e+06,6.246152,-0.015869139,42.908318,175753.5,5.8873544,Ship-Water-Cloud-1.bmp,1008,1680
210.02527,21015.086,2.6675488e+08,7.7007995,-0.19812012,485.26968,1.9878252e+06,6.114999,0.65637213,853.7506,3.4987272e+06,6.433629,0.006713856,81.46828,333694.25,6.1481724,Ship-Water-Cloud-1.bmp,1120,1680
189.44482,21701.062,2.3589027e+08,7.619276,0.16577148,345.2146,1.4141115e+06,6.258298,0.26293942,875.64923,3.5869425e+06,6.574151,0.051757812,63.821903,261425.5,6.4453473,Ship-Water-Cloud-1.bmp,1232,1680
109.88428,11914.01,9.825716e+07,7.2148037,0.27026367,184.25604,755012.0,5.8531513,0.38256836,414.85168,1.699832e+06,6.3989124,0.03710937,36.87045,151027.0,5.987811,Ship-Water-Cloud-1.bmp,1344,1680
77.825195,9179.624,6.240823e+07,6.8555403,0.16430664,240.67882,985931.0,5.216741,0.9133301,299.72638,1.231096e+06,6.249544,0.046386715,28.461472,116587.0,5.728685,Ship-Water-Cloud-1.bmp,1456,1680
110.60486,11401.915,9.681039e+07,7.337865,-0.7010498,184.42693,757425.75,6.0107,0.477417,309.42166,1.2683248e+06,6.242197,-0.011108398,39.188778,160517.75,6.1277113,Ship-Water-Cloud-1.bmp,1568,1680
164.25464,16639.793,1.78665e+08,7.583933,0.03222657,642.6923,2.632472e+06,6.2860885,0.5947266,633.05817,2.594455e+06,6.424839,0.00024415925,80.64746,330332.0,6.404331,Ship-Water-Cloud-1.bmp,1680,1680
148.15894,10280.402,1.3202012e+08,7.707064,0.22802734,117.47888,481406.5,5.727051,0.5927734,178.3548,731980.5,5.6430387,0.02612305,19.175955,78547.5,5.6696415,Ship-Water-Cloud-1.bmp,1792,1680
111.08899,13173.733,1.04507384e+08,7.160813,-0.44104004,230.70605,945768.75,5.585445,0.7767334,202.93446,833690.75,5.9833164,0.025512688,28.541035,116906.75,5.888567,Ship-Water-Cloud-1.bmp,1904,1680
146.76599,22080.438,1.7867037e+08,7.288393,-0.016235359,280.00702,1.1469098e+06,5.678199,0.88464355,415.52103,1.7051798e+06,5.817277,-0.003540039,54.033615,221321.75,5.693792,Ship-Water-Cloud-1.bmp,2016,1680
72.40869,9396.26,5.996248e+07,6.6053653,0.20410156,110.159164,451382.5,5.3173513,0.63720703,149.47665,613919.5,4.9335446,0.0024414018,17.427849,71384.5,5.3250217,Ship-Water-Cloud-1.bmp,2128,1680
48.449707,2796.1384,2.1067828e+07,6.8394547,-0.22241211,73.32212,300530.0,5.229631,0.18334961,190.59969,780834.0,5.39351,0.03515625,19.347153,79251.0,5.2543116,Ship-Water-Cloud-1.bmp,2240,1680
79.56665,5265.0674,4.7496884e+07,7.2297125,-0.07910156,128.02292,524407.5,5.5154448,0.13476565,110.85574,454139.5,5.4889174,0.011962889,16.262917,66613.5,5.7325926,Ship-Water-Cloud-1.bmp,2352,1680
89.07117,5802.689,5.6264136e+07,7.140907,-0.0015869141,183.47772,751524.75,4.88972,0.009399399,249.77867,1.02309375e+06,4.797922,0.029418945,37.14434,152146.75,4.945412,Ship-Water-Cloud-1.bmp,2464,1680
55.023193,1682.9933,1.9294392e+07,7.064253,0.16040039,81.671906,334633.5,4.2450056,0.05541995,160.6294,657950.5,3.990825,0.0002441397,22.891481,93763.5,4.3190775,Ship-Water-Cloud-1.bmp,2576,1680
41.746338,111.91283,7.5967265e+06,8.228623,0.060058594,2.177423,8933.5,7.18767,-0.08251954,2.0506856,8427.5,7.454379,0.010986328,1.5551771,6370.5,7.502082,Ship-Water-Cloud-1.bmp,2688,1680
49.379395,7590.447,4.107785e+07,6.070049,-0.7746582,11.666873,50245.5,5.868992,0.29101562,7.3373075,30400.502,5.9544897,-0.0080566425,1.6470298,6746.5,7.145301,Ship-Water-Cloud-1.bmp,2800,1680
328.61255,28175.81,5.577196e+08,7.996694,-1.2019043,24.626839,106788.5,7.012331,0.9814452,22.069847,94343.5,7.0730324,0.014160158,3.1656928,12967.5,7.2743893,Ship-Water-Cloud-1.bmp,2912,1680
360.77478,18459.143,6.0873766e+08,8.104855,-0.46105957,39.696053,163465.75,7.0124207,0.70983875,25.05515,104689.75,7.1454706,0.013549805,3.3334951,13654.75,7.2270293,Ship-Water-Cloud-1.bmp,3024,1680
443.70654,3421.5276,8.2041664e+08,8.285064,0.22314453,18.829723,77330.5,7.086014,-0.08251953,19.909082,81575.5,6.8926425,-0.029296875,4.149166,16998.5,7.2992306,Ship-Water-Cloud-1.bmp,3136,1680
295.00635,9218.618,3.942292e+08,8.128397,1.0217285,29.385635,124639.5,7.177034,-0.2839356,26.515694,108938.5,7.2800646,0.0043945285,4.7149463,19312.5,7.3980103,Ship-Water-Cloud-1.bmp,3248,1680
108.41443,4304.736,6.5775308e+07,7.731576,0.6053467,12.713818,53576.75,6.6944656,0.113403335,15.822284,64860.75,6.403606,0.026489258,2.493622,10216.75,7.122609,Ship-Water-Cloud-1.bmp,3360,1680
58.459717,1058.3933,1.8333416e+07,7.7204,0.080078125,9.624323,39447.5,5.496072,-0.19750978,12.710624,52222.5,5.0229483,0.010253908,2.3313155,9549.5,6.793803,Ship-Water-Cloud-1.bmp,3472,1680
34.28894,295.92206,6.027893e+06,7.6759024,0.08117676,10.34955,42418.75,3.590696,-0.14855957,16.72152,68581.75,2.876424,0.019653318,2.5010176,10245.75,5.367273,Ship-Water-Cloud-1.bmp,3584,1680
39.037964,1095.939,1.0731116e+07,7.139749,-0.41003418,4.1552973,17708.75,6.3775496,-0.030639622,3.1296153,12822.751,6.5152693,-0.017700195,1.1629558,4764.75,7.032531,Ship-Water-Cloud-1.bmp,3696,1680
154.41968,10044.625,1.388137e+08,7.772006,-0.28955078,16.550926,68136.0,7.158848,-0.6481933,16.753674,70344.0,7.1370635,-0.00048828125,3.038818,12447.0,7.187315,Ship-Water-Cloud-1.bmp,3808,1680
116.18054,5812.0,7.909342e+07,7.695491,0.4251709,15.409135,63856.25,6.0545425,-0.43688965,13.433456,55805.25,6.9295883,0.029907225,3.5648398,14605.25,6.7618237,Ship-Water-Cloud-1.bmp,3920,1680
39.87097,293.30225,7.712754e+06,7.996107,0.022583008,3.052774,12506.25,7.095151,-0.06311037,2.5478358,10452.25,7.245127,-0.0028076177,1.2695842,5200.25,7.4556923,Ship-Water-Cloud-1.bmp,4032,1680
61.763428,530.8934,1.7799636e+07,8.0589695,-0.06347656,4.8081036,19710.5,7.1459675,-0.025878899,5.321474,21799.5,7.132717,0.005126953,1.5413556,6313.5,7.450321,Ship-Water-Cloud-1.bmp,4144,1680
47.84668,47.309982,9.570774e+06,8.2759285,0.028076172,1.5619558,6401.0,7.4564214,-0.07836914,1.5109482,6214.0,7.4441023,0.0107421875,1.1109684,4551.0,7.5289383,Ship-Water-Cloud-1.bmp,4256,1680
45.4917,33.207817,8.61267e+06,8.286585,0.02709961,1.2567118,5150.5,7.490693,-0.057128884,1.2622392,5183.5,7.482871,0.0021972656,0.83214843,3408.5,7.499857,Ship-Water-Cloud-1.bmp,4368,1680
43.743896,4.213463,7.855071e+06,8.313372,-4.656613e-10,1.4294434,5855.0,7.49487,0.0007324293,1.3764644,5638.0,7.4842663,0.001953125,1.0131798,4150.0,7.467302,Ship-Water-Cloud-1.bmp,4480,1680
48.63672,18.772081,9.766103e+06,8.302073,-0.00463867,1.837869,7528.0,7.4831114,-0.02099609,1.7629868,7223.0,7.506097,-0.0012207031,1.2001939,4916.0,7.476734,Ship-Water-Cloud-1.bmp,4592,1680
44.680054,157.1488,8.820556e+06,8.122334,0.02331543,5.4215145,22208.75,3.8371072,0.1541748,3.3291962,13733.75,5.995186,-0.007934571,1.2554913,5142.75,6.7517643,Ship-Water-Cloud-1.bmp,4704,1680
45.4657,328.30075,9.811683e+06,7.9582376,0.04748535,2.952396,12102.25,6.9276686,0.19616699,3.1432204,13032.25,6.8356295,-0.028686523,1.3188181,5405.25,7.457674,Ship-Water-Cloud-1.bmp,4816,1680
120.15906,15811.611,1.2390322e+08,7.096286,-0.87731934,35.533474,148697.75,5.5800757,-0.52697754,41.625065,171633.75,5.7572002,0.027954103,7.1251335,29187.75,5.5400143,Ship-Water-Cloud-1.bmp,4928,1680
256.47766,14920.967,3.3055443e+08,7.9583845,-0.19445801,135.43674,554903.75,6.3025084,-0.4381104,169.86171,696539.75,6.226029,-0.015991211,28.370531,116206.75,6.191716,Ship-Water-Cloud-1.bmp,5040,1680
379.1588,9017.092,6.2578074e+08,8.205547,-0.6512451,49.044693,202624.25,6.8315425,-0.54504395,48.948353,201709.25,6.7681546,-0.0015869141,9.765195,39998.25,6.427562,Ship-Water-Cloud-1.bmp,5152,1680
486.31287,2037.1858,9.7704915e+08,8.301921,0.033325195,13.319995,54563.25,6.1780934,-0.72253406,12.709206,54195.242,6.174983,0.010620115,2.0106905,8236.25,6.331089,Ship-Water-Cloud-1.bmp,5264,1680
484.92798,2243.2004,9.723836e+08,8.30028,0.10864258,10.430336,42771.0,6.314382,-0.60717773,10.4338255,44247.0,6.1470094,0.024169922,1.5614276,6398.0,6.2672462,Ship-Water-Cloud-1.bmp,5376,1680
420.2953,12170.22,7.7339994e+08,8.20533,0.39709473,17.452484,72131.25,6.792199,-0.8902587,15.819561,68043.25,6.708047,0.010864258,2.8966713,11865.25,6.8112297,Ship-Water-Cloud-1.bmp,5488,1680
269.26733,10081.207,3.3827267e+08,8.061695,0.5698242,90.20777,370821.0,6.472019,-0.5659178,68.86406,283379.0,6.739141,0.011474611,16.682243,68331.0,6.4487963,Ship-Water-Cloud-1.bmp,5600,1680
263.3673,3456.0342,2.9826406e+08,8.225383,-0.08337402,47.383003,194109.25,6.8788443,-0.500122,51.252136,210953.25,6.9288764,0.030639648,9.695656,39717.25,7.0952144,Ship-Water-Cloud-1.bmp,5712,1680
185.51086,1323.4371,1.463817e+08,8.239486,0.4744873,44.49355,183167.75,7.270919,-0.09680168,40.05966,164122.75,7.3119364,0.014282227,11.391825,46661.75,7.2992945,Ship-Water-Cloud-1.bmp,5824,1680
143.86584,1051.5964,8.9083816e+07,8.232895,0.07751465,64.50003,264216.75,6.974801,0.039672934,58.306473,238829.75,7.0818257,-0.011352535,13.99395,57319.75,7.192931,Ship-Water-Cloud-1.bmp,5936,1680
110.66797,2453.7505,6.021591e+07,8.079496,0.09472656,65.622375,268826.0,6.8081837,0.026123047,80.74444,330732.0,6.6773734,-0.02709961,16.820065,68898.0,6.944303,Ship-Water-Cloud-1.bmp,6048,1680
106.73547,3125.6716,5.946627e+07,8.02301,-0.15612793,37.896217,155322.75,6.692119,-0.27429202,53.346577,218815.75,6.418119,-0.039916992,10.596489,43409.75,6.876024,Ship-Water-Cloud-1.bmp,6160,1680
137.80286,319.95667,7.9092056e+07,8.288052,-0.11413574,25.406834,104119.75,7.1130934,-0.1295166,24.884531,101995.75,7.1522574,-0.041625977,6.820472,27943.75,7.3304873,Ship-Water-Cloud-1.bmp,6272,1680
147.73792,225.06589,9.0323176e+07,8.297432,-0.15979004,28.829266,118189.25,7.2053556,-0.02478031,25.847591,105874.25,7.013923,-0.00061035156,8.669005,35508.25,7.2804327,Ship-Water-Cloud-1.bmp,6384,1680
143.9878,306.8735,8.617722e+07,8.287575,0.0014648419,26.483028,108474.5,7.0484896,0.00952143,26.102327,106915.5,6.968658,0.032470703,7.0881786,29037.5,7.196581,Ship-Water-Cloud-1.bmp,6496,1680
145.69324,351.35126,8.838296e+07,8.284048,0.04284668,32.323174,132403.25,7.014817,0.007934544,31.13647,127535.25,7.0254292,-0.0023193369,9.627985,39436.25,7.171643,Ship-Water-Cloud-1.bmp,6608,1680
77.73645,2930.244,3.6754224e+07,7.7613487,0.4281006,10.482441,43686.75,7.149932,-0.43005377,10.636282,44323.75,7.1093345,-0.037231445,3.68825,15112.75,7.172061,Ship-Water-Cloud-1.bmp,6720,1680
24.681274,651.1278,5.1621605e+06,6.9642735,-0.12121582,3.181779,13092.75,7.0242004,-0.19763182,2.9257245,12143.75,7.0600386,0.022338867,1.2694595,5201.75,7.3843303,Ship-Water-Cloud-1.bmp,6832,1680
252.79736,11116.986,3.0729622e+08,8.048863,0.7219238,221.10553,907783.0,6.5879574,-0.2687989,337.2893,1.381833e+06,6.5558476,-0.026855476,41.80446,171234.0,6.652131,Ship-Water-Cloud-1.bmp,0,1792
163.34863,9951.863,1.5005549e+08,7.7881036,0.45141602,195.78122,802754.5,6.380833,0.7729492,329.24374,1.3510295e+06,6.4468117,-0.008056639,40.92999,167649.5,6.5198646,Ship-Water-Cloud-1.bmp,112,1792
135.1101,7983.248,1.074708e+08,7.733623,0.061523438,401.02893,1.64263e+06,6.8973627,0.36279303,301.3296,1.234785e+06,6.966175,0.024169926,62.384186,255528.0,6.8790565,Ship-Water-Cloud-1.bmp,224,1792
106.14734,7003.3115,7.483626e+07,7.5595107,0.064575195,263.04327,1.0774422e+06,6.952144,0.41149905,223.09341,914484.25,6.8735104,0.01330566,46.37635,189958.25,6.9371333,Ship-Water-Cloud-1.bmp,336,1792
100.43994,9533.078,8.036868e+07,7.233584,-0.16503906,185.06213,758126.0,5.7228327,0.3164063,401.63892,1.645523e+06,6.1811113,0.00048828078,28.857422,118200.0,5.829759,Ship-Water-Cloud-1.bmp,448,1792
131.34656,14618.872,1.3054275e+08,7.369344,0.26062012,329.245,1.3488658e+06,5.792663,0.8231201,373.78165,1.5337848e+06,6.203988,-0.0020751953,35.554863,145632.75,5.9361143,Ship-Water-Cloud-1.bmp,560,1792
188.17993,37903.28,3.002981e+08,7.3439074,0.15649414,269.669,1.1046645e+06,5.0435405,0.81103504,308.575,1.2666175e+06,5.6288724,-0.029785153,26.567596,108824.5,5.4302096,Ship-Water-Cloud-1.bmp,672,1792
68.37024,7014.0615,4.7876308e+07,6.5054502,0.24743652,163.65904,670598.25,4.7004447,0.44909674,167.01836,684933.25,5.198787,-0.004272459,18.978315,77735.25,5.148686,Ship-Water-Cloud-1.bmp,784,1792
47.78882,944.24664,1.3221961e+07,7.3264985,0.028564453,74.907394,306824.0,3.319211,0.15942386,55.240944,226371.0,4.8397527,0.02758789,8.712618,35690.0,4.6290565,Ship-Water-Cloud-1.bmp,896,1792
48.487305,2863.3335,2.1357986e+07,6.5565004,0.01928711,91.446526,374566.5,4.932355,-0.19799802,161.45702,661488.5,5.2287917,0.01953126,24.051256,98515.5,4.6550384,Ship-Water-Cloud-1.bmp,1008,1792
35.937134,1979.1135,1.3396341e+07,6.091808,-0.01159668,71.07122,291108.25,4.149869,0.27868652,123.40653,505791.25,4.4908915,-0.010375978,13.24263,54242.25,4.5973825,Ship-Water-Cloud-1.bmp,1120,1792
30.524048,52.410984,4.0309902e+06,8.218046,-0.036499023,1.9259746,7894.25,7.47985,0.007934578,2.584959,10588.25,6.8771715,0.0025634766,1.4243708,5834.25,7.462656,Ship-Water-Cloud-1.bmp,1232,1792
29.417358,14.340157,3.6033378e+06,8.286882,0.02331543,1.7491512,7166.75,7.5000315,0.012329083,1.906037,7807.75,7.567204,0.03479004,1.3334453,5466.75,7.5293427,Ship-Water-Cloud-1.bmp,1344,1792
27.616821,11.343104,3.1704348e+06,8.289563,0.002319336,1.7286932,7080.75,7.4971447,0.04040529,1.8025057,7389.7505,7.541547,-0.0037841797,1.3177958,5397.75,7.5146976,Ship-Water-Cloud-1.bmp,1456,1792
32.6073,1304.4268,9.697946e+06,5.9823027,-0.06506348,15.738625,64482.75,3.932008,0.39074707,33.71322,138714.75,3.3352542,-0.014526366,3.954806,16199.75,5.6164865,Ship-Water-Cloud-1.bmp,1568,1792
36.376465,1464.9187,1.1420327e+07,6.1747603,-0.012451172,17.939419,73480.5,3.857874,0.3779297,18.53185,76491.5,3.8657534,-0.00805664,2.6436121,10828.5,5.46922,Ship-Water-Cloud-1.bmp,1680,1792
49.448364,2843.9355,2.1664058e+07,6.641992,-0.15686037,140.60765,576029.75,4.447661,-0.21350098,51.037857,209237.75,5.2475066,-0.038452152,7.9774632,32681.75,5.74312,Ship-Water-Cloud-1.bmp,1792,1792
101.888916,7776.039,7.4372664e+07,7.383301,-0.3618164,113.802055,466669.5,5.6285286,-0.6281738,126.972946,521697.5,5.236726,0.03857422,14.6048355,59827.5,5.683397,Ship-Water-Cloud-1.bmp,1904,1792
244.27502,24659.262,3.4541382e+08,7.8036375,-0.22741699,43.412453,178029.25,5.377406,-1.2225342,61.914894,259725.25,4.6606083,-0.021850586,5.9641833,24431.25,5.732991,Ship-Water-Cloud-1.bmp,2016,1792
154.14343,15340.215,1.601553e+08,7.552915,0.7359619,224.68242,922517.75,5.84513,-0.6275636,240.55092,986909.75,5.540216,0.010864247,33.912907,138907.75,5.3359094,Ship-Water-Cloud-1.bmp,2128,1792
138.25842,10751.11,1.223332e+08,7.580239,-0.55944824,400.56696,1.6420042e+06,6.182839,-0.1383057,458.9345,1.8798742e+06,5.970302,0.030151356,70.46692,288636.25,5.859265,Ship-Water-Cloud-1.bmp,2240,1792
207.66956,14366.493,2.354919e+08,7.8406134,-0.22912598,120.76727,494877.75,5.877018,-0.046020508,111.086205,455017.75,5.7010202,0.06652832,19.159088,78493.75,5.442451,Ship-Water-Cloud-1.bmp,2352,1792
174.14417,11486.4375,1.7126453e+08,7.766689,0.60217285,86.6875,356557.25,6.41486,-0.66467285,65.061195,268300.25,6.4715075,0.0062255925,12.453147,51008.25,6.500379,Ship-Water-Cloud-1.bmp,2464,1792
131.00732,18764.24,1.4715763e+08,7.15032,-0.041503906,186.80089,765143.5,5.87457,-1.1901855,219.22812,903760.5,5.907233,0.03295899,33.26588,136261.5,6.120052,Ship-Water-Cloud-1.bmp,2576,1792
111.84326,16349.695,1.1820487e+08,7.021629,-0.25097656,245.43727,1.005569e+06,6.1753745,-1.031494,241.64256,994126.0,6.1071095,0.033447266,38.37461,157187.0,6.2120185,Ship-Water-Cloud-1.bmp,2688,1792
58.364014,3801.3489,2.9522768e+07,7.019467,0.2619629,97.734344,400601.0,6.326344,-0.4868164,67.06476,275668.0,6.436994,-0.0043945317,16.014627,65596.0,6.453758,Ship-Water-Cloud-1.bmp,2800,1792
202.60413,19480.797,2.4792773e+08,7.715736,-0.8770752,111.09714,458204.75,6.9178295,0.25012204,78.25745,320798.75,6.8651633,-0.007934567,15.772336,64603.75,6.8982887,Ship-Water-Cloud-1.bmp,2912,1792
272.62378,11062.594,3.4974237e+08,8.082315,-0.46826172,62.717857,257790.5,7.018394,-0.25585952,52.055996,213489.5,6.969209,0.035888672,10.915338,44714.5,6.8403788,Ship-Water-Cloud-1.bmp,3024,1792
409.60864,6412.789,7.1349056e+08,8.246595,-0.40771484,26.904448,110881.5,6.94781,0.04711911,27.77964,113794.5,6.7948904,-0.068359375,4.6465716,19051.5,7.2595963,Ship-Water-Cloud-1.bmp,3136,1792
324.42578,18487.383,5.068369e+08,8.047697,0.93066406,43.097977,180077.0,6.746107,-0.5244142,38.019424,156854.0,6.6506186,-0.016113285,5.369369,21994.0,6.858027,Ship-Water-Cloud-1.bmp,3248,1792
152.07642,7860.1855,1.2692448e+08,7.839234,0.7734375,146.70024,603334.5,6.372612,-0.00048828125,142.19519,582431.5,6.102745,0.008056639,20.870663,85486.5,6.397167,Ship-Water-Cloud-1.bmp,3360,1792
96.41394,4971.748,5.8439256e+07,7.523718,-0.47546387,219.19489,898748.25,6.3277516,-0.23571774,182.33463,747070.25,6.228919,0.043823246,26.007174,106533.25,6.610219,Ship-Water-Cloud-1.bmp,3472,1792
92.33203,8972.406,7.1670216e+07,7.111767,0.3063965,833.8236,3.415726e+06,5.653924,-0.74975586,275.16248,1.129368e+06,6.172369,0.0122070275,46.857277,191928.0,5.97749,Ship-Water-Cloud-1.bmp,3584,1792
77.21716,7028.597,5.3211496e+07,6.9938297,-0.040649414,304.25732,1.2462448e+06,5.8595576,-0.12048338,175.60822,719350.75,6.0539665,0.03283692,36.77279,150625.75,5.9206095,Ship-Water-Cloud-1.bmp,3696,1792
168.83545,9504.756,1.5568963e+08,7.816748,-0.07080078,180.04224,737473.5,5.786335,0.025634766,116.5417,477357.5,6.2746525,0.044677738,23.588455,96626.5,5.881156,Ship-Water-Cloud-1.bmp,3808,1792
110.78052,3786.7344,6.57779e+07,7.84717,0.35986328,57.442886,235816.5,6.676121,0.14526367,56.114517,229931.5,6.6266727,0.020996094,9.38762,38453.5,6.8107433,Ship-Water-Cloud-1.bmp,3920,1792
99.463135,3797.3938,5.6075504e+07,7.8122377,0.28466797,204.9672,839877.5,6.8505507,-0.60375977,154.75133,635354.5,6.773291,-0.029785145,33.627655,137742.5,6.7284374,Ship-Water-Cloud-1.bmp,4032,1792
107.27771,5679.8257,7.0403416e+07,7.673508,-0.16711426,214.1362,877216.25,6.8057775,-0.31018066,162.12163,664444.25,6.7380276,0.0111084,33.49286,137187.25,6.789128,Ship-Water-Cloud-1.bmp,4144,1792
139.22485,6041.5127,1.04141096e+08,7.851269,0.0024414062,129.9082,532104.0,6.7251945,-0.56152344,115.646614,474980.0,6.7239027,0.02709961,24.80029,101585.0,6.668326,Ship-Water-Cloud-1.bmp,4256,1792
70.72046,2729.4175,3.166536e+07,7.265092,0.1796875,47.607716,195133.5,5.40862,-0.09448246,39.570545,162117.5,5.3264565,0.0009765588,8.915403,36517.5,5.6880903,Ship-Water-Cloud-1.bmp,4368,1792
50.38098,173.18074,1.1105992e+07,8.164545,0.041625977,2.871497,11768.75,7.1366553,-0.04016112,2.4053082,9858.75,7.165242,0.0023193378,1.2682441,5194.75,7.4747367,Ship-Water-Cloud-1.bmp,4480,1792
43.409058,15.197845,7.780533e+06,8.301262,0.00402832,1.4154501,5797.75,7.3179617,0.01965333,1.1836348,4849.75,7.4888425,-0.014282227,0.78904164,3232.75,7.4666195,Ship-Water-Cloud-1.bmp,4592,1792
39.38318,18.483604,6.428747e+06,8.288458,0.05407715,4.5913754,18818.25,3.2251217,0.012573248,1.5462898,6334.25,6.5556974,-0.010375977,1.0866232,4451.25,6.632263,Ship-Water-Cloud-1.bmp,4704,1792
94.247314,7291.715,6.6249816e+07,7.311164,-0.6948242,107.430786,442014.0,5.8330255,-0.4372559,79.93112,328181.0,5.9229937,-0.048339847,19.267683,78930.0,5.8744907,Ship-Water-Cloud-1.bmp,4816,1792
253.02393,21017.096,3.4831648e+08,7.8534718,-0.37158203,617.4166,2.529504e+06,6.7095,-0.4956056,519.50195,2.128886e+06,6.764255,-0.101074226,130.2332,533477.0,6.5608797,Ship-Water-Cloud-1.bmp,4928,1792
217.33105,10628.395,2.369994e+08,7.963643,-0.05883789,526.15936,2.155163e+06,6.967246,0.31201178,458.55646,1.878646e+06,6.923485,0.066162124,106.859634,437715.0,6.7179203,Ship-Water-Cloud-1.bmp,5040,1792
300.661,11372.785,4.168492e+08,8.10423,-0.9366455,198.86165,818130.75,6.668942,0.7559815,201.13596,826193.75,6.4096975,0.009399417,49.263283,201782.75,6.4154615,Ship-Water-Cloud-1.bmp,5152,1792
424.99072,9122.508,7.771735e+08,8.2307,-0.28125,44.236694,181517.5,6.082813,0.8688965,36.76247,153671.5,5.9542255,-0.036865234,11.5932455,47491.5,5.6181574,Ship-Water-Cloud-1.bmp,5264,1792
450.98743,6327.3955,8.59001e+08,8.262625,0.0045166016,17.840494,73074.75,5.9304657,0.9266356,13.434986,58546.75,6.2201567,0.0028076158,3.7394326,15316.75,5.9478493,Ship-Water-Cloud-1.bmp,5376,1792
449.4021,6861.7646,8.553431e+08,8.258562,-0.18017578,26.666758,109360.0,6.075677,0.49975562,24.47925,101290.0,6.1495667,0.03320313,4.8558307,19894.0,6.148564,Ship-Water-Cloud-1.bmp,5488,1792
441.8269,6210.755,8.2502355e+08,8.260614,0.50805664,14.786311,61622.0,6.892897,-0.322754,10.875077,44971.0,6.931881,-0.00097656064,2.5830064,10580.0,7.0167522,Ship-Water-Cloud-1.bmp,5600,1792
334.24768,5894.0596,4.8175338e+08,8.221742,0.25720215,26.02119,106853.75,7.350238,0.34558102,21.442768,88318.75,7.3044586,-0.0057373056,5.2059603,21323.75,7.379598,Ship-Water-Cloud-1.bmp,5712,1792
184.26294,5407.8247,1.6122125e+08,8.052357,0.6633301,63.75287,262934.0,6.6352396,0.16040042,71.71939,293868.0,6.5013247,-0.048583984,13.665119,55982.0,6.9237423,Ship-Water-Cloud-1.bmp,5824,1792
114.71362,2697.1357,6.4947616e+07,8.072891,0.06201172,79.576,325959.0,6.5704875,-0.018310517,106.39615,435800.0,6.487017,-0.043457035,18.567936,76062.0,6.790976,Ship-Water-Cloud-1.bmp,5936,1792
108.52124,2361.4949,5.7910696e+07,8.083808,0.045410156,74.1089,303558.5,6.9838815,0.016113289,62.25645,255003.5,6.867748,0.0041503897,15.327253,62780.5,7.0028133,Ship-Water-Cloud-1.bmp,6048,1792
114.833496,2234.5464,6.316556e+07,8.130553,-0.22265625,53.72947,220279.0,6.722846,0.15332036,43.937675,180065.0,6.7646503,-0.0117187435,10.703476,43842.0,6.9653788,Ship-Water-Cloud-1.bmp,6160,1792
144.25671,236.35321,8.6205864e+07,8.294914,-0.047729492,24.416851,100020.75,7.272314,-0.10095209,21.841553,89504.75,7.287142,-0.026489256,6.563935,26888.75,7.3824587,Ship-Water-Cloud-1.bmp,6272,1792
153.68347,301.07285,9.797502e+07,8.292278,-0.06335449,34.397297,140907.75,7.242807,0.064819366,26.15394,107143.75,7.1979074,0.0035400372,8.153003,33394.75,7.298608,Ship-Water-Cloud-1.bmp,6384,1792
140.78186,284.92767,8.234787e+07,8.2885685,0.022094727,21.940613,89870.75,7.049492,0.10314946,19.340618,79262.75,6.979323,0.014770508,5.998744,24571.75,7.206002,Ship-Water-Cloud-1.bmp,6496,1792
140.39514,248.29059,8.175242e+07,8.29207,0.0032959022,23.470629,96135.75,7.014639,0.05383302,21.85422,89526.75,6.9434977,0.03894043,7.3302097,30030.75,7.150013,Ship-Water-Cloud-1.bmp,6608,1792
131.55103,217.39365,7.177448e+07,8.292938,0.0007324219,14.062743,57601.0,7.3956585,0.055908248,12.033739,49303.0,7.4076505,-0.017333984,5.104192,20908.0,7.4209166,Ship-Water-Cloud-1.bmp,6720,1792
116.09802,2007.8574,6.3433148e+07,8.100071,-0.07409668,16.046574,65749.25,7.313697,-0.38879395,13.725365,56838.25,7.3074694,-0.040893555,5.7288575,23472.25,7.3654737,Ship-Water-Cloud-1.bmp,6832,1792
118.37146,4926.5986,7.75717e+07,7.7161684,0.20959473,38.377884,157375.75,5.7386146,0.6866455,81.73842,336731.75,5.010529,-0.019653318,11.354044,46507.75,5.2098083,Ship-Water-Cloud-1.bmp,0,1904
57.219116,321.71698,1.4728168e+07,8.115098,0.071899414,4.5249205,18555.25,6.826023,0.05285643,2.9806657,12220.25,7.1988153,0.024291992,1.4650471,6003.25,7.493926,Ship-Water-Cloud-1.bmp,112,1904
40.010254,130.02673,7.08955e+06,8.17985,0.006591797,2.24898,9212.0,7.4945745,-0.04980469,2.0063086,8228.0,7.315622,-0.008544922,1.3749269,5632.0,7.4752264,Ship-Water-Cloud-1.bmp,224,1904
33.6073,1074.8938,9.028994e+06,7.2428474,0.10656738,15.173885,62198.75,4.3821306,-0.15319824,13.612944,55854.75,4.7627854,-0.01965332,2.4397378,9994.75,5.389895,Ship-Water-Cloud-1.bmp,336,1904
9.421997,485.35162,2.3516188e+06,4.6729517,-0.025268555,12.094272,49540.75,3.3589253,0.12927246,32.137527,131703.75,3.2532213,0.0018310542,2.140072,8765.75,3.8084617,Ship-Water-Cloud-1.bmp,448,1904
97.41907,10539.553,8.204299e+07,7.341693,-0.6173096,11.213107,47489.75,6.820167,-0.6422119,11.368998,48256.75,6.928529,0.0025634766,1.792657,7342.75,7.084925,Ship-Water-Cloud-1.bmp,560,1904
104.121826,5127.043,6.540656e+07,7.637965,0.4519043,11.456184,47761.0,7.080615,-0.44628906,9.700728,40550.0,7.0890484,-0.0019531255,2.4826622,10169.0,7.444339,Ship-Water-Cloud-1.bmp,672,1904
89.39673,3651.8623,4.769234e+07,7.633088,-0.010253906,11.117082,45536.0,7.108775,-0.44995123,8.717221,36535.0,7.1607795,0.006347656,2.394979,9810.0,7.4639397,Ship-Water-Cloud-1.bmp,784,1904
49.893555,865.9879,1.3743532e+07,7.6416016,0.24389648,8.843591,36467.0,5.834423,-0.17236327,20.049147,82243.0,5.063564,0.0095214825,2.652009,10863.0,6.278844,Ship-Water-Cloud-1.bmp,896,1904
43.10486,998.3555,1.169975e+07,7.408302,-0.013549805,49.91638,204458.25,5.715224,-0.3043213,57.862774,237385.25,5.819367,-0.0013427753,9.672178,39617.25,6.0375886,Ship-Water-Cloud-1.bmp,1008,1904
49.276733,2398.04,1.9768264e+07,7.184471,-0.22180176,104.58563,428584.25,6.175089,-0.15905759,96.12735,393841.25,6.210872,0.028442383,21.87694,89611.25,6.3181386,Ship-Water-Cloud-1.bmp,1120,1904
71.972534,3930.3467,3.731617e+07,7.4704084,-0.21325684,164.05298,672147.25,6.572419,-0.25109863,126.59546,518793.25,6.6572175,0.0045165997,31.59745,129423.25,6.675542,Ship-Water-Cloud-1.bmp,1232,1904
93.797,5493.421,5.853716e+07,7.533959,0.2088623,191.8002,785792.25,6.62254,-0.44519043,185.23546,759536.25,6.5840254,-0.08508301,38.35439,157129.25,6.264059,Ship-Water-Cloud-1.bmp,1344,1904
79.980835,6620.027,5.3317468e+07,7.16323,-0.09265136,223.5873,915848.75,6.5881653,-0.40002438,212.85408,872505.75,6.478281,0.006469736,39.20766,160594.75,6.6808553,Ship-Water-Cloud-1.bmp,1456,1904
94.42407,4157.607,5.3549104e+07,7.7793317,-0.063964844,290.21857,1.188752e+06,7.046122,-0.29516602,229.96344,942287.0,7.031956,0.029296875,56.087273,229737.0,7.0062704,Ship-Water-Cloud-1.bmp,1568,1904
97.93652,4325.0356,5.7002384e+07,7.731739,-0.34936523,215.98842,885188.5,6.977661,-0.25512695,185.03757,758180.5,6.92041,-0.04052735,33.343697,136582.5,6.9454136,Ship-Water-Cloud-1.bmp,1680,1904
138.70544,6990.673,1.0743756e+08,7.8070345,-0.7459717,384.97144,1.5791222e+06,6.743657,-0.2164306,376.55356,1.5425552e+06,6.807431,-0.035034183,55.94561,229158.25,6.9771166,Ship-Water-Cloud-1.bmp,1792,1904
172.7561,6702.5537,1.4969744e+08,7.96963,-0.24609375,335.43478,1.374189e+06,6.9087496,0.32006833,410.63705,1.682389e+06,6.77804,0.04248046,63.589996,260472.0,6.7515974,Ship-Water-Cloud-1.bmp,1904,1904
237.03345,20963.125,3.1599814e+08,7.843494,0.20532227,64.888504,265956.0,7.1008453,1.3901367,54.504776,231167.0,6.974443,-0.029296871,10.399042,42598.0,7.0179367,Ship-Water-Cloud-1.bmp,2016,1904
95.31018,5578.1406,6.0056256e+07,7.4641557,0.013549805,137.12756,561675.25,7.0241385,0.66296387,158.01514,649030.25,6.291733,-0.030639648,27.060402,110843.25,6.69442,Ship-Water-Cloud-1.bmp,2128,1904
132.24475,4841.4365,9.146413e+07,7.8915896,-0.61828613,340.01965,1.3942862e+06,7.1261272,0.6912841,398.16476,1.6328402e+06,6.907592,-0.018920898,62.03364,254091.25,7.029449,Ship-Water-Cloud-1.bmp,2240,1904
98.67871,3411.6929,5.385905e+07,7.8099384,-0.14746094,103.29649,423191.5,6.9925456,0.48608398,93.82708,385283.5,6.8829594,0.018310547,20.626984,84489.5,6.9441195,Ship-Water-Cloud-1.bmp,2352,1904
182.0199,12120.711,1.85352e+08,7.7807384,-0.7225342,276.4917,1.1346482e+06,6.586187,0.508667,280.8165,1.1512842e+06,6.6119423,0.016723631,40.444847,165663.25,6.888892,Ship-Water-Cloud-1.bmp,2464,1904
318.48767,14317.329,4.7411907e+08,8.092854,-0.22814941,245.5763,1.00609375e+06,6.4528484,-0.45422375,307.8952,1.2619838e+06,6.380991,0.054077156,41.206978,168795.75,6.578766,Ship-Water-Cloud-1.bmp,2576,1904
201.2096,12875.932,2.1856762e+08,7.821343,-0.008666992,507.1473,2.0772758e+06,6.910134,0.74597156,466.7181,1.9139568e+06,6.611627,0.036010746,74.3546,304561.75,7.04183,Ship-Water-Cloud-1.bmp,2688,1904
135.18896,3509.3638,8.923307e+07,8.012226,0.4152832,307.0542,1.2584005e+06,7.011414,-0.09008793,216.32281,886091.5,7.1467495,-0.033691403,52.120567,213490.5,7.131986,Ship-Water-Cloud-1.bmp,2800,1904
135.91272,3435.816,8.97355e+07,8.002518,-0.2738037,213.7182,875696.75,7.1722875,-0.3214112,150.02628,614930.75,7.207225,0.0008544894,35.23846,144336.75,7.1862993,Ship-Water-Cloud-1.bmp,2912,1904
299.4026,14131.261,4.250549e+08,8.06934,-0.37963867,80.19242,329058.5,6.9374313,-0.13964844,60.46988,247764.5,6.9306974,-0.010742187,15.261482,62511.5,6.9580526,Ship-Water-Cloud-1.bmp,3024,1904
348.59912,15810.59,5.625116e+08,8.102247,-0.15234375,90.12511,369247.5,6.6034718,0.74121106,60.916306,251763.5,6.7476187,0.01611327,15.760848,64557.5,6.6808987,Ship-Water-Cloud-1.bmp,3136,1904
314.3335,18665.684,4.8116218e+08,8.030609,1.1811523,58.12209,243782.5,6.8645296,1.0456543,54.123283,226167.5,6.9387264,-0.014404294,10.717201,43898.5,6.8660765,Ship-Water-Cloud-1.bmp,3248,1904
118.80017,5251.5024,7.931898e+07,7.7677665,0.74816895,158.21277,650332.25,7.0984983,0.62927246,142.79205,586498.25,7.064308,-0.011108397,26.135923,107053.25,7.1602964,Ship-Water-Cloud-1.bmp,3360,1904
109.59924,5090.2783,7.0050904e+07,7.69316,-0.1121826,306.16156,1.2540892e+06,7.047365,0.15637212,280.21854,1.1478752e+06,6.9116306,0.06604004,52.61362,215523.25,6.9473467,Ship-Water-Cloud-1.bmp,3472,1904
156.0841,5943.457,1.2413218e+08,7.947441,0.08190918,464.92026,1.9043408e+06,6.837106,0.25866696,375.92963,1.5400818e+06,6.9946127,0.025512699,62.761738,257074.75,6.848261,Ship-Water-Cloud-1.bmp,3584,1904
146.36218,6151.924,1.1294234e+08,7.9121294,0.06604004,449.3819,1.8406862e+06,7.0603857,-0.23913579,408.3672,1.6729062e+06,6.971263,0.058959972,69.67651,285409.25,6.9982505,Ship-Water-Cloud-1.bmp,3696,1904
169.22913,9008.406,1.5420171e+08,7.8487263,0.07531738,533.31433,2.1844788e+06,6.8264074,0.26745605,453.59882,1.8582338e+06,6.9308567,0.045776375,79.95585,327507.75,6.782797,Ship-Water-Cloud-1.bmp,3808,1904
156.8805,5842.17,1.24738184e+08,7.9088707,0.28845215,273.39133,1.1201518e+06,6.772023,-0.18762198,278.42224,1.1405618e+06,6.549724,-0.057495113,44.274708,181362.75,6.6331367,Ship-Water-Cloud-1.bmp,3920,1904
177.08765,5803.871,1.5222336e+08,8.031317,-0.10449219,240.54706,985325.5,7.0906916,-0.068603545,201.15948,823968.5,7.0755363,-0.01074219,37.390636,153152.5,7.007754,Ship-Water-Cloud-1.bmp,4032,1904
150.43982,6206.602,1.1812349e+08,7.941313,-0.03552246,269.29907,1.1030542e+06,7.071806,-0.49353027,266.76895,1.0936832e+06,6.924713,-0.01330566,47.611214,195016.25,7.068386,Ship-Water-Cloud-1.bmp,4144,1904
176.00159,5360.502,1.488366e+08,8.021948,0.1282959,288.4217,1.1814428e+06,7.102441,0.31921387,212.75937,871879.75,7.112145,-0.0076904343,42.63123,174617.75,7.113382,Ship-Water-Cloud-1.bmp,4256,1904
69.75708,3920.2458,3.598867e+07,6.959217,0.5480957,67.3186,276967.5,5.3367963,0.28222656,37.41803,153590.5,5.3353386,0.012207029,7.999485,32766.5,5.6631727,Ship-Water-Cloud-1.bmp,4368,1904
49.55945,112.7569,1.0522198e+07,8.214933,0.053588867,2.574826,10558.25,7.1808496,0.08239746,2.1710062,8920.25,7.235836,-0.015258788,1.2100332,4957.25,7.444263,Ship-Water-Cloud-1.bmp,4480,1904
50.48523,1070.1667,1.4823118e+07,7.3806877,0.049194336,38.55697,157939.25,4.141478,-0.031127919,25.659492,105105.25,4.021851,0.011840822,6.810712,27897.25,4.6998324,Ship-Water-Cloud-1.bmp,4592,1904
49.001953,1013.45593,1.3986395e+07,7.3563395,-0.2241211,32.49262,133295.5,4.2557483,-0.28344727,27.64561,113565.5,4.4768214,0.010986326,5.9782734,24487.5,5.040354,Ship-Water-Cloud-1.bmp,4704,1904
168.46619,8255.359,1.5006194e+08,7.8876553,-0.7347412,419.43176,1.7202038e+06,6.745311,-0.42810062,340.15433,1.3940228e+06,6.7472,-0.056274418,91.439644,374549.75,6.4879746,Ship-Water-Cloud-1.bmp,4816,1904
208.3435,12356.566,2.2840765e+08,7.895967,-0.3486328,537.78064,2.2032475e+06,7.0724387,0.011230387,399.86792,1.6378595e+06,7.0446424,0.036376953,104.478775,427950.5,6.937022,Ship-Water-Cloud-1.bmp,4928,1904
188.47424,6255.9,1.7112448e+08,8.018364,0.12780762,463.0582,1.8967532e+06,7.023712,-0.06286612,383.73682,1.5718022e+06,6.896557,0.038452145,96.90898,396945.25,6.8623047,Ship-Water-Cloud-1.bmp,5040,1904
189.55481,7323.5293,1.7717066e+08,7.9545326,-0.3704834,371.93872,1.5240232e+06,6.883844,0.19323729,372.23517,1.5248282e+06,6.791972,-0.067993164,106.1656,434873.25,6.5795355,Ship-Water-Cloud-1.bmp,5152,1904
210.3357,4450.019,1.9943885e+08,8.127164,-0.58154297,155.6413,638892.0,6.6383986,0.4665528,151.556,621665.0,6.5036545,-0.067871094,31.833042,130407.0,6.8517184,Ship-Water-Cloud-1.bmp,5264,1904
279.2827,5982.125,3.4398602e+08,8.180761,-0.34692383,211.38928,866343.5,6.973666,0.054199085,174.54381,714943.5,6.9074607,0.033447266,47.4802,194483.5,6.8764277,Ship-Water-Cloud-1.bmp,5376,1904
289.44873,5698.2563,3.6650528e+08,8.185881,0.20947266,136.06097,557485.5,6.8065767,0.26806653,131.32523,538202.5,6.88433,0.013183602,29.442818,120598.5,6.8944187,Ship-Water-Cloud-1.bmp,5488,1904
267.07288,15022.08,3.536896e+08,7.99654,0.36242676,85.01983,348779.25,6.855575,1.2147216,65.868996,275843.25,6.951212,-0.003051754,14.129933,57876.25,6.96049,Ship-Water-Cloud-1.bmp,5600,1904
175.30615,7515.003,1.5666074e+08,7.922935,0.43017578,86.703995,355897.5,7.0632687,0.49584955,87.32505,358690.5,6.9825096,0.029052734,20.10963,82372.5,7.0084796,Ship-Water-Cloud-1.bmp,5712,1904
143.25891,1893.7957,9.181967e+07,8.170994,0.15588379,72.8842,298633.25,7.0423,-0.012329109,88.37344,361978.25,6.9009953,-0.00012206519,17.236145,70599.25,7.102604,Ship-Water-Cloud-1.bmp,5824,1904
124.82117,1127.1982,6.843402e+07,8.172149,0.2166748,40.877304,167625.75,7.1116834,-0.040405292,35.906998,147081.75,7.0612497,0.01184082,9.1155205,37337.75,7.24525,Ship-Water-Cloud-1.bmp,5936,1904
136.42041,1551.2241,8.2582536e+07,8.155594,-0.061279297,53.870758,220670.0,7.083676,-0.04589847,42.983,176067.0,7.1970215,0.0012207031,10.074949,41267.0,7.2473288,Ship-Water-Cloud-1.bmp,6048,1904
102.8905,2286.3755,5.2727116e+07,8.069868,0.115112305,83.98412,344053.25,6.761986,-0.21765135,68.24883,279741.25,6.7742767,0.0010986337,14.909239,61068.25,6.9854126,Ship-Water-Cloud-1.bmp,6160,1904
131.49182,1306.2408,7.617061e+07,8.220517,-0.11584473,66.012764,270443.25,6.6998634,0.2410889,49.553505,203209.25,6.780783,-0.0008544903,12.946348,53028.25,7.073599,Ship-Water-Cloud-1.bmp,6272,1904
147.21619,413.8156,9.046598e+07,8.279831,-0.034301758,24.89366,101969.25,7.2621,0.080444336,19.236511,78819.25,7.3444724,0.0018310556,7.0217857,28761.25,7.364114,Ship-Water-Cloud-1.bmp,6384,1904
138.50488,463.7431,8.047553e+07,8.269767,0.12231445,22.92937,93980.0,7.363323,-0.056884777,20.979187,85944.0,7.316465,-0.02734375,7.0583344,28914.0,7.387457,Ship-Water-Cloud-1.bmp,6496,1904
119.71411,348.64056,6.012973e+07,8.269667,0.11328125,18.426006,75525.5,7.364995,0.12451173,14.910644,61137.5,7.3783445,0.011962891,6.031229,24704.5,7.3864055,Ship-Water-Cloud-1.bmp,6608,1904
116.39136,166.45842,5.617011e+07,8.292804,0.07519531,23.650106,96894.0,7.4131937,0.06689458,19.846842,81311.0,7.408923,0.005126952,8.400853,34410.0,7.3996587,Ship-Water-Cloud-1.bmp,6720,1904
128.4248,576.545,6.991657e+07,8.243494,-0.15917969,17.192312,70523.5,7.3457203,0.09814451,14.351086,58821.5,7.363035,0.0126953125,6.386435,26159.5,7.455435,Ship-Water-Cloud-1.bmp,6832,1904
109.97705,3986.5188,6.5869704e+07,7.8000565,0.55737305,11.997563,50414.5,6.955044,-0.5229492,10.419273,43797.5,7.017807,-0.0012207022,1.9285873,7899.5,7.3471513,Ship-Water-Cloud-1.bmp,0,2016
49.129517,169.9618,1.0582718e+07,8.162188,-0.041625977,4.472205,18325.25,6.7599864,-0.015258815,3.2161367,13174.25,7.049593,-0.01550293,1.4661293,6006.25,7.4696865,Ship-Water-Cloud-1.bmp,112,2016
62.74646,863.9354,1.9665116e+07,7.9052525,-0.09899902,7.200098,29531.75,6.9304657,-0.0921631,5.175283,21232.75,7.08527,-0.042114258,1.7762415,7282.75,7.4428463,Ship-Water-Cloud-1.bmp,224,2016
59.55957,1091.3145,1.8999938e+07,7.7666416,0.07324219,5.1610174,21161.5,6.9157753,0.037597634,3.9227805,16073.5,7.062876,-0.0014648442,1.2584206,5154.5,7.3915815,Ship-Water-Cloud-1.bmp,336,2016
72.11963,6311.9224,4.7157916e+07,6.9680996,-0.52978516,46.035614,189711.5,5.229225,-0.34399414,79.01973,324149.5,5.300005,0.0046386747,6.6404815,27199.5,5.662797,Ship-Water-Cloud-1.bmp,448,2016
241.21582,8890.114,2.7473997e+08,8.075817,-0.6586914,40.584927,168013.0,6.293209,0.06494129,29.4992,120846.0,6.4164357,0.0014648461,5.6330543,23073.0,6.381912,Ship-Water-Cloud-1.bmp,560,2016
220.99072,7550.8564,2.3096426e+08,8.051391,0.30981445,25.848839,106270.0,7.345032,-0.28149414,18.370712,75571.0,7.3652735,0.012207032,3.9434545,16153.0,7.4728217,Ship-Water-Cloud-1.bmp,672,2016
200.07935,10011.616,2.049776e+08,7.915881,0.52441406,88.357925,363040.5,6.675056,-0.11962888,69.17819,283412.5,6.706646,-0.028564453,16.57743,67904.5,6.644182,Ship-Water-Cloud-1.bmp,784,2016
118.61548,2163.038,6.6489016e+07,8.083557,0.045654297,285.77515,1.1705435e+06,7.215316,-0.22680664,240.52998,985421.5,7.2321205,-0.01098633,55.380615,226839.5,7.1695685,Ship-Water-Cloud-1.bmp,896,2016
135.46826,2055.268,8.358674e+07,8.143478,-0.0769043,412.51544,1.6896875e+06,7.4356785,0.1140137,302.7083,1.2399465e+06,7.401533,-0.024902355,85.24925,349183.5,7.3414545,Ship-Water-Cloud-1.bmp,1008,2016
128.04211,2037.8013,7.5499864e+07,8.126335,0.042358413,424.81943,1.7400678e+06,7.412977,0.021118194,300.6819,1.2315948e+06,7.407663,0.0633545,91.626785,375319.75,7.3357167,Ship-Water-Cloud-1.bmp,1120,2016
117.30786,2420.0037,6.627794e+07,8.05304,-0.24853516,356.0432,1.458606e+06,7.381148,0.118896455,264.03375,1.08154e+06,7.333516,-0.006835934,69.06855,282905.0,7.277935,Ship-Water-Cloud-1.bmp,1232,2016
131.77515,2349.6768,8.075004e+07,8.106749,0.029052734,324.00867,1.327143e+06,7.391264,0.08642577,257.63586,1.055307e+06,7.343834,-0.05078126,60.587265,248176.0,7.315028,Ship-Water-Cloud-1.bmp,1344,2016
129.5293,2246.7866,7.792486e+07,8.110434,-0.02319336,403.97687,1.6546915e+06,7.3932967,-0.012207031,284.77853,1.1664535e+06,7.362191,0.056396488,85.14684,348774.5,7.3164353,Ship-Water-Cloud-1.bmp,1456,2016
145.5564,2759.65,9.80841e+07,8.120303,-0.12231445,305.9361,1.2531755e+06,7.332902,-0.11328125,255.02878,1.0446505e+06,7.2760515,0.034179695,65.44379,268062.5,7.3129015,Ship-Water-Cloud-1.bmp,1568,2016
131.0028,2858.1836,8.200159e+07,8.067449,0.18640137,298.45203,1.2226018e+06,7.3131266,-0.12072757,247.02614,1.01187875e+06,7.2906294,0.01843262,56.650238,232040.75,7.226502,Ship-Water-Cloud-1.bmp,1680,2016
122.71631,3056.0654,7.420051e+07,8.024397,0.2121582,335.65457,1.3750255e+06,7.322337,-0.25781253,268.4842,1.0999835e+06,7.31286,-0.064697266,62.37582,255508.5,7.248812,Ship-Water-Cloud-1.bmp,1792,2016
138.4563,2853.08,9.020714e+07,8.082433,0.28222656,171.2293,701681.5,7.2532616,-0.05078125,150.7268,617387.5,7.244151,-0.012939438,31.958206,130901.5,7.1835823,Ship-Water-Cloud-1.bmp,1904,2016
92.034424,1975.844,4.278755e+07,7.958926,-0.115478516,122.64217,502397.0,7.313693,0.1748047,88.37056,362091.0,7.222048,0.027343743,21.471909,87952.0,7.1662045,Ship-Water-Cloud-1.bmp,2016,2016
77.96985,2248.1108,3.4109064e+07,7.7821393,-0.24182129,126.66778,519070.75,7.3418274,-0.4578857,94.87134,389451.75,7.331108,0.015014643,24.147907,98910.75,7.2811813,Ship-Water-Cloud-1.bmp,2128,2016
132.74365,6257.6733,9.780654e+07,7.8118515,-0.5385742,190.00961,779467.5,7.151847,-0.67871094,166.00017,681823.5,7.148057,0.02783203,35.434895,145144.5,7.0283365,Ship-Water-Cloud-1.bmp,2240,2016
177.28455,7071.0947,1.5769971e+08,7.9668636,0.3656006,187.544,768727.75,7.2030373,-0.3448487,160.01553,655910.75,7.126957,-0.024047855,37.911713,155288.75,7.09907,Ship-Water-Cloud-1.bmp,2352,2016
170.1438,8015.919,1.5140795e+08,7.904952,-0.96362305,220.24243,905916.5,7.174936,-0.25878903,169.12747,693020.5,7.125924,0.10644531,43.752953,179258.5,7.1279716,Ship-Water-Cloud-1.bmp,2464,2016
337.70483,4932.7666,4.8733114e+08,8.244679,0.46191406,45.452896,187049.0,6.7251,0.43774414,36.42679,149989.0,6.8911085,0.03613281,10.1735,41676.0,6.8518667,Ship-Water-Cloud-1.bmp,2576,2016
147.93347,4692.0386,1.0885674e+08,7.9229994,0.756958,234.0882,961172.25,7.19294,0.07287592,163.05383,667890.25,7.170738,0.01208496,48.216953,197497.25,7.2164745,Ship-Water-Cloud-1.bmp,2688,2016
115.00891,1567.5186,6.059855e+07,8.107248,0.13781738,169.2794,693446.25,6.927831,-0.17053223,119.82889,490938.25,7.018077,-0.02746582,34.25931,140329.25,7.048848,Ship-Water-Cloud-1.bmp,2800,2016
116.542114,3989.8953,7.1974744e+07,7.8458853,-0.23327637,147.28244,603491.75,6.791443,-0.051635712,107.84224,441732.75,6.863194,0.027954102,27.484753,112580.75,6.800085,Ship-Water-Cloud-1.bmp,2912,2016
225.06714,8825.766,2.4363411e+08,8.014015,-0.06225586,195.47696,800689.5,7.160617,0.77392596,108.42288,446553.5,7.1259727,0.051757816,32.70228,133959.5,7.132657,Ship-Water-Cloud-1.bmp,3024,2016
149.59058,4893.026,1.1169942e+08,7.9607725,0.2097168,100.659386,412481.0,6.90121,0.47338867,85.898224,352757.0,7.0032887,-0.036376946,21.537983,88225.0,7.003374,Ship-Water-Cloud-1.bmp,3136,2016
159.66162,4133.149,1.2134392e+08,8.06504,0.30859375,127.76352,523709.5,7.0713673,0.007079944,106.346016,435593.5,7.0775423,0.034423824,23.232582,95165.5,7.0195503,Ship-Water-Cloud-1.bmp,3248,2016
63.28955,1746.2367,2.3559388e+07,7.6331697,0.27905273,75.19118,308302.0,7.2345304,-0.048584037,65.25619,267299.0,7.0597553,-0.011718748,15.621445,63986.0,7.0489902,Ship-Water-Cloud-1.bmp,3360,2016
92.529175,2810.9243,4.6582056e+07,7.830244,-0.44348145,142.02017,582520.25,7.213234,-0.0758057,110.07805,450903.25,7.207318,0.010620121,23.862743,97742.25,7.102132,Ship-Water-Cloud-1.bmp,3472,2016
183.01721,3311.558,1.507609e+08,8.157491,0.10876465,130.9676,536491.75,7.086738,-0.13366698,126.58461,518563.75,7.168355,0.018432625,23.279629,95354.75,7.0434895,Ship-Water-Cloud-1.bmp,3584,2016
130.6853,3985.041,8.627687e+07,7.9806848,-0.017333984,229.92459,941772.5,7.240694,0.111083984,211.42017,866027.5,7.230358,0.025146483,37.859352,155074.5,7.2406454,Ship-Water-Cloud-1.bmp,3696,2016
103.46948,3859.8198,5.966133e+07,7.8197346,-0.045166016,150.68753,617224.5,7.225416,0.49487305,120.88584,496151.5,7.1955256,0.026123047,27.347584,112018.5,7.190119,Ship-Water-Cloud-1.bmp,3808,2016
106.086426,3134.6133,5.8937108e+07,7.9298644,-0.034423828,213.05817,872691.0,7.284813,0.060546875,177.39258,726615.0,7.2613416,0.008056639,36.16351,148126.0,7.2450275,Ship-Water-Cloud-1.bmp,3920,2016
154.76233,5434.4697,1.2036443e+08,7.9674654,-0.45812988,276.8723,1.1349288e+06,7.3014417,0.19616696,208.69461,854970.75,7.279355,-0.05993653,47.851814,196015.75,7.175628,Ship-Water-Cloud-1.bmp,4032,2016
171.00574,4959.545,1.4009347e+08,8.048238,0.18762207,283.2483,1.1603292e+06,7.23283,0.17663577,232.27623,951531.25,7.1155157,-0.0047607403,47.70902,195416.25,7.1490307,Ship-Water-Cloud-1.bmp,4144,2016
110.05969,4477.324,6.795453e+07,7.8315787,0.53674316,272.41632,1.1169972e+06,6.9726267,0.20300294,184.29578,755044.25,6.9039392,-0.009887692,40.819057,167195.25,6.918295,Ship-Water-Cloud-1.bmp,4256,2016
41.15674,106.78171,7.375498e+06,8.142215,0.057617188,8.3322525,34142.5,4.23369,0.04052734,3.8527277,15787.5,5.0122643,0.0009765625,1.481322,6067.5,6.7311926,Ship-Water-Cloud-1.bmp,4368,2016
44.119263,11.920895,8.02173e+06,8.305595,-0.021606445,1.5664887,6418.25,7.519657,0.02307129,1.409929,5777.25,7.508696,-0.022583008,1.0305569,4223.25,7.4902616,Ship-Water-Cloud-1.bmp,4480,2016
50.258423,1310.5815,1.5714266e+07,7.284958,-0.079711914,30.126152,123422.75,4.6543207,0.060424794,12.748975,52234.75,5.219281,0.009887692,5.872888,24055.75,5.5086436,Ship-Water-Cloud-1.bmp,4592,2016
181.81482,25113.496,2.3826483e+08,7.4752507,-0.43200684,589.8004,2.4165872e+06,6.33196,-0.12365723,454.70032,1.8625152e+06,6.3779626,-0.10974121,101.36424,415237.25,6.366776,Ship-Water-Cloud-1.bmp,4704,2016
170.1836,12036.1875,1.6793043e+08,7.7351427,0.07983398,429.82935,1.760607e+06,6.9439983,0.628418,372.22668,1.526258e+06,6.861657,-0.0012206957,92.50659,378907.0,6.6326237,Ship-Water-Cloud-1.bmp,4816,2016
162.24255,9688.224,1.4750051e+08,7.749277,-0.110229485,518.27966,2.1229232e+06,7.0458565,0.25183102,436.0182,1.7861902e+06,6.9831676,0.1763916,120.89766,495324.25,6.911373,Ship-Water-Cloud-1.bmp,4928,2016
149.45825,6660.5273,1.1877702e+08,7.8699465,0.34521484,314.01837,1.2867075e+06,6.877919,0.10888675,260.38937,1.0666035e+06,6.97501,0.01147462,67.44994,276275.5,6.853177,Ship-Water-Cloud-1.bmp,5040,2016
105.302734,2638.576,5.622678e+07,7.9153795,-0.2409668,161.46648,661604.5,6.772404,0.030273438,136.35272,558504.5,6.9342136,-0.001220705,38.811153,158970.5,6.70525,Ship-Water-Cloud-1.bmp,5152,2016
158.97656,4869.241,1.2346486e+08,7.9699078,-0.16894531,232.90564,954098.5,6.8655634,-0.35644534,218.14626,894047.5,6.745579,-0.022949228,47.464928,194418.5,6.7953186,Ship-Water-Cloud-1.bmp,5264,2016
256.31824,8313.365,3.031548e+08,8.099564,-0.6680908,253.61902,1.04065175e+06,6.9051247,-0.187622,215.59926,883238.75,6.8959894,0.008178702,50.32946,206149.75,6.867198,Ship-Water-Cloud-1.bmp,5376,2016
300.9513,4159.6694,3.8801962e+08,8.2297735,-0.03503418,118.7885,486562.75,7.010899,0.17199701,104.32363,427430.75,6.90882,0.004028324,26.54875,108743.75,7.054012,Ship-Water-Cloud-1.bmp,5488,2016
193.97571,9467.956,1.928992e+08,7.9327073,0.72351074,135.5569,557385.25,6.7660065,0.014770508,92.359955,378307.25,6.9857264,-0.0010986384,21.549131,88265.25,7.105981,Ship-Water-Cloud-1.bmp,5600,2016
137.62231,1965.6177,8.562901e+07,8.177494,-0.16088867,109.98436,450602.0,6.9873166,0.028320298,68.50652,280606.0,6.983113,0.026855465,19.023205,77922.0,7.0975676,Ship-Water-Cloud-1.bmp,5712,2016
138.25305,1093.6732,8.277025e+07,8.205625,0.12463379,37.595734,154055.75,7.2638807,0.1361084,34.285126,140507.75,7.2111416,0.0057373066,8.148343,33375.75,7.351672,Ship-Water-Cloud-1.bmp,5824,2016
122.96765,980.25195,6.5950904e+07,8.1855755,-0.007446287,35.63404,145957.25,7.1521487,0.12414558,32.215607,132018.25,7.048174,0.0084228525,8.674307,35530.25,7.3093414,Ship-Water-Cloud-1.bmp,5936,2016
122.20764,831.53516,6.457853e+07,8.203026,-0.09680176,33.36728,136710.75,7.220485,0.065795906,27.490728,112619.75,7.197047,0.020141602,7.875998,32261.75,7.333597,Ship-Water-Cloud-1.bmp,6048,2016
113.755005,995.8093,5.70819e+07,8.191307,0.0435791,39.895008,163417.75,6.92437,0.030151408,37.96827,155521.75,6.8422956,-0.020141603,9.26882,37966.75,7.085668,Ship-Water-Cloud-1.bmp,6160,2016
95.19141,3137.2173,4.996555e+07,7.9496,-0.12475586,115.46699,473016.5,6.918773,0.0908203,92.86273,380399.5,6.9564524,-0.021728516,20.50624,83995.5,7.032687,Ship-Water-Cloud-1.bmp,6272,2016
126.22827,1117.5045,6.984123e+07,8.209946,-0.18041992,54.65397,223996.0,6.944403,0.21508788,44.8573,183925.0,6.841029,-0.00073242374,12.147704,49757.0,7.154255,Ship-Water-Cloud-1.bmp,6384,2016
123.23425,512.2865,6.430297e+07,8.253685,0.10998535,27.840744,114085.25,7.2810507,0.0748291,20.712725,84862.25,7.275019,-0.022094725,7.4370728,30464.25,7.4038467,Ship-Water-Cloud-1.bmp,6496,2016
104.947266,202.50737,4.594252e+07,8.282436,-0.041259766,17.495491,71668.5,7.3877897,0.012939468,14.631547,59931.5,7.394332,0.0019531245,6.208125,25428.5,7.3526325,Ship-Water-Cloud-1.bmp,6608,2016
111.76404,144.18254,5.175453e+07,8.294909,0.049926758,26.245007,107509.75,7.4636993,-0.027221672,20.034111,82062.75,7.434818,0.0042724553,9.966962,40824.75,7.466493,Ship-Water-Cloud-1.bmp,6720,2016
79.611084,1804.6471,3.3351974e+07,7.9761815,0.05834961,18.348646,75170.0,7.2564344,0.397461,16.002182,66192.0,7.189313,-0.0019531255,6.8217726,27942.0,7.2459154,Ship-Water-Cloud-1.bmp,6832,2016
177.9928,6578.4355,1.5671243e+08,7.990814,0.645874,25.308006,105370.25,7.147778,-0.024292007,22.027546,90227.25,7.197695,0.0037841783,2.7422342,11232.25,7.3546324,Ship-Water-Cloud-1.bmp,0,2128
57.80432,286.07944,1.4857908e+07,8.135126,0.07678223,3.9109135,16043.25,6.9921856,-0.1588135,3.176011,13112.25,7.039956,-0.007446289,1.2927301,5295.25,7.511574,Ship-Water-Cloud-1.bmp,112,2128
77.618286,1298.5896,2.9995778e+07,7.9325137,0.039672855,7.5193605,30805.75,7.175363,0.102661125,5.682515,23318.75,7.1057906,-0.0037841783,1.7408915,7130.75,7.458299,Ship-Water-Cloud-1.bmp,224,2128
48.6416,40.608368,9.85749e+06,8.282369,0.084472656,2.2562919,9271.0,6.5349994,0.011962874,1.8519076,7586.0,6.8892345,0.010009766,1.061179,4347.0,6.899825,Ship-Water-Cloud-1.bmp,336,2128
58.479736,794.6085,1.7262544e+07,7.876958,-0.1628418,6.0032682,24698.0,6.868757,0.12890624,4.7355804,19465.0,6.8548193,0.0019531255,1.2509727,5124.0,7.3326397,Ship-Water-Cloud-1.bmp,448,2128
159.16162,18820.223,1.8084923e+08,7.486392,-0.826416,14.111836,60599.5,6.9996796,0.92236334,17.016068,73182.5,6.8291903,0.009033203,2.646769,10841.5,7.296258,Ship-Water-Cloud-1.bmp,560,2128
200.52405,14280.355,2.2319206e+08,7.809843,0.7186279,30.984734,129028.75,5.8595552,0.86950684,21.173584,89823.75,6.815201,-0.0013427772,4.903013,20082.75,6.4512863,Ship-Water-Cloud-1.bmp,672,2128
119.817505,12676.307,1.107253e+08,7.2692432,0.24279785,45.564156,186872.25,5.5026217,1.0157471,30.880674,130713.25,5.928718,-0.0042724633,8.196819,33574.25,5.8619347,Ship-Water-Cloud-1.bmp,784,2128
105.18347,3001.154,5.7609076e+07,7.9219656,-0.27331543,265.52094,1.0878798e+06,7.047819,0.29406735,193.74379,793928.75,7.0215287,-0.02307129,50.301407,206036.75,6.998685,Ship-Water-Cloud-1.bmp,896,2128
139.53772,2011.2148,8.799023e+07,8.151393,-0.21936035,488.81744,2.0023932e+06,7.4646964,-0.21203613,349.0215,1.4297762e+06,7.4135766,-0.026733404,95.698074,391982.25,7.3397174,Ship-Water-Cloud-1.bmp,1008,2128
125.48572,2139.6157,7.326221e+07,8.103531,0.36584473,472.15137,1.9344802e+06,7.4513407,0.2249756,320.59985,1.3133842e+06,7.4182715,0.03186035,93.42654,382679.25,7.367879,Ship-Water-Cloud-1.bmp,1120,2128
100.36255,1865.8301,4.8899976e+07,8.0345125,0.051757805,346.41357,1.418921e+06,7.4389095,-0.021728516,238.4678,976766.0,7.3736143,-0.02148439,62.44168,255763.0,7.3173265,Ship-Water-Cloud-1.bmp,1232,2128
101.71118,2291.3564,5.175919e+07,7.991248,-0.19604492,329.42017,1.3494625e+06,7.419524,0.21411133,251.58759,1.0306905e+06,7.3390527,0.012451165,62.77072,257109.5,7.262334,Ship-Water-Cloud-1.bmp,1344,2128
118.87085,3095.5244,7.05569e+07,8.002146,0.4074707,358.62854,1.4696225e+06,7.378913,-0.007080067,277.98566,1.1386295e+06,7.326705,0.041748054,70.14559,287323.5,7.315687,Ship-Water-Cloud-1.bmp,1456,2128
124.71106,2448.4253,7.373322e+07,8.077726,-0.05187988,372.05682,1.5239558e+06,7.4246583,0.08117679,280.21112,1.1477718e+06,7.384787,0.06726074,64.19438,262958.75,7.312853,Ship-Water-Cloud-1.bmp,1568,2128
140.06482,1966.9629,8.841264e+07,8.155474,0.22570801,348.67947,1.4283998e+06,7.374346,0.16540527,235.15106,963290.75,7.3323812,-0.04919434,57.564903,235795.75,7.2985926,Ship-Water-Cloud-1.bmp,1680,2128
145.4602,1819.7207,9.411949e+07,8.170584,-0.15454102,330.81412,1.3551125e+06,7.297624,0.1298827,232.31625,951636.5,7.2709527,0.00537109,63.638515,260663.5,7.193655,Ship-Water-Cloud-1.bmp,1792,2128
158.10498,2210.7534,1.1144371e+08,8.165227,0.16625977,170.1425,697017.0,7.2943,0.3088379,128.50471,526746.0,7.181533,0.010253909,35.53725,145561.0,7.1445274,Ship-Water-Cloud-1.bmp,1904,2128
107.29932,1638.6935,5.3869924e+07,8.080727,-0.17651367,206.83371,847318.5,7.284629,-0.16455081,125.117584,512592.5,7.282944,-0.041259762,38.01722,155725.5,7.169793,Ship-Water-Cloud-1.bmp,2016,2128
186.27747,4680.7603,1.613007e+08,8.083236,-0.5826416,212.44757,871575.75,7.1461678,-0.46520996,146.38141,600464.75,7.177404,0.004272463,44.886883,183856.75,7.050324,Ship-Water-Cloud-1.bmp,2128,2128
286.86096,3172.9253,3.5005293e+08,8.249346,-0.35095215,34.800842,143048.75,7.215254,-0.16540535,33.028732,135397.75,7.200779,0.007446289,8.823858,36142.75,7.11166,Ship-Water-Cloud-1.bmp,2240,2128
244.97705,3304.3064,2.5935078e+08,8.220879,0.8195801,138.62186,570546.5,7.117933,-0.14111339,88.33763,361912.5,7.117,0.030517576,30.267502,123979.5,7.118972,Ship-Water-Cloud-1.bmp,2352,2128
177.9076,4140.2812,1.4660154e+08,8.097786,0.013549805,320.15918,1.3113728e+06,7.2924385,0.036743246,215.7315,883641.75,7.289757,0.035766613,61.44104,251667.75,7.219307,Ship-Water-Cloud-1.bmp,2464,2128
231.0426,5597.9985,2.4157669e+08,8.137264,0.29577637,78.51036,321936.75,6.899397,0.5303955,67.46129,277473.75,7.031492,-0.013793947,17.35595,71090.75,6.9530363,Ship-Water-Cloud-1.bmp,2576,2128
158.99695,1732.2317,1.1064222e+08,8.198951,0.4342041,167.26135,685874.75,6.9805264,-0.13903807,115.3849,472695.75,7.1247053,0.026733404,35.271442,144474.75,7.037879,Ship-Water-Cloud-1.bmp,2688,2128
150.11462,1358.2273,9.786421e+07,8.214788,-0.16027832,162.70618,666549.75,7.0364,-0.05676271,134.71571,551808.75,7.017054,0.028686523,31.171967,127683.75,7.093129,Ship-Water-Cloud-1.bmp,2800,2128
154.39587,1374.8508,1.0327219e+08,8.21937,0.04406738,222.6513,911987.75,7.0946517,-0.012573313,156.38895,640569.75,7.1124916,-0.022094721,42.480164,174000.75,7.0007515,Ship-Water-Cloud-1.bmp,2912,2128
178.17615,1905.7717,1.3784069e+08,8.210931,-0.0020751953,156.95917,642904.75,7.048701,-0.0970459,88.60649,362970.75,6.9988947,-0.057495117,27.84966,114085.75,6.9659615,Ship-Water-Cloud-1.bmp,3024,2128
120.03491,2974.9053,7.120194e+07,8.027557,0.39819336,41.196426,169390.0,6.6808853,0.008544937,38.27654,156781.0,6.727571,-0.026123047,8.246876,33782.0,6.9826527,Ship-Water-Cloud-1.bmp,3136,2128
112.792725,3476.0288,6.634794e+07,7.91994,-0.4206543,119.5954,490587.5,6.9054527,0.06958008,103.15813,422555.5,6.958562,-0.02905273,22.897228,93790.5,6.992599,Ship-Water-Cloud-1.bmp,3248,2128
107.756714,3836.2937,6.32742e+07,7.8303723,0.3289795,113.02746,463403.75,7.102657,-0.35021976,89.48471,367031.75,7.066651,-0.026000982,22.962885,94058.75,7.112472,Ship-Water-Cloud-1.bmp,3360,2128
172.82227,13868.251,1.791418e+08,7.702402,-0.77075195,46.839653,194288.5,7.1649446,-0.24951169,34.828007,142910.5,7.188863,0.020751953,7.5048175,30741.5,7.1135893,Ship-Water-Cloud-1.bmp,3472,2128
242.67285,3813.3472,2.5683336e+08,8.198587,0.51538086,52.24012,215063.5,7.0164857,-0.29785156,46.598663,191231.5,6.9948535,-0.01000976,8.804954,36065.5,7.071167,Ship-Water-Cloud-1.bmp,3584,2128
105.1803,3614.2651,6.0117652e+07,7.854429,0.6463623,168.2732,690958.25,7.230764,-0.2730713,136.6982,560221.25,7.197658,0.08654785,30.896133,126581.25,7.0713644,Ship-Water-Cloud-1.bmp,3696,2128
64.7395,2236.0776,2.632614e+07,7.582735,-0.15600586,134.08551,549314.0,7.0741577,-0.5124512,99.705894,409471.0,7.066532,0.01635743,23.870338,97774.0,7.001571,Ship-Water-Cloud-1.bmp,3808,2128
106.236206,3436.0078,6.0301884e+07,7.8723493,-0.2738037,262.31793,1.0747612e+06,7.238241,-0.30773923,233.30527,956006.25,7.1204453,-0.032104492,41.809334,171255.25,7.180481,Ship-Water-Cloud-1.bmp,3920,2128
147.2533,2623.4463,9.956139e+07,8.116013,-0.16711426,228.86166,937531.75,7.222316,-0.4945069,160.04861,656560.75,7.272366,-0.018432613,39.68466,162549.75,7.1826963,Ship-Water-Cloud-1.bmp,4032,2128
141.22058,2563.5347,9.218779e+07,8.119082,0.012817372,292.60086,1.1984938e+06,7.3408527,-0.1419678,207.12212,848454.75,7.33552,0.029174812,52.87629,216584.75,7.2207875,Ship-Water-Cloud-1.bmp,4144,2128
63.188232,2267.2961,2.5641156e+07,7.4140296,0.39453125,74.781364,306942.0,5.7158356,0.13964845,39.14017,160398.0,5.7547383,0.016845703,13.637167,55859.0,5.7885866,Ship-Water-Cloud-1.bmp,4256,2128
29.207275,153.96875,4.12481e+06,8.079241,0.055419922,1.5518601,6369.0,7.4841404,0.017333983,1.2767991,5231.0,7.464002,0.0017089844,0.98876655,4050.0,7.5029907,Ship-Water-Cloud-1.bmp,4368,2128
37.32483,126.27223,6.223524e+06,8.1719475,-0.08508301,1.4674312,6040.25,7.4980116,0.046752945,1.3718987,5628.25,7.532508,-0.0018310554,0.922421,3778.25,7.507748,Ship-Water-Cloud-1.bmp,4480,2128
126.269165,18266.469,1.4012568e+08,7.1138396,-0.2611084,247.69482,1.01483725e+06,6.0064387,-0.53356934,211.80373,868714.25,6.0331225,-0.027709965,43.34304,177536.25,6.0599084,Ship-Water-Cloud-1.bmp,4592,2128
148.60413,15754.304,1.5498237e+08,7.473708,0.36584473,443.6621,1.8177882e+06,6.5403547,-0.025512598,398.2052,1.6310512e+06,6.5270605,0.023315426,90.88208,372255.25,6.355532,Ship-Water-Cloud-1.bmp,4704,2128
42.357056,896.5024,1.102079e+07,7.5045366,0.04724121,56.64321,232019.75,6.570488,0.3297119,39.867302,163741.75,7.009198,0.0037841825,11.854905,48557.75,6.9666033,Ship-Water-Cloud-1.bmp,4816,2128
52.783325,1360.6333,1.6984936e+07,7.5495415,0.111694336,61.422153,251636.25,6.614998,0.2686768,52.23329,214243.25,6.7869177,0.022827145,13.970732,57226.25,6.7530184,Ship-Water-Cloud-1.bmp,4928,2128
82.5376,2904.433,3.9800376e+07,7.664819,-0.15844727,135.62419,555619.5,6.791664,0.3789062,111.63414,457841.5,6.8645515,-0.011962895,30.00584,122904.5,6.7425423,Ship-Water-Cloud-1.bmp,5040,2128
116.3219,3719.86,7.065864e+07,7.8652735,-0.5386963,183.65836,753453.25,6.9088707,0.027709886,157.74051,646108.25,6.977074,-0.0067138616,48.07008,196895.25,6.8329587,Ship-Water-Cloud-1.bmp,5152,2128
226.65723,7237.5933,2.4007104e+08,8.071816,-0.44262695,269.73633,1.1056425e+06,6.5767612,-0.34179696,240.19826,984330.5,6.6261163,-0.009033205,57.974403,237463.5,6.566515,Ship-Water-Cloud-1.bmp,5264,2128
249.08423,6190.392,2.7948378e+08,8.136906,0.0390625,110.00604,450591.0,6.6015344,-0.63842773,92.61267,381011.0,6.712962,0.047851562,27.637848,113214.0,6.3960257,Ship-Water-Cloud-1.bmp,5376,2128
240.62378,4388.6514,2.5513352e+08,8.175509,-0.030761719,82.66727,338609.0,6.884242,-0.17358387,86.842674,355831.0,6.765645,-0.0014648451,16.88403,69157.0,7.048296,Ship-Water-Cloud-1.bmp,5488,2128
192.04211,2398.7617,1.6088651e+08,8.181253,0.17126465,85.89786,351957.75,6.4117894,-0.11340327,73.46437,300962.75,6.655446,0.009887699,19.596275,80266.75,6.532277,Ship-Water-Cloud-1.bmp,5600,2128
133.50244,2315.0737,8.248515e+07,8.139554,0.22924805,158.23102,648329.5,7.059535,-0.117675796,70.30757,288036.5,7.0826225,0.035888672,24.491753,100323.5,7.042884,Ship-Water-Cloud-1.bmp,5712,2128
120.42236,888.13513,6.3036136e+07,8.211314,0.0769043,48.6081,199123.0,7.026557,0.1682129,26.722683,109572.0,7.2125835,0.028320314,8.4887,34773.0,7.2192993,Ship-Water-Cloud-1.bmp,5824,2128
113.34143,220.70929,5.3522388e+07,8.284131,-0.012817385,22.773457,93280.75,7.3731165,0.08435066,17.898586,73341.75,7.271549,0.044067383,7.232616,29632.75,7.400961,Ship-Water-Cloud-1.bmp,5936,2128
104.92029,1002.9644,4.9198004e+07,8.1705,0.037963867,43.90902,179857.25,6.810089,0.0938721,41.121864,168471.25,6.719077,0.0045166053,9.426065,38609.25,7.047369,Ship-Water-Cloud-1.bmp,6048,2128
102.27905,1049.2697,4.7146084e+07,8.160921,-0.056884766,33.43048,136944.5,7.0031934,-0.09277342,31.53375,129197.5,6.9247127,-0.04833984,7.6838202,31482.5,7.1635084,Ship-Water-Cloud-1.bmp,6160,2128
106.7771,1585.6381,5.31947e+07,8.147913,0.33154297,69.96002,287006.5,6.5481863,-0.14306635,55.858566,228880.5,6.608511,-0.044189453,14.382203,58917.5,6.724201,Ship-Water-Cloud-1.bmp,6272,2128
82.88989,3279.8008,4.157659e+07,7.83803,-0.17358398,71.87758,294534.0,6.86008,-0.109130874,64.449524,264034.0,6.6957006,0.013916017,14.485158,59332.0,6.912541,Ship-Water-Cloud-1.bmp,6384,2128
106.00232,777.7132,4.9210184e+07,8.219822,-0.018920898,25.843943,105858.25,6.85571,-0.011840884,22.214764,90992.25,6.813325,-0.023803711,8.082258,33107.25,7.1216955,Ship-Water-Cloud-1.bmp,6496,2128
107.52197,137.10059,4.791531e+07,8.294917,-0.051513672,12.892366,52818.0,7.369841,-0.14575201,11.033688,45281.0,7.4254994,0.030761717,4.8044734,19683.0,7.3739605,Ship-Water-Cloud-1.bmp,6608,2128
106.08374,316.11786,4.739022e+07,8.270283,0.19360352,24.976797,102458.5,7.4581947,-0.12109378,18.500595,75838.5,7.4277463,-0.002441404,9.763055,39989.5,7.4055276,Ship-Water-Cloud-1.bmp,6720,2128
28.89856,1057.8099,7.753468e+06,7.1157575,0.3026123,9.975382,41234.25,6.637459,-0.11730956,7.225558,29652.25,6.8151717,0.0069580087,3.2802858,13436.25,6.9984283,Ship-Water-Cloud-1.bmp,6832,2128
102.94861,3248.8774,5.6718516e+07,7.801675,-0.067993164,13.5439,55494.75,6.9300795,0.42077634,12.17274,50584.75,6.8712807,0.02331543,2.1075497,8634.75,7.3442326,Ship-Water-Cloud-1.bmp,0,2240
73.921265,2114.1152,3.1041408e+07,7.748617,0.31237793,7.83107,32475.75,6.972785,-0.034790047,5.771678,23645.75,7.0652847,0.052612305,1.681497,6898.75,7.423019,Ship-Water-Cloud-1.bmp,112,2240
47.994507,597.23334,1.1881292e+07,7.6730046,-0.06384277,23.881117,97833.75,4.091619,0.036987305,39.9932,163817.75,3.4023523,-0.018432617,6.4063377,26241.75,3.9966025,Ship-Water-Cloud-1.bmp,224,2240
57.187256,1796.0205,2.0751984e+07,7.0998006,-0.19360352,351.57654,1.440211e+06,4.0001073,-0.20874023,32.93714,135089.0,3.529783,0.0012207027,8.479734,34733.0,3.9440145,Ship-Water-Cloud-1.bmp,336,2240
45.59375,710.1865,1.1423648e+07,7.439175,0.0048828125,113.556366,465127.0,4.5993285,-0.04003905,21.11534,86495.0,3.9252243,-0.0014648438,8.2280245,33702.0,4.135666,Ship-Water-Cloud-1.bmp,448,2240
40.027832,9.838824,6.603023e+06,8.305959,-0.0017089853,1.8178682,7446.0,7.4949455,0.00073241256,1.5954583,6535.0,7.482418,0.025878906,1.2117324,4966.0,7.472018,Ship-Water-Cloud-1.bmp,560,2240
48.609375,2002.8406,1.7881956e+07,6.6607003,0.16552734,95.44611,391059.5,3.7691417,0.088867195,73.94242,302900.5,3.4505248,-0.04394531,9.903464,40572.5,4.2315254,Ship-Water-Cloud-1.bmp,672,2240
56.245117,5230.3755,3.438137e+07,6.2528887,0.22973633,236.24435,967873.0,4.352185,-0.0981445,231.00964,946255.0,4.373321,-0.03100586,21.752945,89104.0,4.617608,Ship-Water-Cloud-1.bmp,784,2240
40.798706,367.98285,8.325191e+06,7.7553864,-0.0970459,10.143842,41587.75,5.204175,0.11022947,11.956783,49024.75,4.9029717,-0.026245117,3.5319653,14469.75,6.018012,Ship-Water-Cloud-1.bmp,896,2240
68.673706,2927.5386,3.1308256e+07,7.4826713,-0.17224121,145.80952,597357.25,6.3666086,0.3421631,119.27264,489020.25,6.400779,-0.022338869,34.996628,143348.25,6.390959,Ship-Water-Cloud-1.bmp,1008,2240
100.87744,2462.3784,5.1767856e+07,7.9743795,0.140625,353.86594,1.449516e+06,7.257512,0.23144534,249.59854,1.022575e+06,7.233128,0.05029297,75.08023,307539.0,7.18466,Ship-Water-Cloud-1.bmp,1120,2240
107.08252,1807.9779,5.4372944e+07,8.077373,0.07885742,389.73682,1.5963875e+06,7.44708,0.04174818,288.9659,1.1836115e+06,7.418045,0.0136718545,75.50653,309275.5,7.3358226,Ship-Water-Cloud-1.bmp,1232,2240
121.415405,2715.163,7.150331e+07,8.036753,-0.11706545,291.09955,1.1923998e+06,7.4059668,-0.15686026,218.19556,893829.75,7.379117,0.03381349,57.192886,234266.75,7.285986,Ship-Water-Cloud-1.bmp,1344,2240
113.532104,2695.3906,6.383587e+07,8.017313,0.15270996,320.44952,1.3126568e+06,7.416153,-0.23107909,236.6294,969452.75,7.3783464,0.03503417,60.037037,245916.75,7.274116,Ship-Water-Cloud-1.bmp,1456,2240
113.87085,2188.4492,6.207496e+07,8.058933,-0.3334961,308.55017,1.264277e+06,7.44178,-0.06250002,271.31372,1.111317e+06,7.42111,0.005615238,61.575165,252212.0,7.336507,Ship-Water-Cloud-1.bmp,1568,2240
135.17847,1353.1001,8.038939e+07,8.191586,-0.08935547,204.05145,835827.5,7.0123086,-0.12304683,156.58386,641429.5,6.991042,-0.031494148,41.83311,171352.5,7.023876,Ship-Water-Cloud-1.bmp,1680,2240
129.14172,654.5443,7.09924e+07,8.246195,0.064331055,60.2126,246647.75,6.8541975,-0.08898928,50.839676,208271.75,6.889406,0.010375977,16.162186,66200.75,7.1276407,Ship-Water-Cloud-1.bmp,1792,2240
124.037964,489.87823,6.502521e+07,8.256849,-0.024536133,67.95746,278356.25,6.7735186,-0.021118164,57.679546,236257.25,6.783011,0.0120849535,16.761147,68654.25,6.8600454,Ship-Water-Cloud-1.bmp,1904,2240
129.60315,1129.9978,7.342888e+07,8.193609,-0.119262695,173.6123,711174.25,7.043088,-0.0699463,116.49883,477199.25,7.083064,-0.03063965,34.719093,142213.25,7.125532,Ship-Water-Cloud-1.bmp,2016,2240
213.5326,4969.2485,2.0711594e+08,8.125464,-0.5128174,55.25331,227394.75,6.975972,0.080200225,48.65171,199303.75,6.952545,-0.041870125,14.962053,61291.75,6.97241,Ship-Water-Cloud-1.bmp,2128,2240
200.64478,4714.654,1.8420931e+08,8.109526,0.4255371,101.97566,418434.0,6.87489,0.7614745,86.88304,358248.0,6.9846067,-0.001220704,21.933104,89838.0,6.981471,Ship-Water-Cloud-1.bmp,2240,2240
195.90674,5616.6016,1.8020784e+08,8.082022,0.24731445,66.55065,272842.0,6.9493036,0.7675781,57.358574,237354.0,7.020281,-0.012939454,14.6670685,60077.0,7.0815816,Ship-Water-Cloud-1.bmp,2352,2240
132.38416,4477.8115,9.012582e+07,7.9485,0.0982666,183.03506,749751.25,7.0037613,0.6583252,147.50002,605935.25,7.0078263,0.015991215,38.229294,156588.25,7.051683,Ship-Water-Cloud-1.bmp,2464,2240
149.63184,862.05164,9.523912e+07,8.244009,0.019042969,86.30176,353493.5,6.9624467,0.18017581,74.191536,304021.5,7.039557,-0.027832033,20.641926,84552.5,6.998746,Ship-Water-Cloud-1.bmp,2576,2240
153.77136,706.55383,9.974655e+07,8.260371,0.11999512,71.22163,291782.75,7.016692,0.14611821,70.9698,290779.75,7.0049677,0.02111816,18.451153,75577.75,7.012127,Ship-Water-Cloud-1.bmp,2688,2240
157.35754,983.1466,1.0544965e+08,8.244545,0.14367676,122.729904,502786.25,6.862872,0.10437009,105.4274,431875.25,7.0065618,0.016479488,25.112583,102862.25,7.017498,Ship-Water-Cloud-1.bmp,2800,2240
148.22559,1932.2239,9.790689e+07,8.174537,0.21679688,285.60388,1.170026e+06,7.300802,0.07958991,202.8323,830827.0,7.2101736,0.017578125,51.16522,209574.0,7.260752,Ship-Water-Cloud-1.bmp,2912,2240
153.43787,838.6051,9.986779e+07,8.249468,0.0076904334,100.59777,412048.75,6.946924,0.09802245,74.8187,306496.75,6.872041,-0.03186035,21.268211,87118.75,7.013381,Ship-Water-Cloud-1.bmp,3024,2240
146.40625,448.51672,8.9634024e+07,8.279766,0.03857422,26.261574,107573.5,7.304541,-0.008056596,25.922907,106180.5,7.310213,-0.00073242374,7.4368887,30461.5,7.3014956,Ship-Water-Cloud-1.bmp,3136,2240
193.58984,4262.455,1.7096491e+08,8.121349,-0.39086914,39.54949,162620.5,7.197665,-0.4216309,39.084312,160817.5,6.9484344,0.010742191,9.529792,39034.5,7.1325884,Ship-Water-Cloud-1.bmp,3248,2240
222.91064,7765.73,2.3533522e+08,8.060671,0.20703125,54.792095,224604.0,6.9365296,-0.6838379,46.639053,192949.0,6.9564443,0.014404292,11.583778,47448.0,7.059995,Ship-Water-Cloud-1.bmp,3360,2240
169.39734,6693.485,1.4495312e+08,7.960456,-0.28259277,108.72952,445683.25,7.05055,0.024047859,88.825165,363830.25,7.0419545,0.01354981,18.3031,74970.25,7.0305777,Ship-Water-Cloud-1.bmp,3472,2240
287.6593,2495.776,3.49158e+08,8.261914,0.024780273,27.87664,114185.25,7.000861,0.18200696,23.110977,94798.25,7.0436444,0.0059814462,5.182642,21228.25,7.188905,Ship-Water-Cloud-1.bmp,3584,2240
167.91125,4584.451,1.3426131e+08,8.050924,0.7774658,204.40282,839709.75,7.008563,-0.27575684,143.86578,589585.75,7.032633,-0.02038574,38.26344,156728.75,6.8161836,Ship-Water-Cloud-1.bmp,3696,2240
141.3114,4141.5537,9.875646e+07,8.001734,-0.0037841871,293.52252,1.2022682e+06,7.048087,-0.44836426,226.31514,927810.25,7.1300344,-0.032592766,49.72898,203694.25,6.9035053,Ship-Water-Cloud-1.bmp,3808,2240
232.12866,4897.9175,2.4076957e+08,8.163897,-0.21166992,125.47522,514130.0,6.825899,-0.3933105,103.57651,424883.0,6.981619,0.004638668,18.78611,76948.0,6.8614798,Ship-Water-Cloud-1.bmp,3920,2240
258.485,4838.198,2.934894e+08,8.193934,0.32580566,81.44921,334050.75,6.9046555,-0.18396004,62.667755,256825.75,6.8768716,0.009887693,15.09652,61835.75,6.971316,Ship-Water-Cloud-1.bmp,4032,2240
124.63623,3942.9167,7.977823e+07,7.8969345,0.58154297,136.2133,559315.0,6.7331457,0.25146484,84.07837,344644.0,6.769696,0.042968743,22.492535,92137.0,6.8051443,Ship-Water-Cloud-1.bmp,4144,2240
51.792847,62.369873,1.1242982e+07,8.270611,0.088256836,2.1952746,9023.75,7.4270844,0.009399429,1.9712859,8074.75,7.4366617,0.0054931645,1.3905339,5695.75,7.5139832,Ship-Water-Cloud-1.bmp,4256,2240
41.802612,109.769806,7.607207e+06,8.225409,0.022583008,2.5624175,10497.75,6.020132,-0.06750488,2.5466518,10449.75,5.927758,0.005004882,1.7892205,7328.7505,5.8227525,Ship-Water-Cloud-1.bmp,4368,2240
42.235474,441.86554,9.11647e+06,7.798695,-0.17883301,13.229799,54320.25,5.125395,-0.118041985,16.96806,69558.25,4.7071567,-0.0010986319,3.60504,14766.25,5.455799,Ship-Water-Cloud-1.bmp,4480,2240
195.73767,15556.443,2.2065022e+08,7.758077,-0.39489746,329.56946,1.3505552e+06,6.7713423,-0.04748535,295.58154,1.2107112e+06,6.7309937,-0.029174807,59.890324,245314.25,6.6782136,Ship-Water-Cloud-1.bmp,4592,2240
189.62744,8493.834,1.8207702e+08,7.945524,0.1928711,451.89758,1.851125e+06,7.0989413,-0.45410156,393.347,1.611994e+06,7.0126095,-0.004882819,97.15549,397949.0,6.9893975,Ship-Water-Cloud-1.bmp,4704,2240
114.536865,7664.741,8.512895e+07,7.4867954,0.22363281,146.14285,598806.0,6.659939,-0.54248047,148.20352,608247.0,6.450266,-0.047607422,35.975758,147366.0,6.432805,Ship-Water-Cloud-1.bmp,4816,2240
140.38953,15477.063,1.44123e+08,7.3599343,-0.1842041,139.73761,572504.25,6.25693,-1.1439209,119.03111,492911.25,6.3964043,-0.0062255906,31.531517,129153.25,6.142855,Ship-Water-Cloud-1.bmp,4928,2240
206.63794,20776.16,2.5999523e+08,7.695126,0.11425781,56.37074,230948.0,7.2726827,-1.4299316,52.03391,221506.0,7.157839,-0.020507816,11.974922,49051.0,7.1805863,Ship-Water-Cloud-1.bmp,5040,2240
220.03345,22594.566,2.90854e+08,7.694364,0.06347656,74.77233,306284.0,6.8581204,-1.3764648,69.080444,290714.0,6.9177647,-0.020263668,18.217852,74622.0,6.8026695,Ship-Water-Cloud-1.bmp,5152,2240
276.44495,11751.617,3.6115837e+08,8.074645,-0.756958,108.36885,446225.75,6.681018,-0.51184076,107.63078,441928.75,6.6656947,-0.024291985,27.018639,110670.75,6.5694933,Ship-Water-Cloud-1.bmp,5264,2240
312.64978,5239.5796,4.2184486e+08,8.22065,0.2911377,87.92909,360504.75,6.6711164,0.34143066,76.00079,311776.75,6.837225,0.015502933,22.12592,90628.75,6.732745,Ship-Water-Cloud-1.bmp,5376,2240
250.75525,4594.0615,2.7636637e+08,8.180731,-0.015014648,99.659386,408205.75,6.8625436,0.28601062,95.10808,389897.75,6.89478,-0.009155277,21.6251,88576.75,6.9134474,Ship-Water-Cloud-1.bmp,5488,2240
222.78296,3228.9248,2.1651936e+08,8.195181,0.18066406,47.11861,193131.5,6.6372504,-0.22363284,44.015297,180491.5,6.913302,-0.0070800805,9.922192,40641.5,7.0028777,Ship-Water-Cloud-1.bmp,5600,2240
152.1582,2954.505,1.0693273e+08,8.099197,0.15795898,117.9698,483306.5,6.7885923,-0.3706055,85.797585,351989.5,6.8433666,-0.016357426,22.81211,93439.5,6.8471603,Ship-Water-Cloud-1.bmp,5712,2240
110.306885,1811.1637,5.7257052e+07,8.1149025,0.14624023,100.09567,410079.5,7.0233717,0.08032228,61.54323,252107.5,6.8691254,-0.034423828,17.743567,72682.5,7.056137,Ship-Water-Cloud-1.bmp,5824,2240
106.190796,1258.285,5.1342416e+07,8.149515,-0.0345459,52.098114,213398.75,7.038108,0.046752963,57.73018,236471.75,6.8222857,0.009399412,12.786961,52375.75,7.110338,Ship-Water-Cloud-1.bmp,5936,2240
113.255615,773.5476,5.570717e+07,8.217314,-0.061523438,31.529785,129161.5,7.108396,0.01464843,32.1044,131500.5,6.944353,0.021240242,8.28263,33927.5,7.1536517,Ship-Water-Cloud-1.bmp,6048,2240
120.404785,550.7449,6.1636844e+07,8.247829,0.06640625,27.618877,113145.0,7.234254,-0.10375979,18.617897,76303.0,7.357075,-0.010986328,6.986208,28616.0,7.4181805,Ship-Water-Cloud-1.bmp,6160,2240
124.40881,377.94598,6.4944124e+07,8.270575,-0.0018310547,19.951473,81721.25,7.3936515,-0.109008774,17.631487,72267.25,7.3834305,0.0067138644,5.423112,22213.25,7.393713,Ship-Water-Cloud-1.bmp,6272,2240
109.47485,638.7073,5.1705656e+07,8.230753,0.06738281,35.889626,147022.5,6.999132,-0.06542965,25.301504,103652.5,6.973761,-0.011962893,8.987284,36812.5,7.1901674,Ship-Water-Cloud-1.bmp,6384,2240
90.988525,2507.5662,4.4181416e+07,7.9722686,0.014160156,70.933525,290544.5,6.9603148,-0.042724553,55.502205,227344.5,6.941,-0.0043945317,14.850445,60827.5,7.039267,Ship-Water-Cloud-1.bmp,6496,2240
113.882324,639.3649,5.5740616e+07,8.233925,-0.07348633,30.059174,123144.5,6.7544746,-0.068359405,25.80453,105714.5,6.657796,0.026123047,7.7467537,31733.5,7.0697613,Ship-Water-Cloud-1.bmp,6608,2240
109.40735,303.02615,5.0270184e+07,8.266002,0.036010742,22.388288,91707.75,7.371647,0.035278305,17.051916,69849.75,7.3642426,-0.047973633,8.523517,34921.75,7.388568,Ship-Water-Cloud-1.bmp,6720,2240
81.151,1879.7205,3.467348e+07,7.9642897,0.12756348,36.41445,149220.25,7.095592,-0.37463376,34.924164,143624.25,7.0977263,0.045288086,9.737511,39893.25,7.252839,Ship-Water-Cloud-1.bmp,6832,2240
181.00464,14132.605,1.9208309e+08,7.706911,0.11303711,243.08965,995747.5,6.252291,-0.9848633,270.3263,1.1112295e+06,6.275636,0.049316406,28.307507,115957.5,6.507309,Ship-Water-Cloud-1.bmp,0,2352
132.0758,10705.172,1.1529908e+08,7.521106,0.14367676,260.0949,1.0654332e+06,6.3041363,-0.6060791,367.79385,1.5079882e+06,6.334076,-0.010375988,39.792675,162991.25,6.377884,Ship-Water-Cloud-1.bmp,112,2352
137.78711,10640.566,1.21347496e+08,7.56566,-0.2277832,347.24805,1.4225405e+06,6.5327263,-0.37744144,263.62354,1.0803855e+06,6.320376,-0.016845696,35.771564,146521.5,6.6132536,Ship-Water-Cloud-1.bmp,224,2352
168.60413,14308.439,1.750458e+08,7.666043,0.5743408,465.4903,1.9079992e+06,5.716239,-1.1168213,196.0228,808018.25,6.2505746,-0.002075199,31.352108,128418.25,6.326249,Ship-Water-Cloud-1.bmp,336,2352
117.53027,9547.963,9.5688e+07,7.4721136,0.3803711,391.3989,1.6037625e+06,6.6724567,-0.5986328,314.03116,1.2877395e+06,6.5810213,-0.008789061,48.209274,197465.5,6.65009,Ship-Water-Cloud-1.bmp,448,2352
104.976685,9551.099,8.425965e+07,7.2925887,-0.19787598,239.21323,979977.75,6.608164,-0.5823975,201.5477,826928.75,6.572696,0.015502924,41.19599,168739.75,6.518916,Ship-Water-Cloud-1.bmp,560,2352
98.33362,8912.433,7.61116e+07,7.271377,0.16418457,299.92023,1.2285838e+06,6.3199944,-0.31359863,288.2241,1.1809688e+06,6.384995,-0.06311035,49.552113,202981.75,6.2991066,Ship-Water-Cloud-1.bmp,672,2352
74.00171,7296.4946,5.2317176e+07,6.9208717,0.10522461,353.68658,1.4487455e+06,5.6766167,-0.090332,270.49686,1.1079885e+06,5.6624413,0.039550766,47.98415,196549.5,5.7542496,Ship-Water-Cloud-1.bmp,784,2352
37.494385,2937.5618,1.7790528e+07,5.6431017,-0.00390625,24.202984,99135.5,4.579682,-0.36499023,43.90401,180376.5,3.505792,-0.014160156,6.0218945,24666.5,5.0523977,Ship-Water-Cloud-1.bmp,896,2352
35.36902,2559.8416,1.5609075e+07,5.512169,0.15246582,10.332771,42418.25,4.357254,-0.319458,43.909,180269.25,2.786714,0.0020751953,4.796199,19645.25,5.059043,Ship-Water-Cloud-1.bmp,1008,2352
37.604126,1134.4751,1.0438842e+07,7.0949636,-0.1348877,41.579887,170385.75,5.4336076,0.19909666,29.585545,121344.75,5.5675116,0.010375977,8.060622,33016.75,6.051026,Ship-Water-Cloud-1.bmp,1120,2352
76.86511,2743.46,3.5437384e+07,7.716418,-0.03112793,219.43939,898827.75,6.9518538,0.2476807,162.057,664036.75,6.915923,0.025268558,41.946564,171815.75,6.922426,Ship-Water-Cloud-1.bmp,1232,2352
121.01599,2635.12,7.077884e+07,8.053809,-0.18225098,363.27362,1.4881048e+06,7.408195,0.120483324,248.3338,1.01723475e+06,7.3272924,0.07702637,71.01915,290918.75,7.3488207,Ship-Water-Cloud-1.bmp,1344,2352
123.31726,1958.0862,7.03088e+07,8.116585,-0.040649436,311.2611,1.2749322e+06,7.3346376,-0.24353027,204.90462,839532.25,7.3140717,0.0040283147,55.72514,228250.25,7.2088146,Ship-Water-Cloud-1.bmp,1456,2352
106.07056,1741.1749,5.3215796e+07,8.078532,0.0949707,298.2876,1.221823e+06,7.4664764,-0.0356445,207.9836,851906.0,7.381892,0.044433594,52.178196,213730.0,7.3515625,Ship-Water-Cloud-1.bmp,1568,2352
130.74744,1702.4867,7.699406e+07,8.156742,-0.22546387,371.9723,1.5238068e+06,7.4517384,0.15881346,239.93323,982869.75,7.3972473,-0.0025634738,72.24627,295920.75,7.325684,Ship-Water-Cloud-1.bmp,1680,2352
137.6023,864.92664,8.109801e+07,8.232805,0.13574219,208.36768,853549.5,7.063228,0.03588867,147.34575,603533.5,7.0360594,0.034667965,40.340965,165241.5,7.008382,Ship-Water-Cloud-1.bmp,1792,2352
123.82507,608.9772,6.52969e+07,8.244039,0.11364746,70.842735,290224.75,6.87438,0.035522435,53.05458,217316.75,7.044007,0.014526363,15.032444,61573.75,7.154846,Ship-Water-Cloud-1.bmp,1904,2352
128.86975,1042.0435,7.229218e+07,8.19385,-0.12390137,68.61154,281095.75,6.8815002,0.092407264,50.11738,205315.75,6.9342136,0.021118164,16.104229,65964.75,7.1873074,Ship-Water-Cloud-1.bmp,2016,2352
149.72632,3651.8833,1.0678213e+08,8.031913,-0.04882813,75.02582,307315.5,6.54764,0.34155273,56.26652,230945.5,6.7454166,0.0141601525,14.201582,58170.5,6.791335,Ship-Water-Cloud-1.bmp,2128,2352
104.3479,3168.3538,5.7576812e+07,7.879387,0.34643555,63.58738,260945.5,6.5406094,0.1582031,49.47827,202765.5,6.70899,-0.0014648438,11.9258995,48848.5,6.7148094,Ship-Water-Cloud-1.bmp,2240,2352
77.24768,1923.1838,3.2319028e+07,7.836479,0.115356445,40.44159,165703.25,6.7158613,0.34533694,29.188423,120044.25,6.9537983,0.011352544,8.970146,36742.25,7.033977,Ship-Water-Cloud-1.bmp,2352,2352
74.499756,3221.7068,3.5929784e+07,7.5576186,-0.15649414,162.58232,666037.5,6.87836,-0.02148436,116.84024,478579.5,6.9245996,0.031738274,27.480316,112563.5,6.984432,Ship-Water-Cloud-1.bmp,2464,2352
116.56531,2407.0127,6.551341e+07,8.04295,0.26989746,200.51047,821589.25,7.0630193,-0.0042724162,163.68411,670450.25,7.059539,0.0025634696,38.899467,159332.25,7.043711,Ship-Water-Cloud-1.bmp,2576,2352
115.91748,2075.3801,6.3538144e+07,8.085905,-0.14648438,68.14029,279190.5,6.8359385,0.4699707,54.962357,226030.5,7.0346947,0.018798824,13.827406,56638.5,7.066706,Ship-Water-Cloud-1.bmp,2688,2352
141.53223,1583.7605,8.8535576e+07,8.185535,-0.19580078,171.74414,703621.0,6.880227,0.14282227,145.0919,594380.0,6.898121,0.026611328,33.914818,138918.0,6.9147744,Ship-Water-Cloud-1.bmp,2800,2352
148.35498,2028.4019,9.845802e+07,8.163933,0.028808586,349.51028,1.4315975e+06,7.2573814,-0.0891114,211.93677,868125.5,7.1672792,0.064697266,60.675377,248543.5,7.183495,Ship-Water-Cloud-1.bmp,2912,2352
138.3363,487.12122,8.038013e+07,8.265722,0.13562012,40.24864,164933.75,6.8839874,-0.15100095,27.481777,112658.75,7.1302247,-0.0010986347,9.7472515,39924.75,7.127099,Ship-Water-Cloud-1.bmp,3024,2352
154.5857,955.47986,1.0179467e+08,8.237876,-0.076660156,72.65025,297599.5,6.4178824,0.013915988,64.45965,264027.5,6.5854616,-0.018066403,13.069133,53532.5,6.8828363,Ship-Water-Cloud-1.bmp,3136,2352
173.1947,3178.6208,1.358849e+08,8.1349125,-0.21398926,142.10344,582243.25,6.7985654,0.5191649,132.07379,542078.25,6.782183,-0.0028076225,28.92925,118494.25,6.934145,Ship-Water-Cloud-1.bmp,3248,2352
209.80139,4886.8633,2.0030869e+08,8.106822,-0.13293457,71.64377,293525.25,6.661956,0.7034911,56.163612,232073.25,6.766082,0.015258784,12.968334,53119.25,6.884701,Ship-Water-Cloud-1.bmp,3360,2352
172.031,1373.675,1.2684633e+08,8.231596,0.21411133,70.318665,288213.0,6.851112,0.058593668,52.04979,213210.0,6.8979454,0.06640625,12.3676605,50676.0,7.029557,Ship-Water-Cloud-1.bmp,3472,2352
198.1654,4767.6494,1.8037629e+08,8.105639,0.024536133,69.09162,283001.75,6.8755054,0.3248292,58.942276,241859.75,6.90726,0.017944338,10.917341,44718.75,7.0274544,Ship-Water-Cloud-1.bmp,3584,2352
124.42578,5641.8486,8.652237e+07,7.7740483,0.07006836,49.57199,203067.0,7.1388144,0.38476562,36.648834,150720.0,7.18024,0.004638671,8.118631,33254.0,7.1970367,Ship-Water-Cloud-1.bmp,3696,2352
126.50659,4030.7805,8.206213e+07,7.9386683,0.1743164,173.10596,709166.5,7.138995,0.20166016,145.21556,594969.5,7.137991,-0.039794914,28.710941,117606.5,6.960696,Ship-Water-Cloud-1.bmp,3808,2352
160.07666,5252.135,1.2647085e+08,8.001475,-0.28588867,296.37494,1.2142865e+06,7.2415676,0.42822266,232.50621,953096.5,7.201017,0.010009764,47.825462,195893.5,7.0972624,Ship-Water-Cloud-1.bmp,3920,2352
150.19043,4845.1313,1.1223981e+08,7.981766,0.44091797,237.42607,973293.5,7.1549606,0.6064454,153.19803,629005.5,7.0779085,-0.022460949,41.682476,170733.5,7.0990567,Ship-Water-Cloud-1.bmp,4032,2352
70.055664,1426.185,2.5943986e+07,7.7411814,0.19213867,36.580147,149983.5,5.44947,0.15844727,26.189373,107374.5,5.603581,0.020507816,6.625922,27141.5,5.680056,Ship-Water-Cloud-1.bmp,4144,2352
68.017334,2007.0837,2.7170574e+07,7.414879,-0.12426758,20.629944,84563.5,4.9489293,-0.26245117,10.956875,45161.5,5.6143627,-0.010498045,5.943127,24343.5,5.259654,Ship-Water-Cloud-1.bmp,4256,2352
64.53943,3914.3853,3.3094544e+07,6.8379593,0.12023926,69.59034,285101.25,4.808791,-0.08142093,35.441673,145196.25,4.9099836,-0.0025634775,15.453666,63298.25,5.006248,Ship-Water-Cloud-1.bmp,4368,2352
92.03052,4693.1133,5.391454e+07,7.477645,-0.2849121,139.96387,573624.5,6.113754,-0.5046387,97.42685,400103.5,6.0912657,-0.06665038,22.142654,90714.5,6.131442,Ship-Water-Cloud-1.bmp,4480,2352
233.32617,10566.443,2.6627091e+08,8.009588,-0.4741211,367.26385,1.5052335e+06,6.8002806,0.2265626,264.90558,1.0852635e+06,6.8510494,-0.012207018,58.751434,240646.5,6.843663,Ship-Water-Cloud-1.bmp,4592,2352
202.83215,6711.706,1.9600421e+08,8.0374975,0.43029785,427.4217,1.7514778e+06,6.986905,0.03894043,348.29944,1.4266408e+06,6.989381,-0.076293945,95.04491,389327.75,6.879734,Ship-Water-Cloud-1.bmp,4704,2352
191.09326,6746.9395,1.772076e+08,7.999642,0.5107422,552.2638,2.263141e+06,7.0527244,0.2797851,504.74155,2.067742e+06,7.003045,0.017089836,130.39595,534103.0,6.914592,Ship-Water-Cloud-1.bmp,4816,2352
285.41638,16787.645,4.0243264e+08,7.9950333,-1.0484619,398.37296,1.6362382e+06,6.6791835,0.110229455,335.62122,1.3747542e+06,6.636164,0.02673341,93.80452,384226.25,6.5151796,Ship-Water-Cloud-1.bmp,4928,2352
470.99365,2555.876,9.191051e+08,8.296495,-0.46044922,20.213524,83663.0,6.4219527,0.10034174,19.482853,79843.0,6.1503577,-0.041259766,5.10279,20908.0,5.7625065,Ship-Water-Cloud-1.bmp,5040,2352
486.6007,2419.4146,9.797618e+08,8.299547,0.19104004,6.6465483,27373.75,6.1412,0.22326654,7.937397,32715.754,6.1674514,0.00793457,1.0877665,4455.75,6.4214835,Ship-Water-Cloud-1.bmp,5152,2352
393.72717,7870.292,6.672031e+08,8.224944,0.6121826,32.00737,132637.25,6.869965,-0.36340347,32.99568,135691.25,6.9761076,0.016235355,6.1540937,25208.25,6.726219,Ship-Water-Cloud-1.bmp,5264,2352
305.36963,6734.3496,4.095384e+08,8.192794,0.52563477,89.032425,365808.5,6.503907,-0.3044433,80.16036,328716.5,6.534687,0.034667976,23.832172,97621.5,6.0681996,Ship-Water-Cloud-1.bmp,5376,2352
246.6847,3088.5186,2.6190586e+08,8.222605,0.32263184,60.90244,249882.75,6.7266316,-0.1483154,47.450356,194446.75,7.0384345,-0.0025634775,12.433525,50927.75,6.927378,Ship-Water-Cloud-1.bmp,5488,2352
234.02478,4900.967,2.4440243e+08,8.138463,0.25598145,159.44443,653352.75,6.278696,0.25061047,150.05237,614871.75,6.262783,-0.022094727,44.741394,183262.75,6.2594423,Ship-Water-Cloud-1.bmp,5600,2352
190.0415,4919.3296,1.6807978e+08,8.063375,0.34106445,232.27136,951860.0,6.724756,-0.030761838,226.05496,925925.0,6.6838026,-0.021240229,58.096718,237966.0,6.634255,Ship-Water-Cloud-1.bmp,5712,2352
131.15381,2943.3464,8.251256e+07,8.063445,0.20385742,188.73859,773243.5,6.831134,-0.23535147,101.84782,417395.5,6.869055,0.025146496,33.169655,135865.5,6.774434,Ship-Water-Cloud-1.bmp,5824,2352
128.75146,465.4154,6.980549e+07,8.2640505,-0.115478516,32.90304,134825.5,7.172711,-0.17407225,26.448582,108457.5,7.2346616,0.034179688,8.1615505,33434.5,7.2676806,Ship-Water-Cloud-1.bmp,5936,2352
139.77905,473.43005,8.196757e+07,8.270586,-0.008544924,32.540085,133284.5,7.2310944,-0.0678711,25.442291,104230.5,7.3163905,0.009765625,7.119899,29163.5,7.3766756,Ship-Water-Cloud-1.bmp,6048,2352
147.6637,420.72778,9.103482e+07,8.279862,0.0008544922,29.009583,118823.25,7.3269978,-0.01135253,23.628593,96783.25,7.380218,-0.019409176,6.8717546,28148.25,7.348157,Ship-Water-Cloud-1.bmp,6160,2352
146.58252,289.20648,8.919302e+07,8.2912245,-0.09692383,26.372566,108060.5,7.2792044,-0.0036621662,22.144638,90704.5,7.307122,-0.016113283,6.0162196,24643.5,7.349889,Ship-Water-Cloud-1.bmp,6272,2352
133.93262,764.52234,7.660531e+07,8.24037,0.12060547,29.945414,122716.0,7.2910886,0.042480454,23.37881,95767.0,7.3734636,0.001953126,7.426997,30421.0,7.341752,Ship-Water-Cloud-1.bmp,6384,2352
115.398926,1068.503,5.892266e+07,8.200055,0.09667969,41.34307,169379.5,7.004229,-0.012939446,31.625933,129540.5,6.9622746,0.00708008,8.708324,35669.5,7.0196195,Ship-Water-Cloud-1.bmp,6496,2352
96.83887,2752.0532,4.9683744e+07,7.981275,0.053222656,74.04794,303312.0,6.8535137,0.05322273,57.300392,234714.0,6.8807597,-0.013183592,14.532297,59525.0,7.0246024,Ship-Water-Cloud-1.bmp,6608,2352
108.00537,427.71933,4.953243e+07,8.245712,0.045410156,20.643324,84563.5,7.0817614,-0.088867165,16.223915,66485.5,7.0371976,-0.021484375,6.816066,27920.5,7.2615023,Ship-Water-Cloud-1.bmp,6720,2352
101.5426,135.13387,4.2786956e+07,8.290495,0.019409178,16.190357,66317.25,7.405066,0.087524444,13.890594,56927.25,7.389031,0.012573244,6.5221195,26715.25,7.4070168,Ship-Water-Cloud-1.bmp,6832,2352
224.21619,8187.45,2.3945358e+08,8.050331,-0.14001465,562.48584,2.3040222e+06,6.6335936,-0.015014589,384.50958,1.5749522e+06,6.793968,0.059448242,53.866158,220650.25,7.0290136,Ship-Water-Cloud-1.bmp,0,2464
214.49866,6219.8174,2.13932e+08,8.103407,-0.22277832,291.68726,1.1949542e+06,6.780659,-0.38635257,376.89792,1.5443852e+06,6.941443,0.026977547,42.5694,174367.25,6.902939,Ship-Water-Cloud-1.bmp,112,2464
205.66553,7990.3926,2.0598253e+08,7.994214,0.28393555,438.36395,1.795869e+06,6.817993,-0.7070312,333.3949,1.367633e+06,6.868558,0.0007324284,46.692627,191253.0,6.992476,Ship-Water-Cloud-1.bmp,224,2464
230.40771,9791.587,2.575536e+08,8.030157,0.3642578,464.35657,1.902548e+06,6.5505886,-0.12890622,289.5991,1.186266e+06,6.785602,0.053710938,52.21587,213888.0,6.810973,Ship-Water-Cloud-1.bmp,336,2464
166.36243,8150.0186,1.4674525e+08,7.86225,0.44909668,755.5638,3.0956152e+06,7.0058265,-0.15441893,368.07483,1.5077322e+06,7.0154066,0.0133056715,88.65858,363146.25,7.1239657,Ship-Water-Cloud-1.bmp,448,2464
133.10364,2600.1948,8.32175e+07,8.090914,0.020141613,421.67484,1.7271818e+06,7.42621,-0.0858155,324.4999,1.3291818e+06,7.386213,0.0020751879,82.328064,337215.75,7.315438,Ship-Water-Cloud-1.bmp,560,2464
132.23206,5289.8125,9.328693e+07,7.8821545,-0.13806152,443.6706,1.8173528e+06,7.232432,-0.33190918,372.7882,1.5273918e+06,7.044331,-0.021362301,72.86032,298437.75,7.0500855,Ship-Water-Cloud-1.bmp,672,2464
143.9491,11343.135,1.313361e+08,7.5255823,0.21618652,484.48395,1.9846378e+06,6.80357,-0.006225556,402.07388,1.6468948e+06,6.778281,-0.04919434,75.80489,310506.75,6.9011664,Ship-Water-Cloud-1.bmp,784,2464
143.3252,12685.0625,1.360985e+08,7.5252223,-0.08984375,530.81775,2.1742625e+06,6.597304,-0.49047852,445.24707,1.8247175e+06,6.561101,-0.0036621,94.92345,388806.5,6.6789074,Ship-Water-Cloud-1.bmp,896,2464
105.7428,16432.23,1.1310601e+08,6.93969,1.0941162,447.79712,1.8390802e+06,5.7218475,-0.40588373,398.32434,1.6322112e+06,5.712911,0.08166504,82.82079,339261.25,5.895409,Ship-Water-Cloud-1.bmp,1008,2464
37.254883,2547.2244,1.6118376e+07,5.838621,0.19213867,79.80672,327039.5,4.069468,-0.35180664,42.47303,174476.5,4.396306,-0.020996094,12.02727,49265.5,4.976338,Ship-Water-Cloud-1.bmp,1120,2464
29.407593,51.850655,3.7546278e+06,8.132517,-0.10998535,11.833789,48520.75,3.0269322,0.0140380915,5.7751327,23655.75,4.874773,0.0028076177,3.272636,13404.75,5.7370095,Ship-Water-Cloud-1.bmp,1232,2464
64.936646,2744.6938,2.8514148e+07,7.368561,-0.37683105,139.85208,573415.75,6.2933083,0.15954587,127.07435,520600.75,6.2211485,-0.018188473,28.48618,116680.75,6.4179287,Ship-Water-Cloud-1.bmp,1344,2464
103.05957,2427.123,5.344624e+07,7.9740524,-0.2512207,275.239,1.1276375e+06,7.1994615,0.003906235,181.93808,745218.5,7.139744,-0.021240238,49.157387,201350.5,7.0607553,Ship-Water-Cloud-1.bmp,1456,2464
128.42004,1869.8721,7.520903e+07,8.13604,0.27038574,338.83453,1.3881658e+06,7.437624,-0.12707512,231.97403,950231.75,7.4117746,0.014282234,72.84764,298384.75,7.359787,Ship-Water-Cloud-1.bmp,1568,2464
126.037476,1984.8008,7.319653e+07,8.1177225,-0.07531739,325.96375,1.3351708e+06,7.4355145,0.31921384,229.52548,940553.75,7.3865213,0.07458495,72.430176,296696.75,7.3002596,Ship-Water-Cloud-1.bmp,1680,2464
138.99866,1798.2095,8.650275e+07,8.162966,-0.061157234,368.20874,1.5081982e+06,7.400199,0.088012755,271.60583,1.1125292e+06,7.388911,-0.03332518,77.611984,317903.25,7.319481,Ship-Water-Cloud-1.bmp,1792,2464
130.99329,1560.8628,7.6677544e+07,8.165199,-0.1739502,327.8963,1.3431872e+06,7.3120313,-0.31213382,244.0728,1.00012125e+06,7.270521,0.071899414,64.423355,263899.25,7.299335,Ship-Water-Cloud-1.bmp,1904,2464
125.88257,1114.2186,6.9470776e+07,8.192417,-0.11669922,258.2293,1.057763e+06,7.0803328,-0.031005792,180.52078,739417.0,7.137324,0.02685548,55.228287,226218.0,7.1054935,Ship-Water-Cloud-1.bmp,2016,2464
126.81958,1149.9402,7.058698e+07,8.186619,0.12451172,253.27896,1.037494e+06,7.0493436,0.04077141,193.4859,792525.0,7.074393,-0.0019531287,45.16674,185003.0,7.102502,Ship-Water-Cloud-1.bmp,2128,2464
138.73352,2485.2046,8.901507e+07,8.0987625,-0.01574707,197.0556,807140.75,7.0525174,-0.1121826,148.66191,608970.75,7.1261306,-0.02648925,37.50046,153604.75,7.028825,Ship-Water-Cloud-1.bmp,2240,2464
113.406494,5359.794,7.463251e+07,7.7758327,0.26293945,136.38873,558931.5,7.119845,-0.53466797,104.606346,429638.5,7.160511,0.0366211,27.476322,112548.5,7.0868616,Ship-Water-Cloud-1.bmp,2352,2464
125.1781,6715.0107,9.168719e+07,7.743435,-0.46325684,119.98553,492339.75,7.0208216,-0.8790282,94.50069,390239.75,7.054757,0.015258787,22.655224,92796.75,7.0071154,Ship-Water-Cloud-1.bmp,2464,2464
219.55664,9876.901,2.3790394e+08,7.9935627,-0.3359375,142.88554,585721.5,6.7865305,-0.48217776,106.13725,435690.5,6.776457,0.039794926,29.090338,119160.5,6.8065624,Ship-Water-Cloud-1.bmp,2576,2464
133.24377,7114.882,1.0186254e+08,7.757367,0.32873535,58.905056,241717.75,6.937442,-0.57702637,47.42992,195636.75,7.1042023,-0.027221676,11.019706,45139.75,7.0454373,Ship-Water-Cloud-1.bmp,2688,2464
126.5022,2958.8374,7.76669e+07,8.035465,-0.16821289,240.99916,987248.5,7.173601,-0.12255865,174.90991,716492.5,7.19444,0.030273436,44.744812,183278.5,7.1135283,Ship-Water-Cloud-1.bmp,2800,2464
159.49792,2212.365,1.132624e+08,8.16614,0.08947754,284.11682,1.1637752e+06,7.175425,-0.057006918,195.9111,802465.25,7.2096896,0.040893562,56.183205,230133.25,7.1807365,Ship-Water-Cloud-1.bmp,2912,2464
154.24573,1055.784,1.0177547e+08,8.232246,0.030883789,93.90622,384643.75,6.650637,0.15124512,87.22365,357361.75,6.7138667,-0.027954094,18.40858,75404.75,6.942562,Ship-Water-Cloud-1.bmp,3024,2464
145.66687,1404.5518,9.266539e+07,8.207195,0.056274407,64.04963,262360.25,6.5814524,0.30627438,60.217293,247034.25,6.84744,-0.03723145,13.415178,54954.25,7.100769,Ship-Water-Cloud-1.bmp,3136,2464
132.6001,2546.4646,8.244941e+07,8.088805,-0.10791015,154.97006,634805.0,6.5495524,0.07128909,115.29692,472277.0,6.616592,-0.0234375,26.818054,109849.0,6.775607,Ship-Water-Cloud-1.bmp,3248,2464
145.13843,1282.9637,9.153793e+07,8.21273,0.02246093,79.1599,324241.0,6.8656483,0.00097657,69.25049,283650.0,6.797959,0.001220705,15.496823,63475.0,6.8702593,Ship-Water-Cloud-1.bmp,3360,2464
150.43335,617.9788,9.522451e+07,8.268334,0.0209961,75.941086,311056.5,6.833158,0.014160166,64.34978,263577.5,6.684499,0.00708008,15.757152,64541.5,6.9261923,Ship-Water-Cloud-1.bmp,3472,2464
149.10583,3224.112,1.0427048e+08,8.107561,0.08093262,193.24216,791546.75,6.9222307,0.29040533,158.6949,650359.75,6.9104652,0.0076904222,33.300415,136398.75,6.995386,Ship-Water-Cloud-1.bmp,3584,2464
97.32971,3009.1099,5.1127024e+07,7.8520727,0.3668213,213.51247,875098.25,7.1292257,-0.068725556,153.32663,628045.25,7.144395,-0.04821778,35.14617,143968.25,7.0408716,Ship-Water-Cloud-1.bmp,3696,2464
140.78296,7962.9653,1.1379838e+08,7.716708,-0.69750977,90.84198,374081.5,7.2759714,-0.43554682,74.1173,304361.5,7.2864146,-0.008789055,13.424604,54987.5,7.212224,Ship-Water-Cloud-1.bmp,3808,2464
209.09021,6757.819,2.0675187e+08,8.067931,0.44885254,117.763916,483186.25,6.8226576,-0.5147706,88.8403,364975.25,6.907856,-0.044311523,19.679981,80617.25,6.8772,Ship-Water-Cloud-1.bmp,3920,2464
104.44812,4795.2217,6.432617e+07,7.746586,0.40344238,175.80887,720779.75,6.6289024,0.17248535,117.88693,482986.75,6.6235437,0.019409176,32.032516,131206.75,6.6095862,Ship-Water-Cloud-1.bmp,4032,2464
91.80469,2167.021,4.3397616e+07,7.9164515,-0.2253418,8.235843,33942.0,7.216363,-0.09228515,7.133817,29255.0,7.223054,0.0031738286,1.6127828,6606.0,7.4270415,Ship-Water-Cloud-1.bmp,4144,2464
94.83496,2466.1143,4.693927e+07,7.7544084,0.19604492,34.37734,140967.0,5.306091,0.15332028,20.218437,82911.0,5.808138,-0.027587889,8.487519,34768.0,5.3418164,Ship-Water-Cloud-1.bmp,4256,2464
63.764038,1139.0156,2.131914e+07,7.6293426,0.3590088,12.991656,53741.75,4.615199,0.076049805,5.77687,23685.75,5.823835,-0.010620117,2.629709,10771.75,6.0246897,Ship-Water-Cloud-1.bmp,4368,2464
166.10107,11560.979,1.6036064e+08,7.7581882,-0.47924805,204.48468,838510.0,6.648144,-0.2231445,122.00489,499936.0,6.570284,0.039794926,31.65369,129660.0,6.5858316,Ship-Water-Cloud-1.bmp,4480,2464
139.36328,9523.574,1.1856158e+08,7.6381426,0.33618164,339.35864,1.390476e+06,7.007676,0.24633789,278.50452,1.141003e+06,7.010171,0.05078125,59.53282,243857.0,6.8873153,Ship-Water-Cloud-1.bmp,4592,2464
101.17273,6317.533,6.780294e+07,7.4270144,-0.01940918,180.6684,740019.25,6.7829924,0.32849124,151.61578,621460.25,6.7408156,-0.03454589,40.26938,164948.25,6.7266164,Ship-Water-Cloud-1.bmp,4704,2464
123.71387,4710.5664,8.198426e+07,7.8009186,-0.1772461,217.77243,892124.5,6.9965944,0.22827147,195.17337,799643.5,6.9638767,0.022705084,50.180756,205542.5,6.922979,Ship-Water-Cloud-1.bmp,4816,2464
163.7052,7571.464,1.4078302e+08,7.8594494,-0.4317627,298.60248,1.2238392e+06,6.8052115,0.39904797,295.11792,1.2094552e+06,6.6890907,0.11706544,77.27005,316554.25,6.4643164,Ship-Water-Cloud-1.bmp,4928,2464
198.30481,17945.703,2.3457998e+08,7.702184,0.033813477,101.51808,415822.75,6.3962507,1.4647217,96.03421,402143.75,6.396471,-0.026977532,25.594181,104836.75,6.2090697,Ship-Water-Cloud-1.bmp,5040,2464
221.1029,17572.809,2.722173e+08,7.82465,-0.4683838,68.07536,279735.25,6.4220223,1.158081,70.29954,293440.25,6.3264666,0.029174805,15.648869,64101.25,6.124197,Ship-Water-Cloud-1.bmp,5152,2464
324.90662,7967.0396,4.6502442e+08,8.178387,-0.45983887,67.73343,278302.25,6.748377,0.37731943,62.193626,255328.25,6.458415,0.027954102,15.175061,62160.25,6.4890413,Ship-Water-Cloud-1.bmp,5264,2464
384.328,12145.581,6.547603e+08,8.17503,0.47595215,77.47519,318266.25,6.109584,-0.613159,73.48665,302541.25,6.24562,0.03527832,18.859169,77252.25,6.1374393,Ship-Water-Cloud-1.bmp,5376,2464
275.0432,7581.3525,3.4091056e+08,8.134621,0.69970703,219.9771,903031.5,6.5354767,-0.68896484,199.84894,820525.5,6.6241384,-0.05395508,47.204975,193363.5,6.600149,Ship-Water-Cloud-1.bmp,5488,2464
183.21582,3916.0264,1.5353472e+08,8.103054,0.25708008,197.10431,807610.0,6.539628,0.5847168,180.5314,740857.0,6.6716323,0.012207029,56.651707,232046.0,6.2839956,Ship-Water-Cloud-1.bmp,5600,2464
177.41382,4493.431,1.473294e+08,8.039934,-0.05639648,235.04797,962769.5,6.702715,-0.05517581,207.71289,850804.5,6.635057,-0.010253897,58.52394,239714.5,6.333354,Ship-Water-Cloud-1.bmp,5712,2464
160.09106,5364.1123,1.2694839e+08,7.9665933,0.24023438,290.0885,1.188439e+06,6.7485237,-0.22070314,214.46252,878638.0,6.6950216,-0.014404295,59.6453,244308.0,6.574007,Ship-Water-Cloud-1.bmp,5824,2464
133.92773,1110.0864,7.8015384e+07,8.218325,0.052734382,89.35452,366007.5,6.8904963,0.068847656,57.001484,233497.5,6.814682,-0.011718746,15.499741,63487.5,7.021578,Ship-Water-Cloud-1.bmp,5936,2464
139.19592,282.45032,8.051899e+07,8.288668,-0.08068848,28.985615,118751.75,7.3387995,0.024291974,23.46102,96098.75,7.3310328,0.037719727,8.241191,33761.75,7.33931,Ship-Water-Cloud-1.bmp,6048,2464
138.66284,263.14487,7.98332e+07,8.290721,0.007080078,23.545605,96443.0,7.376588,0.035156287,21.083725,86364.0,7.3906803,-0.016113283,5.980697,24498.0,7.389651,Ship-Water-Cloud-1.bmp,6160,2464
143.05334,477.1995,8.5776216e+07,8.271546,-0.0826416,31.637888,129616.75,7.376513,-0.03405764,29.021484,118876.75,7.286681,-0.010375973,7.8626237,32205.75,7.3512707,Ship-Water-Cloud-1.bmp,6272,2464
94.42578,2045.3931,4.48988e+07,7.9386888,0.21459961,25.40231,104236.5,7.0540867,-0.019531235,20.13182,82461.5,7.22113,-0.022705078,4.988132,20433.5,7.23147,Ship-Water-Cloud-1.bmp,6384,2464
105.450806,818.3308,4.889888e+07,8.18652,-0.095581055,18.477497,75721.25,7.365443,-0.008422911,14.636952,59953.25,7.3626013,-0.018676754,4.3996143,18022.25,7.3673105,Ship-Water-Cloud-1.bmp,6496,2464
99.723145,1474.322,4.6772336e+07,8.132439,0.092285156,37.728058,154569.0,6.846558,-0.13696292,30.93168,126773.0,6.8070107,-0.011474606,9.417105,38573.0,6.995019,Ship-Water-Cloud-1.bmp,6608,2464
109.64087,2158.8252,5.8081056e+07,8.101306,-0.17749023,83.89818,343776.0,6.849478,0.03833009,64.277824,263288.0,6.8570127,0.022705078,19.457005,79698.0,7.005521,Ship-Water-Cloud-1.bmp,6720,2464
122.65027,432.39813,6.3387596e+07,8.260539,0.0028076172,21.959158,89944.75,6.877117,-0.18054202,20.049864,82257.75,6.936523,-0.021850582,7.236766,29643.75,7.141468,Ship-Water-Cloud-1.bmp,6832,2464
337.27527,10084.878,5.0724653e+08,8.156804,-0.033813477,235.05054,962771.75,6.2479568,-0.030639723,465.21802,1.9055368e+06,6.766062,-0.0032958984,52.71917,215937.75,6.286315,Ship-Water-Cloud-1.bmp,0,2576
287.3069,10092.655,3.7944483e+08,8.096792,0.3232422,269.16455,1.102926e+06,6.0820036,0.016357332,723.47266,2.963345e+06,6.7396073,-0.086425774,49.787453,203960.0,6.356594,Ship-Water-Cloud-1.bmp,112,2576
250.71179,12077.037,3.0692736e+08,7.992945,-0.12585449,301.3027,1.2342008e+06,6.1113763,-0.57824695,554.44025,2.2723568e+06,6.6856956,0.006469728,60.36635,247260.75,6.3006535,Ship-Water-Cloud-1.bmp,224,2576
286.0818,13498.238,3.9051683e+08,8.043707,-0.8005371,470.01465,1.927805e+06,6.4435196,-0.7006836,475.0747,1.947917e+06,6.6506634,0.08056642,57.6959,236349.0,6.3703165,Ship-Water-Cloud-1.bmp,336,2576
278.91785,21500.691,4.067158e+08,7.905341,1.0291748,480.91388,1.9741618e+06,6.5495663,-0.3265381,355.89624,1.4581878e+06,6.8035574,-0.06677246,66.29138,271547.75,6.7887607,Ship-Water-Cloud-1.bmp,448,2576
179.46692,11626.78,1.795488e+08,7.751339,0.059692383,470.1446,1.9257268e+06,6.9145985,0.20861802,474.71423,1.9446078e+06,6.903952,0.018676756,79.90584,327295.75,7.0797157,Ship-Water-Cloud-1.bmp,560,2576
159.44824,6411.1963,1.303959e+08,7.907787,0.03759766,372.33246,1.5250795e+06,7.279237,-0.17358401,430.51932,1.7635305e+06,7.0515647,0.04174804,75.913414,310948.5,7.092327,Ship-Water-Cloud-1.bmp,672,2576
152.24023,5728.39,1.1839685e+08,7.909936,-0.21313477,337.0741,1.3808415e+06,7.277033,-0.18334958,392.19406,1.6065645e+06,7.2431555,0.028320318,68.46929,280453.5,7.2507505,Ship-Water-Cloud-1.bmp,784,2576
166.46277,10499.391,1.5650506e+08,7.7714834,0.027709961,564.3603,2.3116228e+06,6.7221117,-0.049194284,482.52094,1.9764158e+06,6.893212,-0.023803717,113.44737,464682.75,6.571934,Ship-Water-Cloud-1.bmp,896,2576
157.52856,11857.826,1.5021293e+08,7.654408,0.0031738207,634.86633,2.6004125e+06,6.5899916,0.14721686,555.30975,2.2746375e+06,6.6728134,0.011474609,126.846436,519563.5,6.6720657,Ship-Water-Cloud-1.bmp,1008,2576
143.2467,16481.53,1.5155669e+08,7.3987513,0.110961914,583.1309,2.3885548e+06,6.3368964,-0.23083487,461.62854,1.8910488e+06,6.47311,-0.052124027,105.140045,430664.75,6.296193,Ship-Water-Cloud-1.bmp,1120,2576
39.66809,1719.9915,1.3490377e+07,6.7395134,0.3277588,50.59198,207664.75,5.183296,-0.24255374,44.946472,184341.75,5.058205,0.00061035156,10.940369,44811.75,5.627314,Ship-Water-Cloud-1.bmp,1232,2576
34.17639,322.93893,6.106991e+06,7.6102166,-0.008666992,7.158433,29321.25,5.4528217,0.102416985,9.177804,37635.25,5.347222,0.026245117,2.698347,11055.25,6.745256,Ship-Water-Cloud-1.bmp,1344,2576
31.263428,606.6793,6.488397e+06,7.308814,-0.043701172,15.081588,61782.0,4.86871,0.2397461,15.140275,62250.0,4.8148932,0.0146484375,4.066924,16659.0,5.196553,Ship-Water-Cloud-1.bmp,1456,2576
62.61548,3300.2976,2.9577198e+07,7.432877,-0.036865234,146.11095,598476.0,6.681205,0.45068362,110.89186,455045.0,6.7131877,0.007324214,33.427433,136919.0,6.6102524,Ship-Water-Cloud-1.bmp,1568,2576
82.96484,2354.7642,3.783856e+07,7.8297625,-0.017822266,208.64629,854616.5,7.1629257,0.3337403,151.38263,620519.5,7.2019906,-0.022949222,42.755455,175128.5,7.135004,Ship-Water-Cloud-1.bmp,1680,2576
130.39795,2412.9329,7.953022e+07,8.099737,-0.21362305,334.11475,1.368721e+06,7.399512,0.16088866,266.54712,1.091883e+06,7.377577,-0.048828106,63.03839,258215.0,7.310209,Ship-Water-Cloud-1.bmp,1792,2576
153.23877,1957.3955,1.0420026e+08,8.175749,-0.17333984,360.03088,1.4748095e+06,7.4428577,-0.0073241405,276.18048,1.1312355e+06,7.418237,0.029785149,78.48483,321477.5,7.3606224,Ship-Water-Cloud-1.bmp,1904,2576
146.26355,1744.0647,9.476952e+07,8.178517,0.10241699,414.30475,1.6970352e+06,7.415549,-0.22692871,283.0455,1.1595652e+06,7.418681,-0.04382325,81.938324,335627.25,7.351646,Ship-Water-Cloud-1.bmp,2016,2576
144.59741,1959.9008,9.366861e+07,8.1597395,-0.17114258,425.97693,1.7449215e+06,7.4454365,-0.065917976,337.66815,1.3831065e+06,7.4256234,-0.047851577,90.10135,369064.5,7.339748,Ship-Water-Cloud-1.bmp,2128,2576
130.23633,2026.5316,7.7774984e+07,8.120158,0.062011726,250.60788,1.0265055e+06,7.1150236,0.42968753,185.06792,758794.5,7.1102715,-0.08691407,52.040672,213189.5,7.034196,Ship-Water-Cloud-1.bmp,2240,2576
125.47266,3382.269,7.833869e+07,7.9691505,-0.27929688,179.8025,736790.5,6.932838,0.2929687,136.969,561376.5,6.97828,-0.051757812,39.40785,161425.5,6.877204,Ship-Water-Cloud-1.bmp,2352,2576
201.73987,7558.718,1.976635e+08,8.016683,-0.0579834,67.75585,277541.75,6.827969,0.44421387,50.726685,208584.75,7.013609,0.01159668,13.297899,54468.75,7.032054,Ship-Water-Cloud-1.bmp,2464,2576
264.42517,11681.027,3.3424058e+08,8.057186,-0.41345215,52.767345,216835.25,6.90749,0.6607666,35.60007,147606.25,7.0614567,-0.052368164,10.130863,41507.25,7.0385294,Ship-Water-Cloud-1.bmp,2576,2576
165.1737,9012.764,1.486648e+08,7.854314,0.97595215,109.88925,454007.75,6.5246806,0.19323733,72.747025,298124.75,6.6969285,-0.060180664,15.7109165,64366.75,6.757921,Ship-Water-Cloud-1.bmp,2688,2576
180.19092,9736.838,1.7287416e+08,7.894292,-0.44433594,127.54597,523237.0,6.9451,0.08715811,93.35837,382427.0,7.0146103,-0.033447262,23.214212,95090.0,6.9082346,Ship-Water-Cloud-1.bmp,2800,2576
212.33716,10571.77,2.279786e+08,7.9585743,0.5046387,95.64402,392801.0,6.8114324,-0.2858887,80.73151,331011.0,6.891259,0.017333988,21.365177,87513.0,6.7564507,Ship-Water-Cloud-1.bmp,2912,2576
101.93323,3893.019,5.8504812e+07,7.801916,0.23254395,88.50983,362757.75,6.72816,0.28698722,72.10435,295676.75,6.696971,-0.019653313,15.51005,63530.75,6.6789474,Ship-Water-Cloud-1.bmp,3024,2576
98.91272,3631.692,5.494955e+07,7.833314,-0.4029541,176.96855,725528.25,6.8690186,0.10119624,133.9781,548816.25,6.979502,0.09558104,34.939655,143150.25,6.8963203,Ship-Water-Cloud-1.bmp,3136,2576
159.66956,1296.5123,1.0973544e+08,8.227364,-0.0064697247,147.95766,606034.75,6.851366,-0.02624508,121.11937,496107.75,6.919833,0.040893547,33.14158,135754.75,6.964393,Ship-Water-Cloud-1.bmp,3248,2576
155.18494,1952.0383,1.0663691e+08,8.193865,-0.012817383,182.65286,748146.75,7.086527,0.13122559,158.65509,649921.75,7.0340986,-0.011840828,36.456585,149326.75,7.0592394,Ship-Water-Cloud-1.bmp,3360,2576
145.12476,3075.6729,9.886461e+07,8.103891,-0.13989258,219.26523,898190.5,6.9282026,0.21093743,181.62726,744127.5,6.8693,-0.015625004,38.109497,156097.5,6.9824047,Ship-Water-Cloud-1.bmp,3472,2576
123.50696,4473.9824,8.080569e+07,7.888078,0.20861816,336.0752,1.3767422e+06,7.255428,-0.22937016,288.47406,1.1818052e+06,7.237444,-0.027709953,58.247585,238585.25,7.216297,Ship-Water-Cloud-1.bmp,3584,2576
112.569824,3049.92,6.439684e+07,7.9798203,0.31323242,284.62872,1.166241e+06,7.282463,0.07421876,233.9,958077.0,7.309737,-0.034912117,43.96509,180086.0,7.184602,Ship-Water-Cloud-1.bmp,3696,2576
128.24841,9072.57,1.0453085e+08,7.5944896,-0.69421387,81.24884,334769.25,6.9888496,0.4385986,64.89436,266595.25,7.030204,0.0018310614,14.199031,58159.25,7.066893,Ship-Water-Cloud-1.bmp,3808,2576
233.37158,5542.3086,2.4577886e+08,8.143495,0.36499023,24.581991,101233.5,7.1947846,0.5834961,18.790272,78359.5,7.279614,0.031982422,4.75154,19466.5,7.1944356,Ship-Water-Cloud-1.bmp,3920,2576
71.12341,4714.0137,4.0028384e+07,7.3614225,0.8450928,17.273306,73676.75,6.33174,0.01989745,10.996369,45042.75,6.3143725,0.0018310533,3.2570152,13340.75,6.4873276,Ship-Water-Cloud-1.bmp,4032,2576
46.902466,1151.6901,1.3727872e+07,7.49716,-0.16906738,3.038982,12564.75,7.159438,0.19665527,2.6377792,10962.75,7.140544,-0.025268555,1.2700524,5204.75,7.453236,Ship-Water-Cloud-1.bmp,4144,2576
69.422485,655.9416,2.2427332e+07,8.04203,-0.18273926,6.4025803,26361.75,6.5919695,0.013305638,5.365973,21979.75,6.745998,-0.023071289,1.731096,7092.75,7.3927426,Ship-Water-Cloud-1.bmp,4256,2576
106.850464,2815.9854,5.82984e+07,7.920305,-0.115356445,89.84161,368045.75,6.330568,-0.2269288,77.68208,318396.75,6.351904,0.016723631,17.301174,70866.75,6.479052,Ship-Water-Cloud-1.bmp,4368,2576
149.9403,9057.91,1.29187864e+08,7.7664576,-0.33361816,313.51498,1.2846132e+06,7.023528,0.37268066,312.43097,1.2802862e+06,6.876521,-0.07312013,61.958828,253805.25,6.938504,Ship-Water-Cloud-1.bmp,4480,2576
218.7627,9406.308,2.3455098e+08,8.010256,-0.36694336,428.708,1.7565395e+06,6.9332476,-0.18408208,420.92352,1.7242415e+06,6.935697,0.065185554,106.87405,437773.5,6.633728,Ship-Water-Cloud-1.bmp,4592,2576
189.61719,13041.801,2.0068957e+08,7.7831583,0.1796875,518.044,2.1220405e+06,6.9713874,-0.43286133,477.8372,1.9579885e+06,6.9598885,0.13696289,135.03827,553193.5,6.794651,Ship-Water-Cloud-1.bmp,4704,2576
197.51611,11057.596,2.0508757e+08,7.8766394,-0.3022461,329.21735,1.3488485e+06,6.8923464,-0.66162086,282.14734,1.1574685e+06,6.854685,0.02246093,76.13145,311836.5,6.7533007,Ship-Water-Cloud-1.bmp,4816,2576
206.39612,11071.539,2.19836e+08,7.897518,0.21887207,109.38795,448249.25,6.815475,-0.8741455,107.379,442954.25,6.6930857,-0.008422853,30.085926,123232.25,6.453267,Ship-Water-Cloud-1.bmp,4928,2576
184.53711,8997.372,1.7633818e+08,7.9154787,0.14892578,96.37761,394853.5,6.818202,-0.53735363,91.75678,377018.5,6.684256,0.016845703,22.815514,93453.5,6.5809097,Ship-Water-Cloud-1.bmp,5040,2576
162.93286,8119.6655,1.4199515e+08,7.8511615,-0.30151367,80.35782,329518.0,6.774891,-0.55200195,85.85154,352896.0,6.7521877,-0.00219726,17.395744,71253.0,6.8071327,Ship-Water-Cloud-1.bmp,5152,2576
351.52063,11682.311,5.5398016e+08,8.155423,-0.85095215,93.73993,386924.75,6.6585383,-0.32067877,85.05506,348806.75,6.5966215,0.047973633,21.050129,86230.75,6.6997967,Ship-Water-Cloud-1.bmp,5264,2576
452.23767,6420.7705,8.6400896e+08,8.265617,0.35705566,25.244642,103924.25,5.9100943,0.6885985,18.265148,76756.25,6.2014675,0.038452152,4.804247,19684.25,5.8012114,Ship-Water-Cloud-1.bmp,5376,2576
333.95337,15373.025,5.1977373e+08,8.092252,0.7980957,55.478157,229847.5,6.4796553,0.625244,50.89825,210080.5,6.5709686,0.042724613,15.63648,64054.5,6.043027,Ship-Water-Cloud-1.bmp,5488,2576
195.66089,3542.2227,1.7131686e+08,8.131683,0.29467773,165.56587,678513.5,6.395035,-0.083984286,141.41322,579257.5,6.326548,-0.020507809,41.80268,171225.5,6.3404546,Ship-Water-Cloud-1.bmp,5600,2576
185.38843,3513.4824,1.5516611e+08,8.112234,0.0031738281,293.73694,1.2031465e+06,6.4984107,-0.039062537,224.50714,919587.5,6.5997334,-0.039062507,70.96807,290691.5,6.5632815,Ship-Water-Cloud-1.bmp,5712,2576
169.25403,4761.6865,1.3684168e+08,7.9988174,0.20861816,319.594,1.3092352e+06,6.695653,0.15417473,270.72018,1.1089672e+06,6.570055,-0.05578613,74.017456,303188.25,6.6211224,Ship-Water-Cloud-1.bmp,5824,2576
143.04468,4316.614,1.01492296e+08,7.975877,0.17211914,241.16434,987930.5,6.767106,0.034179702,160.62321,657917.5,6.4853425,0.008300785,44.47124,182154.5,6.5255814,Ship-Water-Cloud-1.bmp,5936,2576
136.62866,375.10956,7.799808e+07,8.279257,-0.103271484,42.65767,174769.5,7.104712,0.019287147,23.88891,97850.51,7.3274636,-0.0036621038,11.302355,46294.5,7.2554884,Ship-Water-Cloud-1.bmp,6048,2576
139.78906,383.5646,8.161094e+07,8.279206,0.0068359394,29.090286,119154.0,7.298545,0.027832061,23.724812,97180.0,7.2655544,-0.017578125,6.496028,26609.0,7.30083,Ship-Water-Cloud-1.bmp,6160,2576
142.43921,530.5603,8.527662e+07,8.266634,0.053466797,33.8448,138640.0,7.2710934,-0.03613287,28.525063,116844.0,7.274078,-0.026367188,7.9194713,32441.0,7.3395977,Ship-Water-Cloud-1.bmp,6272,2576
136.67651,1008.0607,8.064422e+07,8.218679,0.05126953,31.511406,129081.5,7.296642,-0.024658233,26.851322,109985.5,7.279373,0.021972654,7.1405087,29249.5,7.3564234,Ship-Water-Cloud-1.bmp,6384,2576
127.654175,682.33295,6.954157e+07,8.239788,-0.13806152,25.179852,103214.75,7.299241,-0.072143525,20.79527,85198.75,7.206616,-0.019653318,5.642131,23111.75,7.37953,Ship-Water-Cloud-1.bmp,6496,2576
146.51514,2793.5503,9.936993e+07,8.086642,0.14526367,20.41066,83688.5,7.3629,-0.23437501,17.323853,71183.5,7.4100666,-0.003662108,5.6771107,23253.5,7.4100375,Ship-Water-Cloud-1.bmp,6608,2576
76.41785,2293.891,3.3315136e+07,7.874242,0.21179199,53.645878,219917.25,6.5660577,0.32702637,40.93071,168090.25,6.7123175,-0.037719727,12.30064,50389.25,6.6710157,Ship-Water-Cloud-1.bmp,6720,2576
85.88037,3532.4937,4.467889e+07,7.8170314,-0.19189453,43.366867,177781.5,6.725501,0.37915033,48.524097,199343.5,6.625733,-0.017333983,12.725163,52123.5,6.7266417,Ship-Water-Cloud-1.bmp,6832,2576
335.47705,26360.941,5.6895814e+08,8.002569,-0.43969727,172.04007,705468.0,6.0978746,0.16845703,264.61127,1.083964e+06,6.0927067,0.031005863,36.959732,151391.0,5.9726644,Ship-Water-Cloud-1.bmp,0,2688
384.77637,15544.246,6.700937e+08,8.147822,-0.036376953,189.01138,774196.0,5.8495517,-0.9362794,246.36752,1.012712e+06,5.8028855,0.021972656,40.546394,166080.0,6.0371094,Ship-Water-Cloud-1.bmp,112,2688
381.1997,11645.283,6.42902e+08,8.186588,0.11352539,352.9937,1.445915e+06,6.036393,-1.073242,305.4148,1.255697e+06,6.134458,0.0031738188,61.80834,253167.0,6.108221,Ship-Water-Cloud-1.bmp,224,2688
370.62488,9065.417,5.9977e+08,8.205938,0.72888184,378.36078,1.5519418e+06,6.2977877,0.27600092,145.48358,596212.75,6.085226,0.051391594,33.058334,135417.75,6.3569713,Ship-Water-Cloud-1.bmp,336,2688
218.05798,11622.046,2.4236576e+08,7.88855,1.2755127,249.36507,1.02806325e+06,6.729084,0.4659425,199.0022,816002.25,6.5694885,-0.043090813,47.46842,194438.25,6.7545266,Ship-Water-Cloud-1.bmp,448,2688
143.75769,2162.8574,9.350812e+07,8.1490755,-0.49597168,403.7708,1.6548528e+06,7.427006,-0.3851318,305.2171,1.2507768e+06,7.410285,-0.01672362,86.92007,356025.75,7.3537426,Ship-Water-Cloud-1.bmp,560,2688
145.31995,2941.3843,9.854678e+07,8.067587,0.08117676,465.43512,1.9064492e+06,7.342308,-0.05090326,304.86395,1.2487332e+06,7.4243145,-0.06555175,90.45108,370505.25,7.29385,Ship-Water-Cloud-1.bmp,672,2688
133.76257,1885.5781,8.10107e+07,8.150057,0.13635254,392.59488,1.6081448e+06,7.35065,0.037719775,277.42505,1.1363388e+06,7.354865,-0.029907225,73.28054,300160.75,7.3281727,Ship-Water-Cloud-1.bmp,784,2688
146.69019,4731.463,1.0751784e+08,7.9556236,-0.3544922,320.867,1.314786e+06,7.286024,0.4499511,346.47968,1.42001e+06,7.192398,-0.012695303,77.016685,315461.0,6.936572,Ship-Water-Cloud-1.bmp,896,2688
153.7146,7787.2275,1.28677496e+08,7.8351793,-0.09179688,356.8391,1.4616475e+06,7.245016,-0.033691436,365.44574,1.4968705e+06,7.2526083,0.031494148,79.52208,325726.5,7.209503,Ship-Water-Cloud-1.bmp,1008,2688
155.3866,8615.762,1.3418805e+08,7.7933197,-0.014770508,553.46844,2.2670078e+06,6.924201,0.30310056,459.36365,1.8819298e+06,6.8000875,0.019897455,110.66824,453298.75,6.724737,Ship-Water-Cloud-1.bmp,1120,2688
104.88672,6058.9917,6.987864e+07,7.6239595,0.020507812,324.59735,1.3295525e+06,6.9519534,-0.17358398,287.63916,1.1782935e+06,6.7934213,-0.008544936,74.3394,304494.5,6.8453116,Ship-Water-Cloud-1.bmp,1232,2688
64.00989,6384.998,4.293535e+07,6.724349,0.4827881,196.52014,805901.25,5.73367,-0.2520752,149.57007,612899.25,5.8528247,-0.019897465,35.681305,146152.25,5.8422475,Ship-Water-Cloud-1.bmp,1344,2688
15.69751,259.28983,2.071354e+06,6.4424253,0.022705078,4.8490934,19864.0,4.849908,-0.13916016,9.714278,39869.0,3.6064572,0.023925781,1.8302381,7499.0,5.7227683,Ship-Water-Cloud-1.bmp,1456,2688
51.3136,4338.1177,2.8554048e+07,6.7697506,-0.28137207,35.803703,146976.25,4.9612594,-0.24841312,43.04236,176554.25,5.0769176,0.05603027,10.793308,44222.25,4.7773366,Ship-Water-Cloud-1.bmp,1568,2688
106.54797,4261.8486,6.3956252e+07,7.7778277,0.026977539,68.15082,279148.75,6.293263,-0.5352783,56.076702,230863.75,6.2972794,0.0023193336,12.295588,50362.75,6.303561,Ship-Water-Cloud-1.bmp,1680,2688
142.82446,4087.16,1.0029461e+08,8.01032,-0.31347656,177.96252,729337.0,7.0825567,-0.53320307,138.6034,568884.0,7.077993,-0.02709961,32.666256,133804.0,7.0397577,Ship-Water-Cloud-1.bmp,1792,2688
154.42749,3678.098,1.1274628e+08,8.068815,0.12084961,261.85638,1.0726235e+06,7.338108,-0.032470696,211.16093,864919.5,7.2798014,-0.013427735,50.68671,207613.5,7.2248993,Ship-Water-Cloud-1.bmp,1904,2688
159.29285,1869.4421,1.1159e+08,8.191247,-0.07165528,347.19073,1.4221142e+06,7.3937016,0.05139157,281.74622,1.1540432e+06,7.388123,-0.03479005,73.94514,302884.25,7.3421865,Ship-Water-Cloud-1.bmp,2016,2688
147.97534,2158.2612,9.852913e+07,8.156357,0.072265625,440.94556,1.8061345e+06,7.4145975,0.11230473,346.37476,1.4188025e+06,7.4546237,-0.036376953,89.31813,365852.5,7.337218,Ship-Water-Cloud-1.bmp,2128,2688
111.650024,3039.9128,6.3511104e+07,7.9525332,0.07116699,348.2251,1.4263508e+06,7.3009987,0.25671384,266.43866,1.0916028e+06,7.340462,-0.044311535,70.55632,289006.75,7.2314095,Ship-Water-Cloud-1.bmp,2240,2688
59.44275,1375.5045,2.010704e+07,7.7032824,0.26330566,117.46625,481425.75,7.1179733,0.22351077,97.001015,397520.75,7.0354967,-0.02917481,27.130436,111129.75,7.024292,Ship-Water-Cloud-1.bmp,2352,2688
50.394043,2088.3906,1.8956084e+07,7.30984,-0.10961914,80.745056,330781.0,6.8988113,0.21044925,61.63662,252645.0,6.9218636,-0.0031738286,15.795399,64698.0,7.021846,Ship-Water-Cloud-1.bmp,2464,2688
124.74817,4583.6523,8.251702e+07,7.89002,-0.34753418,156.2268,640399.75,6.8935957,0.09484851,120.8369,494984.75,7.044648,0.07922363,29.620861,121352.75,6.99335,Ship-Water-Cloud-1.bmp,2576,2688
153.49951,3580.5166,1.1117616e+08,8.089165,-0.013183594,43.01667,176197.0,7.16475,-0.09106447,33.431652,136970.0,7.1497107,0.0153808575,9.03614,37013.0,7.1549654,Ship-Water-Cloud-1.bmp,2688,2688
132.05762,5016.6924,9.197939e+07,7.891258,0.07006836,25.97031,106394.5,7.409745,0.18457031,23.898184,98026.5,7.3834705,0.01928711,6.179682,25313.5,7.4743853,Ship-Water-Cloud-1.bmp,2800,2688
173.91406,8520.857,1.5878947e+08,7.8709946,0.118896484,43.42471,177925.5,7.172997,0.13549817,39.18416,160573.5,7.2873354,0.03613282,8.54032,34986.5,7.2294574,Ship-Water-Cloud-1.bmp,2912,2688
153.5752,8639.619,1.3199342e+08,7.7670746,0.0769043,77.66925,318157.5,6.819902,-0.71435547,60.39265,249458.5,6.820938,-0.030029297,12.8058605,52456.5,6.940916,Ship-Water-Cloud-1.bmp,3024,2688
142.4248,6745.921,1.1071794e+08,7.816841,-0.06542969,216.97229,888736.0,7.218385,-0.6794433,172.93509,710233.0,7.2585526,0.005126958,39.254364,160786.0,7.185232,Ship-Water-Cloud-1.bmp,3136,2688
181.04114,7679.604,1.6570571e+08,7.953617,-0.32800293,244.78896,1.00309625e+06,7.1639996,-0.3773193,223.76663,917131.25,7.109808,0.020629887,47.187138,193280.25,6.978099,Ship-Water-Cloud-1.bmp,3248,2688
133.66223,4614.938,9.208026e+07,7.9670916,0.12585449,398.25876,1.6313328e+06,7.218792,0.17785645,340.31012,1.3940398e+06,7.242233,-0.03430177,69.72826,285611.75,7.1947308,Ship-Water-Cloud-1.bmp,3360,2688
146.26624,7734.8564,1.1931102e+08,7.799979,-0.2298584,590.6469,2.4195062e+06,7.0779805,0.5252685,509.80475,2.0892902e+06,7.0836616,-0.012329101,101.43887,415494.25,7.0349426,Ship-Water-Cloud-1.bmp,3472,2688
161.13306,8063.7,1.393769e+08,7.853413,-0.07104491,493.69662,2.022202e+06,7.190729,-0.13818364,433.8039,1.776939e+06,7.161226,-0.050781257,88.19859,361272.0,7.1490693,Ship-Water-Cloud-1.bmp,3584,2688
105.111084,6037.795,6.998481e+07,7.603093,0.6315918,315.07788,1.292193e+06,7.04175,-0.21557619,256.48993,1.050773e+06,7.0633307,-0.065185554,51.586815,211317.0,7.0292354,Ship-Water-Cloud-1.bmp,3696,2688
59.421387,1004.63715,1.8577564e+07,7.8827643,-0.08984375,43.512917,178262.0,6.938654,-0.0046386737,33.762184,138290.0,6.899592,0.0041503897,9.017805,36937.0,7.05263,Ship-Water-Cloud-1.bmp,3808,2688
103.15527,5271.8926,6.5179256e+07,7.5546975,-0.60253906,12.264631,51723.0,7.022313,-0.03881842,13.031696,53384.0,6.9008102,0.0026855469,2.8054128,11491.0,6.999187,Ship-Water-Cloud-1.bmp,3920,2688
160.56311,9551.332,1.4471923e+08,7.823184,0.0579834,20.261467,83004.75,7.2347956,-1.1016846,17.376076,76143.75,7.212396,0.0069580073,2.6976442,11049.75,7.408308,Ship-Water-Cloud-1.bmp,4032,2688
127.81824,7474.8584,9.753543e+07,7.694832,0.10534668,14.321726,58707.25,7.0898848,-0.55114746,15.646981,65334.25,7.0220523,0.026000977,2.9488478,12081.25,7.0872464,Ship-Water-Cloud-1.bmp,4144,2688
269.1504,26642.197,4.0584858e+08,7.84636,-0.2783203,44.94915,184429.0,6.1776924,-1.2250975,50.404163,212603.0,6.1734085,0.027832028,8.832722,36182.0,5.8067093,Ship-Water-Cloud-1.bmp,4256,2688
171.75073,11325.027,1.672124e+08,7.7301664,0.6208496,224.39568,920703.5,6.787145,-0.48730466,214.16644,878198.5,6.8496313,0.07812499,45.6532,187020.5,6.74561,Ship-Water-Cloud-1.bmp,4368,2688
173.5653,10065.061,1.6461814e+08,7.8103485,0.26159668,409.5287,1.6777098e+06,6.9896984,-0.26501456,319.11792,1.3073948e+06,7.014923,0.013793945,70.97412,290710.75,6.8591905,Ship-Water-Cloud-1.bmp,4480,2688
164.57458,11781.701,1.5919717e+08,7.7138877,-0.41345215,461.08557,1.8893068e+06,6.7732916,0.6239013,412.7611,1.6922638e+06,6.855596,0.044555668,101.59268,416131.75,6.609667,Ship-Water-Cloud-1.bmp,4592,2688
213.97864,17592.824,2.5960318e+08,7.792804,-0.0015869141,489.73553,2.0059568e+06,6.732544,0.68884283,498.27225,2.0428668e+06,6.8256764,0.07385253,136.76329,560204.75,6.765386,Ship-Water-Cloud-1.bmp,4704,2688
207.23413,15699.598,2.402123e+08,7.816581,-0.4399414,221.03339,906145.5,6.654825,0.9116212,233.76013,960885.5,6.6150293,-0.013427741,63.708435,260950.5,6.3741865,Ship-Water-Cloud-1.bmp,4816,2688
306.25415,14486.11,4.435055e+08,8.091753,0.34057617,64.811005,265941.0,6.7433825,0.9658204,62.296684,258988.0,6.7573366,0.011230469,16.833614,68951.0,6.565611,Ship-Water-Cloud-1.bmp,4928,2688
261.32104,4736.055,2.9910938e+08,8.193956,-0.31054688,117.54993,481879.5,6.656042,0.23388673,119.78722,490872.5,6.5569515,0.047119148,30.00913,122926.5,6.58995,Ship-Water-Cloud-1.bmp,5040,2688
310.078,3419.3945,4.0782957e+08,8.250481,-0.14416504,65.43143,268092.25,6.829053,-0.14416495,60.895535,249513.25,6.89762,0.057495117,15.587087,63858.25,6.8132825,Ship-Water-Cloud-1.bmp,5152,2688
435.53235,6384.536,8.031149e+08,8.257687,-0.37805176,22.926596,94492.75,6.769249,0.4207763,24.922009,102805.76,6.753769,0.008911131,5.2547417,21523.75,6.672741,Ship-Water-Cloud-1.bmp,5264,2688
341.18738,15401.5625,5.398953e+08,8.097657,1.1361084,89.36069,371308.25,5.9267125,0.4158936,102.7458,421555.25,5.653494,-0.01965332,25.330975,103757.25,5.5577407,Ship-Water-Cloud-1.bmp,5376,2688
186.97815,2691.838,1.5422533e+08,8.170749,0.10803223,152.16014,623295.75,6.547543,0.06579586,135.13354,553524.75,6.2361965,0.00964355,39.177094,160469.75,6.3277264,Ship-Water-Cloud-1.bmp,5488,2688
194.60498,3432.7263,1.6918048e+08,8.143859,0.06518555,61.428493,251628.5,6.6271,-0.32299808,56.81352,233135.5,6.774932,0.022460941,16.466658,67449.5,6.610195,Ship-Water-Cloud-1.bmp,5600,2688
180.23486,4307.6865,1.5070122e+08,8.064094,-0.0908203,349.19757,1.430347e+06,6.6952147,0.02050779,289.62897,1.186322e+06,6.762698,0.04882812,92.647766,379495.0,6.691975,Ship-Water-Cloud-1.bmp,5712,2688
175.1355,5924.8623,1.4990256e+08,7.9430666,-0.5275879,271.09314,1.1115375e+06,6.539138,-0.083984315,256.10046,1.0490165e+06,6.601205,-0.047851562,68.756134,281634.5,6.4609385,Ship-Water-Cloud-1.bmp,5824,2688
164.95764,5311.2324,1.3321115e+08,7.990052,0.23181152,235.20218,963608.25,6.766011,-0.21423328,186.03424,762184.25,6.7555046,-0.0411377,59.404373,243327.25,6.62256,Ship-Water-Cloud-1.bmp,5936,2688
131.98926,1149.5724,7.606574e+07,8.209608,-0.033203132,86.95495,356172.0,7.027622,0.03295906,42.73793,175059.0,7.1562223,-0.0007324219,18.367676,75234.0,7.2369375,Ship-Water-Cloud-1.bmp,6048,2688
130.56128,922.2991,7.359917e+07,8.219977,0.0715332,45.303116,185582.5,7.110291,0.02099619,26.58684,108901.5,7.3059597,0.006347651,10.317465,42260.5,7.1743937,Ship-Water-Cloud-1.bmp,6160,2688
127.78674,952.69965,7.078769e+07,8.214796,-0.041870117,24.007217,98340.75,7.3435354,0.16223145,21.362782,87609.75,7.340704,-0.01159668,6.8511233,28062.75,7.4096403,Ship-Water-Cloud-1.bmp,6272,2688
128.41235,875.87054,7.112951e+07,8.220001,-0.09765625,24.648418,100999.0,7.384468,0.056640603,19.817104,81184.0,7.4115763,0.006591794,7.0231504,28767.0,7.36269,Ship-Water-Cloud-1.bmp,6384,2688
137.9801,546.5413,8.022037e+07,8.262084,-0.09484863,28.116676,115202.75,7.3254585,0.028686512,24.820648,101668.75,7.285188,0.030883787,7.090538,29046.75,7.3757463,Ship-Water-Cloud-1.bmp,6496,2688
123.781494,4879.8945,8.274638e+07,7.9125443,0.46484375,19.305035,79958.5,7.2035904,0.48559564,18.653725,77371.5,7.217462,0.013183594,4.254343,17426.5,7.257545,Ship-Water-Cloud-1.bmp,6608,2688
12.614502,558.5859,2.9397465e+06,5.9391875,0.31420898,3.044949,12876.5,6.5822086,0.10913086,2.6393356,10859.5,6.8001194,-0.00024414062,1.0179442,4169.5,7.2580214,Ship-Water-Cloud-1.bmp,6720,2688
8.128784,121.19284,767057.75,6.544546,-0.06555176,2.0242062,8308.75,7.015829,0.08654785,2.4289718,9979.75,6.838519,-0.0037841788,1.0939188,4480.75,7.212375,Ship-Water-Cloud-1.bmp,6832,2688
373.13892,31416.822,6.989803e+08,8.036667,-0.68896484,289.14545,1.186284e+06,4.6663723,-0.5532227,149.31503,612848.0,4.842532,-0.00854492,29.833664,122199.0,4.7370033,Ship-Water-Cloud-1.bmp,0,2800
431.9442,10393.771,8.067874e+08,8.2290745,-0.13757324,118.694885,486251.75,5.6708455,-0.21789563,107.94269,442327.75,5.8713,0.005493163,19.200592,78645.75,5.653023,Ship-Water-Cloud-1.bmp,112,2800
250.82642,22625.666,3.5037002e+08,7.802943,0.99731445,57.922478,241324.5,6.357499,0.91064435,174.9272,719898.5,5.7623315,-0.0073242197,12.727608,52132.5,6.1863666,Ship-Water-Cloud-1.bmp,224,2800
254.32825,14358.876,3.2375494e+08,7.950493,-0.57507324,450.18692,1.8453202e+06,6.1561694,-0.24499512,139.86655,573139.25,5.586843,-0.048706062,18.301643,74973.25,6.27761,Ship-Water-Cloud-1.bmp,336,2800
206.4972,5166.685,1.9582064e+08,8.080632,0.43762207,243.47163,998044.25,6.4652834,0.027465776,98.644325,404050.25,6.846474,-0.035522457,24.92043,102079.25,7.094243,Ship-Water-Cloud-1.bmp,448,2800
185.87744,3656.305,1.5649475e+08,8.104788,0.068359375,348.02332,1.4255225e+06,7.000291,-0.31738287,241.7844,990761.5,7.086544,0.01562501,54.64148,223812.5,7.0933895,Ship-Water-Cloud-1.bmp,560,2800
178.39001,7592.915,1.6144758e+08,7.888199,0.40808105,564.5365,2.3130238e+06,7.143241,-0.16296388,350.9563,1.4376258e+06,7.1215763,-0.038940422,77.795784,318657.75,7.1810365,Ship-Water-Cloud-1.bmp,672,2800
133.45349,1437.545,7.883726e+07,8.183224,0.32946777,333.51862,1.3665368e+06,7.3883142,-0.18615718,219.00388,897181.75,7.362751,-0.043579116,64.87621,265740.75,7.280672,Ship-Water-Cloud-1.bmp,784,2800
127.013794,1486.9652,7.216934e+07,8.1677,0.004272461,276.76154,1.1336152e+06,7.3500013,-0.12731934,200.1279,819790.25,7.3072824,-0.1060791,52.531773,215216.25,7.3639765,Ship-Water-Cloud-1.bmp,896,2800
141.88391,3613.2903,9.72568e+07,8.018432,0.08850098,327.44672,1.3412538e+06,7.347141,0.008422907,269.09436,1.1022108e+06,7.2687907,0.027465815,65.81607,269585.75,7.2876005,Ship-Water-Cloud-1.bmp,1008,2800
158.86243,7187.8066,1.3281312e+08,7.886747,0.08190918,356.57928,1.4605762e+06,7.2356806,0.2650146,340.02893,1.3930462e+06,7.0804777,0.030395502,71.13805,291385.25,7.1100545,Ship-Water-Cloud-1.bmp,1120,2800
110.17212,4994.7656,7.017538e+07,7.730717,0.020751953,360.22284,1.4754745e+06,7.307998,0.14013672,289.94092,1.1876785e+06,7.1515474,-0.016601566,69.94613,286500.5,7.1122465,Ship-Water-Cloud-1.bmp,1232,2800
116.441284,5574.5996,7.836947e+07,7.7186007,0.021118168,422.89136,1.7321648e+06,7.131919,0.08093253,308.01904,1.2616728e+06,7.04286,-0.036010742,68.25963,279596.75,6.850951,Ship-Water-Cloud-1.bmp,1344,2800
99.168335,6514.2227,6.6963788e+07,7.4872217,0.19885254,306.07733,1.2538548e+06,6.5041924,-0.38000488,214.43878,878932.75,6.537133,-0.028686529,46.866302,191967.75,6.47083,Ship-Water-Cloud-1.bmp,1456,2800
117.39441,6221.7173,8.193296e+07,7.6692505,-0.4827881,85.720345,352065.25,5.292299,-0.27136236,58.54825,240115.25,5.591718,0.039428715,13.815888,56596.25,5.2718196,Ship-Water-Cloud-1.bmp,1568,2800
188.79199,2043.0082,1.5435949e+08,8.213821,-0.072265625,17.54324,71878.5,7.190751,0.17309576,13.227972,54304.5,7.317087,-0.002197268,2.3824413,9758.5,7.3671527,Ship-Water-Cloud-1.bmp,1680,2800
172.54187,5601.1523,1.448831e+08,8.042135,0.17004395,22.900223,93917.75,6.743312,0.5509034,15.647616,65335.75,6.930679,0.006713869,4.367326,17888.75,6.799302,Ship-Water-Cloud-1.bmp,1792,2800
120.384766,3180.6172,7.238906e+07,7.9650993,-0.16992188,138.30634,566621.0,6.9288297,0.23681647,97.97321,401528.0,6.877694,0.021972658,26.678474,109277.0,6.8970566,Ship-Water-Cloud-1.bmp,1904,2800
135.87561,2030.3698,8.393749e+07,8.138797,0.043334953,331.46634,1.3576938e+06,7.416375,0.2796631,240.98766,987405.75,7.3198175,0.010375971,64.51204,264241.75,7.2847185,Ship-Water-Cloud-1.bmp,2016,2800
131.92627,2932.0,8.329846e+07,8.065451,-0.12719727,403.82794,1.6541455e+06,7.4295607,0.23461919,291.86987,1.1957245e+06,7.3524523,-0.008300789,67.52715,276591.5,7.2899837,Ship-Water-Cloud-1.bmp,2128,2800
121.7865,2908.788,7.266606e+07,8.031908,-0.13269043,433.2847,1.7748062e+06,7.436346,0.26721203,296.34637,1.2141272e+06,7.397378,-0.027465818,79.08011,323915.25,7.290032,Ship-Water-Cloud-1.bmp,2240,2800
70.05786,2728.4475,3.1279314e+07,7.590353,0.23022461,209.38474,857857.0,7.088468,0.09838869,127.422455,521962.0,7.0813074,-0.05395508,34.76931,142427.0,7.0306396,Ship-Water-Cloud-1.bmp,2352,2800
140.81555,9932.6875,1.2190395e+08,7.713127,-0.8133545,57.447647,238015.25,7.2858143,-0.7672119,43.35871,180008.25,7.31093,-0.053344727,10.364402,42464.25,7.3193045,Ship-Water-Cloud-1.bmp,2464,2800
228.48315,9248.781,2.5171285e+08,8.021498,-0.0625,75.92114,310989.0,6.938528,-0.82373047,59.7409,247478.0,7.145388,0.0300293,13.253005,54288.0,6.9614162,Ship-Water-Cloud-1.bmp,2576,2800
217.1311,11904.161,2.4186912e+08,7.8964868,0.3564453,52.061184,213763.0,7.2002306,-0.57226574,37.623684,155448.0,7.244465,0.049072266,8.452671,34632.0,7.162965,Ship-Water-Cloud-1.bmp,2688,2800
193.8136,3931.983,1.6996637e+08,8.139751,0.09509277,80.24431,328717.75,6.897754,-0.33703616,48.792595,200319.75,7.046173,0.030883793,15.741905,64482.75,7.035017,Ship-Water-Cloud-1.bmp,2800,2800
324.0348,14917.363,4.9117555e+08,8.081698,-0.80895996,63.08783,261088.25,6.6615944,-0.7022705,41.75785,173060.25,6.86882,-0.038208004,10.077703,41284.25,6.6894875,Ship-Water-Cloud-1.bmp,2912,2800
362.74695,16193.703,6.0530304e+08,8.124554,0.8907471,37.335175,156174.75,6.92606,-0.64123535,24.557507,102271.75,6.9553475,0.010375978,5.5471945,22721.75,6.954836,Ship-Water-Cloud-1.bmp,3024,2800
286.40686,8660.367,3.714632e+08,8.145348,-0.37438965,51.744415,212519.25,7.184119,-0.15832514,38.930557,159562.25,7.061422,0.022338867,8.704639,35656.25,7.15394,Ship-Water-Cloud-1.bmp,3136,2800
281.9807,6242.6455,3.512556e+08,8.181028,0.52612305,101.257256,415883.5,7.03171,0.04760745,73.63116,301602.5,6.8697267,-0.059326176,15.121602,61952.5,6.8477144,Ship-Water-Cloud-1.bmp,3248,2800
163.28076,5375.8213,1.3122122e+08,8.00631,0.15209961,359.91425,1.4743035e+06,7.1553326,0.07006824,262.31308,1.0744545e+06,7.178995,-0.08593749,53.20465,217956.5,7.138503,Ship-Water-Cloud-1.bmp,3360,2800
154.18921,9678.004,1.3702069e+08,7.716226,-0.21582031,634.97723,2.6010575e+06,7.029804,-0.07275386,506.2219,2.0735065e+06,6.9734964,-0.0070800697,92.279366,377976.5,7.076686,Ship-Water-Cloud-1.bmp,3472,2800
179.9253,16205.435,1.9897773e+08,7.668168,-0.1550293,492.10608,2.015765e+06,7.011079,-0.0908204,407.60916,1.669601e+06,6.9674463,-0.0017089928,86.27734,353392.0,6.731109,Ship-Water-Cloud-1.bmp,3584,2800
115.069824,6273.6055,7.993209e+07,7.583246,0.38232422,212.22664,869879.0,6.4562445,0.23925783,149.09485,610927.0,6.562575,0.014648444,42.740997,175068.0,6.2989826,Ship-Water-Cloud-1.bmp,3696,2800
60.302246,640.0535,1.7516194e+07,7.958675,0.07739258,13.684806,56077.5,5.7578473,0.11669921,12.31414,50494.5,5.6502857,0.026123045,3.4281502,14044.5,6.3736143,Ship-Water-Cloud-1.bmp,3808,2800
180.89026,10612.171,1.7749386e+08,7.8701777,-0.711792,16.593878,70043.75,7.1243343,-0.23840332,11.08153,45622.75,7.132446,-0.0015869141,2.4791842,10154.75,7.390527,Ship-Water-Cloud-1.bmp,3920,2800
301.6604,7909.4443,4.0512896e+08,8.170792,0.03881836,29.858967,122308.5,6.9798765,0.42260748,21.283684,87909.5,7.1264653,-0.0041503897,3.8819406,15900.5,7.308182,Ship-Water-Cloud-1.bmp,4032,2800
209.08789,9471.805,2.1786438e+08,7.9703016,0.18310547,45.051678,184669.0,6.584155,0.14453128,37.987167,155681.0,6.649754,-0.015136717,8.380142,34326.0,6.3562584,Ship-Water-Cloud-1.bmp,4144,2800
340.73315,12918.539,5.284562e+08,8.132352,0.17626953,98.84515,404997.0,6.2742486,0.73144525,81.652245,336639.0,6.3165464,-0.0012207069,17.269527,70736.0,6.2223134,Ship-Water-Cloud-1.bmp,4256,2800
181.66113,11129.975,1.8075952e+08,7.811742,0.7441406,318.46246,1.3066905e+06,6.753812,0.08032236,282.6277,1.1576695e+06,6.700821,0.025146477,52.190163,213773.5,6.6738663,Ship-Water-Cloud-1.bmp,4368,2800
163.73364,12493.072,1.6098006e+08,7.6592298,-0.40795898,269.61533,1.105026e+06,6.7988486,0.60717773,202.56541,831218.0,6.804318,0.022216804,42.842766,175486.0,6.6557565,Ship-Water-Cloud-1.bmp,4480,2800
123.29883,5078.326,8.307068e+07,7.7498655,0.47583008,232.76836,954346.5,6.4433117,0.14843743,201.41608,825090.5,6.2923093,-0.0017089806,50.00622,204825.5,6.353785,Ship-Water-Cloud-1.bmp,4592,2800
62.21936,4530.047,3.4411708e+07,6.7289286,0.122924805,88.026215,360617.25,5.78668,0.5106201,62.10602,255454.25,5.781997,0.010375969,17.914505,73378.25,5.970014,Ship-Water-Cloud-1.bmp,4704,2800
51.91858,1958.0942,1.906128e+07,7.2896633,-0.01037598,49.680374,203491.25,6.633322,0.25183105,43.20349,177221.25,6.4860945,-0.023803711,10.6364565,43569.25,6.6151276,Ship-Water-Cloud-1.bmp,4816,2800
62.391846,2828.1309,2.7528698e+07,7.261755,-0.26879883,61.622334,252701.0,6.517289,0.29248047,58.868557,241476.0,6.423852,7.450581e-09,12.768066,52298.0,6.5902405,Ship-Water-Cloud-1.bmp,4928,2800
154.05249,9436.279,1.3585797e+08,7.723948,-0.6105957,280.4297,1.150167e+06,6.6241627,0.3315431,266.61395,1.092501e+06,6.544655,0.024902347,68.11876,279017.0,6.464237,Ship-Water-Cloud-1.bmp,5040,2800
222.33301,10058.033,2.4367104e+08,7.989451,-0.05346681,330.50067,1.3537425e+06,6.80035,0.3742676,328.42206,1.3457905e+06,6.6358037,-0.012695311,86.481895,354230.5,6.623008,Ship-Water-Cloud-1.bmp,5152,2800
247.42249,6127.0684,2.7584493e+08,8.134488,-0.05627442,267.3714,1.0951662e+06,6.6780844,0.72595215,265.07388,1.0879012e+06,6.6329665,0.013793938,70.33776,288104.25,6.4055166,Ship-Water-Cloud-1.bmp,5264,2800
228.11926,5530.3477,2.3580158e+08,8.1142025,0.47912598,196.47447,805699.75,6.7478228,0.54626465,164.64368,675602.75,6.717228,0.04333497,51.82228,212271.75,6.529347,Ship-Water-Cloud-1.bmp,5376,2800
184.77856,3449.9812,1.5398134e+08,8.143063,-0.016845705,153.90717,630405.0,6.8108225,0.26464844,109.36502,448246.0,6.7106953,-0.04638672,27.83159,114007.0,6.796796,Ship-Water-Cloud-1.bmp,5488,2800
223.51099,4314.593,2.222971e+08,8.162451,0.08544922,213.60806,874968.5,6.7706757,0.45507812,204.29425,837637.5,6.49424,-0.035888672,41.082577,168279.5,6.6222982,Ship-Water-Cloud-1.bmp,5600,2800
189.31885,4974.247,1.6718182e+08,8.065338,0.060791023,440.2253,1.803178e+06,6.829047,0.1989747,328.22897,1.344588e+06,6.8062234,0.048828125,103.16925,422591.0,6.7022476,Ship-Water-Cloud-1.bmp,5712,2800
174.13074,2766.495,1.3552848e+08,8.138622,-0.3890381,231.30086,948028.25,6.5192432,-0.016235292,193.37848,792079.25,6.433918,-0.013549818,59.39612,243287.25,6.137622,Ship-Water-Cloud-1.bmp,5824,2800
180.13208,3396.8638,1.4681878e+08,8.117687,0.29077148,277.85822,1.1384535e+06,6.749715,0.47216803,216.72006,888598.5,6.7141614,-0.071777344,76.88095,314925.5,6.49349,Ship-Water-Cloud-1.bmp,5936,2800
137.27185,3349.928,9.090453e+07,8.046188,0.37365723,275.0516,1.1271832e+06,6.56166,0.06823726,139.61137,571867.25,6.703214,-0.036499023,39.03096,159876.25,6.552407,Ship-Water-Cloud-1.bmp,6048,2800
139.53992,917.5572,8.351312e+07,8.232504,0.03503418,55.145805,225882.25,7.1301055,-0.23303218,26.422077,108447.25,7.2459974,-0.01965332,11.846354,48524.25,7.18268,Ship-Water-Cloud-1.bmp,6160,2800
121.049805,804.6085,6.3314588e+07,8.218201,0.060546875,20.403923,83589.5,7.4038506,-0.17529291,16.496006,67693.5,7.3356705,-0.005859378,5.961025,24416.5,7.294169,Ship-Water-Cloud-1.bmp,6272,2800
127.59485,679.3517,6.946733e+07,8.24027,-0.053344727,19.902607,81532.75,7.3831806,-0.06262203,15.45842,63333.75,7.2779856,-0.01550293,5.732609,23481.75,7.3470955,Ship-Water-Cloud-1.bmp,6384,2800
134.37341,442.1353,7.576924e+07,8.271746,-0.028686523,23.834686,97630.25,7.4292474,-0.03796386,17.695152,72485.25,7.356616,-0.0035400423,6.653369,27252.25,7.392165,Ship-Water-Cloud-1.bmp,6496,2800
56.337036,2699.147,2.4055844e+07,7.437295,0.50109863,11.7576275,49187.75,6.927804,-0.06921385,10.34427,42389.75,6.9724455,-0.014038088,3.1652694,12965.75,7.035937,Ship-Water-Cloud-1.bmp,6608,2800
6.029541,22.239483,240004.5,7.481018,-0.0146484375,1.164458,4770.5,6.551281,-0.028320316,0.8369665,3431.5,7.1031585,0.008544922,0.6003908,2459.5,7.1758623,Ship-Water-Cloud-1.bmp,6720,2800
118.31885,28917.918,1.7578912e+08,6.998944,-1.111084,19.394642,84497.0,6.363299,-1.1181641,17.997755,78839.99,6.4159064,0.012451172,2.4280674,9946.0,6.8315034,Ship-Water-Cloud-1.bmp,6832,2800
449.51953,9018.357,8.646089e+08,8.246382,0.3034668,97.661446,400398.5,5.44031,-0.05053723,119.81862,490787.5,6.0566826,-0.0107421875,18.15577,74366.5,5.7033854,Ship-Water-Cloud-1.bmp,0,2912
392.05664,8902.297,6.6605344e+08,8.213632,0.21435547,75.051216,307598.0,6.473142,0.60351557,141.60281,581497.0,6.31465,-0.03564453,18.599804,76190.0,6.3325934,Ship-Water-Cloud-1.bmp,112,2912
296.49304,10643.864,4.0366893e+08,8.111919,0.47766113,62.77287,258052.25,6.085253,-0.78479,204.54774,840350.25,6.0520563,0.010375974,15.6237335,63995.25,6.0579996,Ship-Water-Cloud-1.bmp,224,2912
271.1731,11072.176,3.4655037e+08,8.038883,-0.26611328,305.5885,1.2519805e+06,6.3151784,-0.3657228,261.73892,1.0726305e+06,6.1953917,-0.005126952,27.080173,110920.5,6.4255595,Ship-Water-Cloud-1.bmp,336,2912
199.08923,5608.565,1.8532387e+08,8.0326805,0.27087402,162.112,664311.25,6.921976,-0.47326666,234.60007,961839.25,6.264474,0.06921388,30.670319,125645.25,7.1050167,Ship-Water-Cloud-1.bmp,448,2912
256.1764,14342.414,3.2755206e+08,7.9451017,-0.1361084,601.76654,2.4649118e+06,6.689712,0.106567405,484.15802,1.9831578e+06,6.8000717,-0.036010742,86.82506,355640.75,6.8268824,Ship-Water-Cloud-1.bmp,560,2912
290.724,20873.473,4.316935e+08,7.9526367,0.7664795,651.25793,2.6699588e+06,6.785242,0.46911648,470.4532,1.9278778e+06,6.7547617,-0.05236817,94.13318,385580.75,6.8085485,Ship-Water-Cloud-1.bmp,672,2912
147.29797,4590.0723,1.07670584e+08,7.919266,0.038452152,226.66191,928413.25,7.04875,-0.2161865,216.18501,885685.25,6.910988,-0.07775879,52.501827,215072.25,7.131504,Ship-Water-Cloud-1.bmp,784,2912
143.97412,1004.22864,8.901746e+07,8.23219,0.17700195,186.99759,766070.5,7.228177,0.02783206,162.37753,665101.5,7.2060385,0.015869133,44.415394,181926.5,7.2756653,Ship-Water-Cloud-1.bmp,896,2912
135.44287,1660.2068,8.194039e+07,8.172614,0.13427734,289.30768,1.185078e+06,7.3666816,-0.17871095,213.44196,874389.0,7.3570395,0.06787109,56.864292,232935.0,7.327018,Ship-Water-Cloud-1.bmp,1008,2912
123.97766,1972.9839,7.103875e+07,8.113485,0.56726074,375.8354,1.5407398e+06,7.4822845,-0.1351319,276.79785,1.1338388e+06,7.437556,0.003784189,72.719894,297860.75,7.3611755,Ship-Water-Cloud-1.bmp,1120,2912
134.98267,4827.2354,9.440279e+07,7.8671417,-0.12792969,345.61194,1.4156935e+06,7.446988,-0.13745111,307.6492,1.2602085e+06,7.344942,-0.07910158,76.268036,312419.5,7.301191,Ship-Water-Cloud-1.bmp,1232,2912
153.54126,6905.0967,1.2484614e+08,7.864919,0.10522461,291.5613,1.1942805e+06,7.227065,-0.46582025,267.2277,1.0954535e+06,7.215433,-0.008300777,55.581596,227662.5,7.1092505,Ship-Water-Cloud-1.bmp,1344,2912
145.8811,6512.339,1.1384274e+08,7.815571,-0.46411133,488.24176,2.0007205e+06,6.8459363,0.12744138,335.3479,1.3736515e+06,7.030952,0.040527344,85.65399,350845.5,6.828496,Ship-Water-Cloud-1.bmp,1456,2912
265.53564,24395.545,3.8872973e+08,7.844322,0.030029267,567.4473,2.324268e+06,6.3141346,-0.24633801,547.8053,2.244059e+06,6.391324,-0.024414064,110.34607,451980.0,6.29003,Ship-Water-Cloud-1.bmp,1568,2912
109.533936,6743.851,7.676532e+07,7.4497185,0.2277832,92.11438,377513.0,6.1277924,0.232666,85.83698,351810.0,6.059764,-0.008544924,17.216724,70520.0,5.832184,Ship-Water-Cloud-1.bmp,1680,2912
52.71643,1573.9866,1.7829922e+07,7.491145,0.14831543,4.9139767,20217.75,7.0734673,0.29333502,4.027419,16848.75,7.1591477,-0.024780273,1.6135828,6611.75,7.520845,Ship-Water-Cloud-1.bmp,1792,2912
72.48279,2452.3152,3.156406e+07,7.629113,-0.20593262,8.737194,35961.25,7.0164027,0.26672366,8.239711,34041.25,7.053428,-0.008911135,2.0654113,8460.25,7.439913,Ship-Water-Cloud-1.bmp,1904,2912
94.29138,2248.287,4.562597e+07,7.902539,-0.28527832,120.74826,494918.25,6.4589944,0.38928223,83.973274,344575.25,6.490758,0.023559567,24.478754,100267.25,6.41358,Ship-Water-Cloud-1.bmp,2016,2912
131.77576,2290.7524,8.050934e+07,8.104789,-0.10021973,318.07034,1.3028572e+06,7.279543,0.02526857,226.79825,928968.25,7.3015857,-0.013793943,67.20519,275273.25,7.2333593,Ship-Water-Cloud-1.bmp,2128,2912
89.230225,2391.3242,4.2407348e+07,7.883442,0.1533203,265.22,1.0864375e+06,7.3369803,-0.022949198,176.35213,722340.5,7.246463,0.014892573,55.175438,225999.5,7.275817,Ship-Water-Cloud-1.bmp,2240,2912
63.187256,1926.249,2.4243726e+07,7.6923738,0.067871094,216.65239,887427.0,7.219243,0.08642577,129.0692,528698.0,7.143019,0.057373043,39.055794,159986.0,7.1575313,Ship-Water-Cloud-1.bmp,2352,2912
154.9541,6775.089,1.2609889e+08,7.881559,-1.0917969,204.07092,840757.0,7.238325,0.31616205,137.59267,563989.0,7.065153,-0.028564453,39.460854,161635.0,7.097909,Ship-Water-Cloud-1.bmp,2464,2912
345.13586,8183.1025,5.2142848e+08,8.192031,-0.63049316,37.306885,154437.25,7.208949,-0.029663116,29.142246,119370.24,7.221753,0.017456051,7.0214853,28761.25,7.1018257,Ship-Water-Cloud-1.bmp,2576,2912
338.91345,22255.48,5.6163456e+08,8.045685,0.9881592,60.485397,251747.75,6.9539638,0.38879383,48.84536,200689.75,6.859915,0.01623535,11.012615,45108.75,6.9318805,Ship-Water-Cloud-1.bmp,2688,2912
234.69312,6611.207,2.5269069e+08,8.127638,-0.4963379,47.723854,196486.0,7.027187,-0.18359384,38.117172,156266.0,7.024194,0.040527347,9.789129,40103.0,7.1608667,Ship-Water-Cloud-1.bmp,2800,2912
249.70312,13244.379,3.0964134e+08,7.9537096,0.029052734,42.899796,175721.0,7.137025,0.52612305,31.911427,131843.0,7.1321583,-0.053222656,6.2693844,25691.0,7.1133885,Ship-Water-Cloud-1.bmp,2912,2912
307.70874,16381.287,4.5492614e+08,8.050557,0.4987793,68.12659,280065.5,6.834542,1.2070314,44.75536,189285.5,6.978585,-0.0014648419,12.236937,50122.5,6.9435883,Ship-Water-Cloud-1.bmp,3024,2912
223.97461,3719.0662,2.207076e+08,8.180962,-0.023681644,122.000656,499717.0,7.1915426,0.46020508,99.068726,406653.0,7.119592,-0.021972649,22.024422,90214.0,7.1446733,Ship-Water-Cloud-1.bmp,3136,2912
217.43018,4686.5283,2.1283805e+08,8.144825,0.23950195,159.47266,653435.0,7.0909114,0.2360839,123.02043,504120.0,7.0325465,-0.0024414042,27.401358,112236.0,6.999121,Ship-Water-Cloud-1.bmp,3248,2912
146.86243,2668.9194,9.927677e+07,8.127255,-0.14855957,401.8969,1.6462602e+06,7.3850317,0.0889893,292.0905,1.1964352e+06,7.3023705,0.032592773,71.59543,293259.25,7.2478952,Ship-Water-Cloud-1.bmp,3360,2912
137.67004,11841.123,1.2613289e+08,7.5161185,-0.1126709,468.34027,1.9183738e+06,6.78758,0.7318115,418.2835,1.7154828e+06,6.78971,-0.0562744,80.866646,331242.75,6.672742,Ship-Water-Cloud-1.bmp,3472,2912
81.3999,9816.989,6.735026e+07,6.6903324,0.56347656,109.72241,450723.5,5.3898287,0.46069336,129.22736,530184.5,5.5038433,0.043701172,21.417648,87734.5,5.540348,Ship-Water-Cloud-1.bmp,3584,2912
49.445435,201.3223,1.0838726e+07,8.1417675,0.017700195,7.0399094,28836.75,5.459915,0.061401375,4.7412868,19435.75,6.3521914,-0.009399413,1.8858368,7724.75,6.882762,Ship-Water-Cloud-1.bmp,3696,2912
50.81189,59.705406,1.0819803e+07,8.272656,-0.010131836,1.8700757,7660.25,7.516116,0.0714111,1.6939361,6959.25,7.466189,-0.0015869127,1.3286717,5442.25,7.487546,Ship-Water-Cloud-1.bmp,3808,2912
103.98682,5460.656,6.665795e+07,7.5518456,-0.31811523,8.805418,36481.5,6.881187,0.53759766,8.650564,36616.5,6.9074345,-0.0134277325,1.8580959,7611.5,7.3015924,Ship-Water-Cloud-1.bmp,3920,2912
116.32825,6174.963,8.072078e+07,7.648271,-0.009643555,38.49289,157667.25,5.9097013,0.6986084,23.057417,96442.25,6.214452,-0.023071295,4.7336597,19391.25,6.343545,Ship-Water-Cloud-1.bmp,4032,2912
144.9856,4416.9043,1.0419293e+08,7.973856,-0.35791016,228.01277,934465.0,7.0292683,0.20263666,161.18304,660374.0,7.0094547,-0.029052736,44.78895,183459.0,6.9524903,Ship-Water-Cloud-1.bmp,4144,2912
175.28284,6719.018,1.5336691e+08,7.9691544,0.051147465,325.5923,1.3336368e+06,6.9632077,0.6260987,314.96146,1.2916878e+06,6.8507137,-0.032348644,62.879265,257557.75,6.8455353,Ship-Water-Cloud-1.bmp,4256,2912
150.50415,8259.368,1.2661091e+08,7.742465,0.31762695,367.1491,1.504256e+06,6.806048,0.2495117,316.56226,1.296894e+06,6.81054,-0.014648449,66.9307,274149.0,6.759817,Ship-Water-Cloud-1.bmp,4368,2912
155.00671,7855.0415,1.30589176e+08,7.817855,-0.15588377,352.18842,1.4426632e+06,6.927479,-0.38342285,320.2039,1.3121572e+06,6.9502144,-0.026489258,64.188324,262918.25,6.8370323,Ship-Water-Cloud-1.bmp,4480,2912
194.05566,7477.4424,1.8487315e+08,8.004292,0.16455078,150.08144,614844.5,6.92627,-0.67285156,128.14188,526723.5,6.889411,-0.014160165,30.54631,125118.5,6.804159,Ship-Water-Cloud-1.bmp,4592,2912
138.28735,5450.9536,1.0065653e+08,7.857155,0.29907227,64.21475,263390.0,6.89543,-0.7866211,44.760136,185872.0,7.0778747,-0.019531256,12.965927,53110.0,6.9701,Ship-Water-Cloud-1.bmp,4704,2912
136.26477,5279.918,9.768143e+07,7.8399034,-0.5352783,35.573643,146883.25,7.2330875,-0.65319824,27.634674,114939.25,7.322733,-0.05529785,6.2513976,25618.25,7.3802366,Ship-Water-Cloud-1.bmp,4816,2912
225.46399,16881.635,2.7736326e+08,7.832571,-0.63635254,45.833153,189391.25,7.0052843,-1.652954,46.234116,200566.25,6.859652,0.005004882,8.570837,35106.25,6.8942933,Ship-Water-Cloud-1.bmp,4928,2912
344.24182,28645.69,6.0271866e+08,7.991662,-0.36291504,64.69953,265548.75,6.385444,-1.5465088,66.09165,280507.75,6.4250584,0.019165037,14.218321,58239.75,6.059834,Ship-Water-Cloud-1.bmp,5040,2912
332.0177,22352.906,5.4308314e+08,8.020738,-0.08557129,144.34747,591277.25,6.382272,-1.180786,153.775,635573.25,6.280437,0.057739258,42.136864,172606.25,6.1787834,Ship-Water-Cloud-1.bmp,5152,2912
231.42737,6566.0923,2.4627085e+08,8.089988,0.31018066,345.2757,1.4146432e+06,6.849639,-0.11706537,318.61694,1.3051112e+06,6.9381,-0.022827137,87.14627,356953.25,6.696967,Ship-Water-Cloud-1.bmp,5264,2912
209.22424,5348.938,2.0121077e+08,8.101992,0.22375488,456.0478,1.8681768e+06,6.8066654,0.084106445,400.74945,1.6414988e+06,6.855848,-0.026245119,131.76514,539712.75,6.697318,Ship-Water-Cloud-1.bmp,5376,2912
164.04077,2723.0078,1.2137424e+08,8.138892,0.05419922,258.9552,1.0606925e+06,7.048589,0.10082998,234.63669,961113.5,6.9830613,-0.0439453,63.392487,259663.5,6.8712816,Ship-Water-Cloud-1.bmp,5488,2912
179.56653,4269.9053,1.4956152e+08,8.074139,-0.28649902,361.3904,1.4805912e+06,6.9416122,0.06970202,334.53647,1.3702812e+06,6.8899646,0.046264656,90.367065,370152.25,6.729552,Ship-Water-Cloud-1.bmp,5600,2912
187.17798,6065.1562,1.6834867e+08,8.01002,-0.2368164,486.23825,1.9918615e+06,6.8665924,0.070068434,411.80453,1.6867715e+06,6.808793,-0.16455078,136.01285,557219.5,6.5956516,Ship-Water-Cloud-1.bmp,5712,2912
190.85669,7287.252,1.7905062e+08,7.9743166,-0.04516601,472.28375,1.9344825e+06,6.7980766,0.2922364,365.0363,1.4955385e+06,6.818481,0.04663085,163.10318,668079.5,6.3047338,Ship-Water-Cloud-1.bmp,5824,2912
164.77734,3765.5117,1.2663638e+08,8.051249,-0.093505874,356.6922,1.461047e+06,6.7333374,0.15600581,302.83746,1.240522e+06,6.772349,0.12646483,87.92078,360189.0,6.617939,Ship-Water-Cloud-1.bmp,5936,2912
157.85474,5264.868,1.2362951e+08,7.979892,0.27075195,422.16342,1.7294815e+06,6.9361715,-0.13745126,297.15802,1.2172365e+06,6.896915,0.029541,96.69041,396047.5,6.5778794,Ship-Water-Cloud-1.bmp,6048,2912
146.7854,1255.4474,9.339454e+07,8.227509,0.003662113,91.77512,375911.0,6.934357,-0.13110352,48.470116,198604.0,6.964862,-0.0017089788,17.274899,70758.0,7.150774,Ship-Water-Cloud-1.bmp,6160,2912
146.21594,184.25665,8.832352e+07,8.300806,0.036499023,25.10078,102818.25,7.238955,-0.049438447,19.860165,81357.25,7.2935567,0.026000975,7.2174025,29565.25,7.2895117,Ship-Water-Cloud-1.bmp,6272,2912
147.78845,414.7556,9.116131e+07,8.280193,0.10632324,31.60521,129501.25,7.322935,0.03869631,26.167263,107187.25,7.1883726,0.027954103,8.018322,32846.25,7.349085,Ship-Water-Cloud-1.bmp,6384,2912
138.47803,258.32996,7.960369e+07,8.290731,-0.059570312,26.961903,110450.5,7.354629,-0.025878843,22.131289,90652.5,7.3203187,-0.019042969,7.9746137,32665.5,7.373433,Ship-Water-Cloud-1.bmp,6496,2912
118.27173,3226.4966,7.051141e+07,8.040665,0.42407227,28.174166,116138.0,7.118759,-0.33496097,23.926132,98461.0,7.1615353,-0.020019531,6.5476947,26821.0,7.254273,Ship-Water-Cloud-1.bmp,6608,2912
40.815796,2309.8652,1.6284856e+07,7.0319967,-0.09655762,8.709122,35710.75,6.8582373,-0.5196533,7.229411,30717.75,6.9786835,-0.014038086,3.0226912,12381.75,6.9682918,Ship-Water-Cloud-1.bmp,6720,2912
285.40662,31726.574,4.6359965e+08,7.827632,-1.7799072,39.505943,174792.75,6.7784867,-0.033569254,21.894806,89685.734,6.8687925,0.018188477,4.0054674,16407.75,6.956931,Ship-Water-Cloud-1.bmp,6832,2912
427.4154,7133.747,7.774932e+08,8.247396,-0.16296387,110.90393,454371.25,5.609622,0.3065185,122.27939,501241.25,6.255002,0.018676756,17.183308,70384.25,6.1742435,Ship-Water-Cloud-1.bmp,0,3024
329.6129,9261.452,4.829435e+08,8.168766,0.5201416,55.38308,227957.25,6.5816426,0.32312027,187.56778,768705.25,6.5911655,-0.014282227,17.617533,72162.25,6.493832,Ship-Water-Cloud-1.bmp,112,3024
267.86365,9304.015,3.320011e+08,8.090642,0.15197754,97.29251,398604.75,6.5380044,-0.20812988,291.29916,1.1933388e+06,6.3073997,0.014282228,19.150368,78440.75,6.6233983,Ship-Water-Cloud-1.bmp,224,3024
250.05103,12780.778,3.084546e+08,7.9653935,0.1459961,83.87639,343645.0,6.642873,-1.1520998,349.99396,1.439012e+06,6.594351,0.06933594,21.91121,89768.0,6.8084116,Ship-Water-Cloud-1.bmp,336,3024
218.89807,9615.253,2.356495e+08,7.960223,0.23449707,102.040405,418182.75,6.881517,-0.11340338,402.23807,1.6476198e+06,6.395316,0.06286621,23.346087,95641.75,7.0289154,Ship-Water-Cloud-1.bmp,448,3024
210.8346,12115.878,2.3169885e+08,7.862571,0.04309082,111.61674,457189.75,6.6038465,0.16809082,394.58957,1.6163548e+06,6.354968,-0.025756834,26.99024,110554.75,6.784401,Ship-Water-Cloud-1.bmp,560,3024
242.23584,16284.17,3.0704586e+08,7.8822694,-0.06958008,134.81668,552229.0,6.6970716,0.5407715,430.05862,1.762718e+06,6.3732057,-0.019531256,37.190536,152334.0,6.734834,Ship-Water-Cloud-1.bmp,672,3024
242.80371,13892.959,2.9837968e+08,7.9287996,0.15625,251.4303,1.0299585e+06,6.8064256,0.3254395,439.82095,1.8019405e+06,6.7056675,-0.007080082,57.888744,237112.5,7.010146,Ship-Water-Cloud-1.bmp,784,3024
172.04688,5252.284,1.4275547e+08,7.9309864,0.1965332,91.75202,375974.5,7.1524634,-0.6345215,122.51474,503469.5,6.6267667,0.0068359375,27.00496,110612.5,7.163165,Ship-Water-Cloud-1.bmp,896,3024
144.97595,1073.874,9.0488424e+07,8.231012,0.14709473,190.81241,781656.25,7.1769223,-0.0015868843,144.64972,592485.25,7.251345,0.015258793,41.398758,169570.25,7.20961,Ship-Water-Cloud-1.bmp,1008,3024
138.021,1851.7183,8.561261e+07,8.159371,-0.5048828,382.45087,1.567563e+06,7.4315724,-0.1486817,283.7411,1.162294e+06,7.403084,-0.004150387,80.64085,330305.0,7.3593483,Ship-Water-Cloud-1.bmp,1120,3024
138.34607,1969.1163,8.646144e+07,8.1495075,0.05285645,314.3089,1.2874208e+06,7.3810463,-0.26721194,240.53523,985524.75,7.361995,0.03527832,58.856846,241082.75,7.317342,Ship-Water-Cloud-1.bmp,1232,3024
168.8208,5336.7686,1.385973e+08,7.987832,-0.08105469,238.07205,975170.0,7.1541505,-0.09423831,178.56876,731454.0,7.112726,0.00927734,42.46598,173941.0,7.0407495,Ship-Water-Cloud-1.bmp,1344,3024
172.24402,8465.111,1.5619323e+08,7.863159,-0.07385254,181.7916,744640.75,6.317602,0.1976318,233.90814,958247.75,6.4394283,0.05847168,35.036316,143522.75,6.519117,Ship-Water-Cloud-1.bmp,1456,3024
192.78809,13355.127,2.0693963e+08,7.76049,0.40844727,360.13483,1.4757955e+06,6.545966,0.35327154,387.43124,1.5874295e+06,6.5877485,-0.0048828125,65.319916,267550.5,6.625951,Ship-Water-Cloud-1.bmp,1568,3024
99.64636,4158.597,5.7704424e+07,7.746691,0.18664551,323.77234,1.3263142e+06,6.995434,-0.3902588,265.6803,1.0888502e+06,7.014433,-0.031127945,51.516186,211014.25,6.769849,Ship-Water-Cloud-1.bmp,1680,3024
116.01318,14842.119,1.1592163e+08,7.1860895,-0.19213867,210.96075,864246.5,6.5165133,-0.7055664,207.41441,851608.5,6.421462,-0.017333977,41.164368,168610.5,6.487382,Ship-Water-Cloud-1.bmp,1792,3024
66.16785,6082.2896,4.28461e+07,6.8871617,0.12487793,71.264244,291962.25,5.4488716,-0.9036865,74.969055,310418.25,5.45835,0.007446289,13.640142,55870.25,5.5855427,Ship-Water-Cloud-1.bmp,1904,3024
113.64966,6326.575,7.881859e+07,7.5410147,-0.099609375,50.686733,207653.5,5.721053,-0.2836914,99.023895,405931.5,5.0643616,0.0026855487,14.684684,60148.5,5.47533,Ship-Water-Cloud-1.bmp,2016,3024
143.10266,6936.2705,1.12290376e+08,7.7831297,0.13659668,64.87117,265788.75,5.6173735,-0.012084961,73.26444,300091.75,5.5944767,-0.103149414,19.222698,78779.75,5.4844894,Ship-Water-Cloud-1.bmp,2128,3024
64.483154,826.7969,2.0418044e+07,7.9424915,0.25463867,46.925396,192472.0,5.916287,0.13500977,31.579918,129426.0,6.1083226,-0.041259766,10.471931,42900.0,6.195689,Ship-Water-Cloud-1.bmp,2240,3024
31.314209,978.2744,8.0234665e+06,7.174724,-0.10083008,27.366909,112136.5,7.0705996,-0.10058594,21.79103,89297.5,6.938121,-0.005371095,7.3279743,30015.5,7.054938,Ship-Water-Cloud-1.bmp,2352,3024
121.54895,4387.1963,7.848486e+07,7.879888,-0.84313965,100.18932,413287.25,7.255972,-0.2847901,78.802986,323109.25,7.020041,-0.01330567,17.920782,73404.25,7.1000557,Ship-Water-Cloud-1.bmp,2464,3024
242.40234,10376.72,2.8317946e+08,8.026749,-0.2602539,91.62294,375565.0,6.680521,0.67480475,60.802933,250914.0,6.8190475,0.052734382,14.59219,59781.0,6.857313,Ship-Water-Cloud-1.bmp,2576,3024
232.0083,9037.723,2.5749739e+08,8.017318,-0.36010742,171.71089,703859.0,6.7952566,0.08496096,101.34483,415138.0,6.9879894,0.050537106,27.280163,111750.0,7.056308,Ship-Water-Cloud-1.bmp,2688,3024
285.91455,11820.104,3.832514e+08,8.0712385,0.19335938,94.45285,387032.0,6.467814,-0.5617675,81.96567,337024.0,6.624215,-0.029052738,14.347546,58771.0,6.6167755,Ship-Water-Cloud-1.bmp,2800,3024
251.22485,3160.6255,2.7146054e+08,8.229073,0.31274414,30.67111,126029.5,7.125815,-0.021240205,35.87565,146948.5,6.9415855,-0.036865234,5.6308427,23069.5,7.238411,Ship-Water-Cloud-1.bmp,2912,3024
209.61194,7191.4756,2.0942291e+08,8.041291,-0.16589355,107.49109,440396.25,7.0837708,-0.53942853,79.22128,325682.25,7.0933294,0.026489262,19.755463,80921.25,6.9689217,Ship-Water-Cloud-1.bmp,3024,3024
252.39172,4940.8877,2.8115955e+08,8.169664,-0.029907227,80.445335,329507.75,7.0041246,-0.43347168,68.528595,281462.75,7.047885,-0.024536133,13.836984,56678.75,6.999106,Ship-Water-Cloud-1.bmp,3136,3024
195.0813,5878.6094,1.7995909e+08,8.089595,0.3071289,90.716705,371962.0,6.8929753,0.38671872,74.366806,305219.0,6.9535933,-0.0036621112,15.82689,64827.0,6.951004,Ship-Water-Cloud-1.bmp,3248,3024
97.99231,4105.949,5.614978e+07,7.702049,0.4263916,126.66481,519563.75,6.4508233,0.30749518,108.06652,443027.75,6.483679,0.029174805,24.09113,98680.75,6.439022,Ship-Water-Cloud-1.bmp,3360,3024
77.47998,1841.9131,3.2133368e+07,7.8489246,0.030761719,61.204018,250695.5,6.1881065,-0.15551755,51.455425,210860.5,6.2535644,-0.01977539,12.301001,50386.5,6.66197,Ship-Water-Cloud-1.bmp,3472,3024
113.91028,2580.6206,6.371808e+07,8.032549,0.36120605,242.15633,992406.75,7.0141907,-0.2542725,166.44846,682037.75,7.0127935,0.009155283,40.60777,166329.75,6.944265,Ship-Water-Cloud-1.bmp,3584,3024
44.608154,650.37805,1.0814528e+07,7.588916,0.51904297,28.08789,116151.5,5.018197,0.012695316,11.079306,45381.5,5.199022,0.028076172,3.8740897,15871.5,5.880377,Ship-Water-Cloud-1.bmp,3696,3024
42.967163,87.247894,7.919309e+06,8.225659,-0.030883789,1.7025983,6977.75,7.2835946,-0.0020751953,1.5853839,6493.75,7.256997,-0.0010986328,1.0621936,4350.75,7.3980503,Ship-Water-Cloud-1.bmp,3808,3024
51.38098,71.15546,1.1104914e+07,8.261677,-0.016235352,4.0073657,16415.25,5.86304,0.028686535,3.0678418,12569.25,6.109461,-0.0047607417,1.2842181,5260.25,7.1284065,Ship-Water-Cloud-1.bmp,3920,3024
100.936646,3520.75,5.615189e+07,7.8082905,-0.3482666,249.9585,1.02432675e+06,6.895099,-0.44104,174.24683,714511.75,6.7908792,-0.015991211,47.704514,195398.75,6.8346806,Ship-Water-Cloud-1.bmp,4032,3024
134.29419,4724.785,9.322379e+07,7.9147367,0.44067383,416.2567,1.705783e+06,7.136683,-0.06909181,336.37634,1.377817e+06,7.0338993,-0.0026855413,71.75341,293902.0,7.1106777,Ship-Water-Cloud-1.bmp,4144,3024
145.89941,7561.2207,1.1816083e+08,7.785244,-0.3527832,350.96686,1.43807e+06,7.056269,-0.17407237,316.6074,1.296948e+06,6.851539,0.03808595,70.78103,289925.0,6.706832,Ship-Water-Cloud-1.bmp,4256,3024
151.49683,7627.134,1.2524922e+08,7.804678,0.19140625,252.26573,1.0334305e+06,6.6512985,-0.32226562,197.79398,810589.5,6.6653695,-0.049072273,59.52506,243824.5,6.4590893,Ship-Water-Cloud-1.bmp,4368,3024
145.03015,5481.1973,1.086052e+08,7.9043455,-0.6456299,265.1959,1.0879498e+06,7.083558,-0.034545872,234.55415,960738.75,6.8768187,0.067993164,52.208942,213866.75,6.923415,Ship-Water-Cloud-1.bmp,4480,3024
255.59204,3853.8503,2.8336595e+08,8.211422,-0.30493164,146.04337,598574.5,6.799872,0.40527338,112.42719,461174.5,6.7816215,0.021484377,33.373688,136700.5,6.7767243,Ship-Water-Cloud-1.bmp,4592,3024
221.28723,4435.423,2.1874058e+08,8.161182,-0.037475586,80.97168,331665.75,6.903732,0.24475098,64.47715,264343.75,6.880927,0.010375976,16.707108,68432.75,6.8820114,Ship-Water-Cloud-1.bmp,4704,3024
261.5221,10439.944,3.2290304e+08,8.050932,-0.5897217,53.89619,222183.25,7.2706833,-0.29284686,41.79614,171548.25,7.2539587,-0.023803707,9.964094,40815.25,7.229454,Ship-Water-Cloud-1.bmp,4816,3024
424.9026,8724.875,7.75238e+08,8.23361,-0.5012207,26.650389,110189.0,6.797336,0.28637704,29.786152,122340.0,6.729601,0.017822262,5.177905,21210.0,6.684519,Ship-Water-Cloud-1.bmp,4928,3024
502.13684,1405.5776,1.03852845e+09,8.308405,-0.13317871,5.6512694,23220.25,4.333686,0.12145995,5.184527,21296.246,4.3407497,0.00427246,0.6682557,2737.25,4.412093,Ship-Water-Cloud-1.bmp,5040,3024
500.22803,760.1649,1.0280479e+09,8.312121,0.075683594,11.284189,46243.5,4.923162,-0.07104481,6.4975157,26634.5,5.5446935,0.0056152353,1.3050221,5345.5,5.2349463,Ship-Water-Cloud-1.bmp,5152,3024
355.6322,8565.879,5.531244e+08,8.195499,0.79748535,104.4588,430468.25,6.342901,-0.26159662,91.04222,373189.25,6.4315042,0.021850586,20.970043,85895.25,6.454014,Ship-Water-Cloud-1.bmp,5264,3024
195.6333,8106.113,1.8996634e+08,7.988581,0.5065918,326.09787,1.336748e+06,6.831436,0.41064447,283.36237,1.161343e+06,6.8338933,-0.07348633,86.066124,352549.0,6.630049,Ship-Water-Cloud-1.bmp,5376,3024
162.13062,3719.6597,1.2290456e+08,8.068561,0.114013664,337.73297,1.3834075e+06,6.822172,0.062011637,313.43134,1.2838305e+06,6.7808332,-0.057128906,84.53763,346279.5,6.5738807,Ship-Water-Cloud-1.bmp,5488,3024
150.81091,3410.317,1.071278e+08,8.051333,0.13146973,312.33334,1.2793882e+06,6.85963,0.22155751,302.81647,1.2405372e+06,6.7292953,0.095336914,79.8296,327019.25,6.6463537,Ship-Water-Cloud-1.bmp,5600,3024
176.86804,4819.9546,1.4787485e+08,8.020113,-0.10559082,315.246,1.2912932e+06,6.735653,0.20642099,265.0771,1.0859302e+06,6.686532,-0.05334474,88.19618,361263.25,6.4424458,Ship-Water-Cloud-1.bmp,5712,3024
192.03125,7216.9053,1.8060454e+08,7.9535227,0.04418946,394.06506,1.6140985e+06,6.744712,0.19360356,326.44873,1.3372875e+06,6.724408,0.0078125,102.67462,420555.5,6.6019745,Ship-Water-Cloud-1.bmp,5824,3024
153.53528,2069.2239,1.0503088e+08,8.134979,0.077026375,193.322,791871.25,6.550107,-0.08752442,150.50656,616506.25,6.579017,0.0059814528,46.888454,192055.25,6.5092373,Ship-Water-Cloud-1.bmp,5936,3024
174.50867,5654.7734,1.4789856e+08,7.9531565,-0.13342285,328.13312,1.3441062e+06,6.621833,-0.0643311,299.03864,1.2248792e+06,6.549428,0.04260253,91.404495,374400.25,6.324377,Ship-Water-Cloud-1.bmp,6048,3024
141.17712,3307.9092,9.51865e+07,8.084883,0.079711914,221.66852,907980.25,6.938624,0.0015869327,128.73663,527305.25,6.88817,0.00036621047,36.377502,149002.25,6.948365,Ship-Water-Cloud-1.bmp,6160,3024
151.74316,261.0086,9.538354e+07,8.295593,-0.031982422,30.039383,123045.5,7.2828293,0.044921964,20.394344,83543.5,7.3160825,0.00024413876,7.897339,32347.5,7.3311987,Ship-Water-Cloud-1.bmp,6272,3024
150.44421,273.64014,9.382749e+07,8.294189,0.0008544959,28.440735,116493.25,7.3942637,-0.0035400484,21.047655,86211.25,7.3952446,-0.014770509,8.617518,35298.25,7.2960463,Ship-Water-Cloud-1.bmp,6384,3024
140.99841,277.9013,8.256902e+07,8.290028,-0.056030273,22.765598,93260.75,7.372799,-0.06335441,20.485916,83926.75,7.277648,0.045776367,7.248575,29698.75,7.40058,Ship-Water-Cloud-1.bmp,6496,3024
139.30786,443.8448,8.130775e+07,8.272812,-0.012207032,23.323948,95535.5,7.2414165,-0.040527284,24.957706,102233.5,7.2293878,0.004638672,9.838968,40300.5,7.06705,Ship-Water-Cloud-1.bmp,6608,3024
151.75073,680.33923,9.711053e+07,8.263198,-0.0546875,42.814636,175381.0,7.2511587,-0.16625969,48.912544,200459.0,7.0475793,-0.045898438,17.527678,71802.0,6.9600105,Ship-Water-Cloud-1.bmp,6720,3024
280.13428,18605.375,3.9764208e+08,7.945235,-1.2658691,38.956165,166128.0,7.180073,0.13232422,31.361395,128528.0,7.279061,-0.015380861,5.78907,23713.0,7.2472897,Ship-Water-Cloud-1.bmp,6832,3024
337.75793,13027.295,5.206332e+08,8.121313,-0.8795166,173.22418,712694.75,5.6207814,0.38659674,97.48085,399893.75,5.9720426,0.009887699,12.976405,53151.75,6.2489953,Ship-Water-Cloud-1.bmp,0,3136
296.82227,14836.766,4.2164317e+08,8.031253,1.0163574,112.61241,465491.5,5.8994517,0.10180652,130.16994,533218.5,6.309266,-0.03515625,16.253035,66577.5,6.336591,Ship-Water-Cloud-1.bmp,112,3136
195.42932,7995.0454,1.8918467e+08,8.038182,-0.13195801,71.43004,292648.75,6.179987,0.413208,80.796974,331643.75,6.439907,-0.013793947,12.539055,51360.75,6.6053834,Ship-Water-Cloud-1.bmp,224,3136
184.78833,2910.4219,1.5178608e+08,8.146549,0.31567383,79.229935,324934.0,7.0112424,-0.018554688,38.571434,157990.0,7.1991634,-0.014160149,13.333784,54616.0,7.3160033,Ship-Water-Cloud-1.bmp,336,3136
159.8468,476.2101,1.0660745e+08,8.280491,0.1060791,86.772125,355464.75,7.3039494,0.045532234,69.45465,284494.75,7.2414083,0.013305663,20.514168,84026.75,7.3081527,Ship-Water-Cloud-1.bmp,448,3136
149.14832,258.69302,9.2176024e+07,8.294466,0.045776367,45.675087,187093.75,7.12938,0.029174864,39.373848,161278.75,7.2055225,-0.029418945,11.9460945,48934.75,7.22335,Ship-Water-Cloud-1.bmp,560,3136
145.36658,344.8333,8.7966824e+07,8.286576,-0.019409176,51.29497,210105.75,7.151633,-0.21716309,42.877098,175817.75,7.1446424,-0.028930664,15.942705,65304.75,7.270439,Ship-Water-Cloud-1.bmp,672,3136
156.59045,6203.4116,1.2584543e+08,7.800394,-0.29968262,88.06516,361082.75,6.9910583,0.70471185,122.12369,502252.75,6.305605,-0.04870606,26.341805,107905.75,7.0131125,Ship-Water-Cloud-1.bmp,784,3136
221.06702,20146.625,2.8269466e+08,7.718435,-0.20471191,87.59109,358944.75,6.7738304,0.4041747,247.74796,1.01544475e+06,6.157282,-0.03161621,27.515053,112705.75,6.7227516,Ship-Water-Cloud-1.bmp,896,3136
240.5747,16324.716,3.039269e+08,7.8555617,-0.0703125,71.65618,293524.0,6.733276,0.17822266,249.46848,1.021953e+06,5.9936323,-0.0004882794,22.357178,91575.0,6.8165164,Ship-Water-Cloud-1.bmp,1008,3136
240.97339,16578.828,3.0575414e+08,7.8562355,-0.17089844,164.82982,675262.5,6.8500834,-0.22021486,309.49292,1.2678815e+06,6.4573154,0.05444336,32.066494,131356.5,7.006189,Ship-Water-Cloud-1.bmp,1120,3136
240.99512,16479.66,3.0539085e+08,7.87002,0.27001953,191.85886,786152.5,6.873602,0.028564513,341.25565,1.3977865e+06,6.508501,0.009033192,42.97685,176033.5,6.840941,Ship-Water-Cloud-1.bmp,1232,3136
198.4115,15110.74,2.2314133e+08,7.725366,0.1451416,259.2472,1.0619628e+06,7.238186,0.28796393,316.1614,1.2953368e+06,6.856398,0.024536125,69.33747,284008.75,7.0303116,Ship-Water-Cloud-1.bmp,1344,3136
129.05591,4754.7,8.769589e+07,7.814098,0.4638672,312.5696,1.2811665e+06,7.3328657,0.05297848,254.77368,1.0435645e+06,7.1404495,0.017578127,62.05084,254161.5,7.229356,Ship-Water-Cloud-1.bmp,1456,3136
144.219,4910.293,1.0530575e+08,7.9405074,0.054687493,258.06387,1.057042e+06,6.9478064,-0.199707,188.2448,771214.0,6.991787,0.055908203,40.733444,166857.0,6.942787,Ship-Water-Cloud-1.bmp,1568,3136
151.02905,6358.5337,1.1947339e+08,7.8701706,-0.09057617,191.77658,785550.5,6.492943,-0.7421876,141.07623,580104.5,6.416613,-0.024902351,31.53588,129173.5,6.5689287,Ship-Water-Cloud-1.bmp,1680,3136
212.1283,17677.863,2.5672203e+08,7.752393,-0.11462402,333.15747,1.3646668e+06,6.3431206,-0.0037842244,272.02167,1.1142008e+06,6.2427225,-0.034790047,64.84101,265593.75,6.4441547,Ship-Water-Cloud-1.bmp,1792,3136
163.37024,8656.004,1.4477654e+08,7.828375,0.69641113,298.68292,1.2253918e+06,6.700286,0.17395015,269.76605,1.1050858e+06,6.502512,-0.008178715,62.077263,254268.75,6.3202133,Ship-Water-Cloud-1.bmp,1904,3136
161.84277,5617.908,1.3029782e+08,7.9685087,-0.4111328,119.9479,491999.0,6.823628,-0.3112793,90.397,370663.0,6.8704805,-0.035888672,19.090752,78201.0,6.865455,Ship-Water-Cloud-1.bmp,2016,3136
149.67554,7178.2793,1.2116395e+08,7.818669,0.44067383,65.04616,267224.5,6.177224,-0.16381842,66.01137,270492.5,6.213897,-0.057373047,14.15308,57984.5,6.3431206,Ship-Water-Cloud-1.bmp,2128,3136
77.67883,1913.2039,3.2551752e+07,7.697423,0.26208496,51.08799,209537.75,5.447269,-0.2054443,42.08615,172557.75,5.5822673,0.010131834,10.654622,43641.75,5.690741,Ship-Water-Cloud-1.bmp,2240,3136
40.377075,897.786,1.0355074e+07,7.4784117,-0.29504395,10.240158,42300.25,6.131367,-0.11950682,17.486267,71682.25,3.4685698,0.008666992,2.8237162,11566.25,6.48695,Ship-Water-Cloud-1.bmp,2352,3136
191.52393,13153.748,2.0412482e+08,7.809459,-1.2446289,45.223354,191580.0,7.180788,0.25659183,29.287922,120233.0,7.2855916,-0.01586914,4.219963,17286.0,7.381049,Ship-Water-Cloud-1.bmp,2464,3136
302.89478,15296.841,4.3844438e+08,8.053254,0.51171875,60.904762,250538.5,6.781378,-0.9709472,37.987316,159457.5,6.9448156,0.019531257,8.506088,34842.5,6.6186824,Ship-Water-Cloud-1.bmp,2576,3136
194.61292,10161.455,1.9675398e+08,7.8949957,0.4576416,64.78684,266224.75,6.5390224,-0.0013427734,53.978447,221095.75,6.3906827,0.016235355,11.512371,47155.75,6.5981236,Ship-Water-Cloud-1.bmp,2688,3136
137.2373,16231.928,1.4363035e+08,7.320883,0.2602539,79.192406,324649.5,4.6158724,1.0722656,37.024685,156362.5,6.1706924,-0.007812503,4.526428,18540.5,6.4914856,Ship-Water-Cloud-1.bmp,2800,3136
144.23022,9718.607,1.2501387e+08,7.7157493,-0.63134766,18.577963,77728.0,7.0766687,0.73168945,22.350618,93741.0,6.6979666,-0.019531252,3.5618744,14591.0,7.189891,Ship-Water-Cloud-1.bmp,2912,3136
252.45569,5097.6953,2.819341e+08,8.176157,0.115600586,21.743534,89116.25,7.3074207,0.6361085,17.930145,75099.26,7.2853737,-0.024780273,3.972103,16272.25,7.4573803,Ship-Water-Cloud-1.bmp,3024,3136
235.03088,7005.1035,2.5495397e+08,8.099678,0.26818848,22.777378,93590.75,7.099477,0.6055909,15.723288,65904.75,7.203437,-0.008666988,3.049913,12492.75,7.169035,Ship-Water-Cloud-1.bmp,3136,3136
112.47266,3702.2876,6.6979376e+07,7.8975534,0.26293945,96.25141,394529.0,6.270953,0.24707028,73.32274,300580.0,6.3213267,0.011962894,17.225197,70555.0,6.2571673,Ship-Water-Cloud-1.bmp,3248,3136
107.13403,2995.3743,5.928171e+07,7.954018,-0.24414062,255.60089,1.0471855e+06,7.037145,-0.15698239,180.19179,738166.5,6.99841,0.020507807,51.400337,210537.5,6.897744,Ship-Water-Cloud-1.bmp,3360,3136
113.473755,1962.8276,6.078104e+07,8.075889,-0.0670166,217.96713,892811.75,6.9163895,0.044555675,149.19107,611094.75,6.9167175,-0.021606434,38.114708,156119.75,6.987832,Ship-Water-Cloud-1.bmp,3472,3136
85.19238,3319.3403,4.332373e+07,7.6988063,0.38916016,186.1614,763137.5,6.739892,0.3586426,133.7343,548302.5,6.7205515,-0.005126959,30.734467,125888.5,6.6378956,Ship-Water-Cloud-1.bmp,3584,3136
38.156494,73.587814,6.264856e+06,8.169027,-0.016357422,4.4311285,18151.0,4.4759135,0.031250004,3.0058594,12316.0,4.9073496,0.0009765625,1.2824697,5253.0,6.8250537,Ship-Water-Cloud-1.bmp,3696,3136
48.85132,297.5134,1.0993519e+07,7.952555,-0.095703125,11.521969,47231.5,3.5643353,-0.101318344,9.004993,36926.5,3.8332863,0.0039062514,1.8882904,7734.5,5.7059126,Ship-Water-Cloud-1.bmp,3808,3136
71.60156,2238.419,3.0167868e+07,7.619937,-0.19262695,115.76465,474324.0,6.239936,-0.09521478,72.41379,296644.0,6.2290616,0.006103514,18.426964,75477.0,6.3210993,Ship-Water-Cloud-1.bmp,3920,3136
152.9115,5360.7217,1.1772989e+08,7.944114,0.13122562,431.4532,1.7673028e+06,7.186153,0.07043455,294.31775,1.2055458e+06,7.118115,-0.05700685,80.54674,329932.75,7.1471567,Ship-Water-Cloud-1.bmp,4032,3136
143.6062,4422.052,1.0258347e+08,7.9943438,0.025634766,396.98822,1.6260665e+06,7.168455,-0.03344722,315.14258,1.2908285e+06,7.0304494,-0.030517586,70.60686,289209.5,7.0119944,Ship-Water-Cloud-1.bmp,4144,3136
195.61328,7652.4595,1.880761e+08,7.9835386,-0.1586914,374.79694,1.5352715e+06,6.9260845,0.11840835,330.2827,1.3528955e+06,6.8090334,-0.03247068,77.51567,317508.5,6.774554,Ship-Water-Cloud-1.bmp,4256,3136
229.35046,4097.36,2.3223909e+08,8.171335,0.23352051,180.37009,739019.25,7.0577097,-0.15197754,135.20255,553884.25,7.0568666,0.021118172,37.61192,154060.25,6.942597,Ship-Water-Cloud-1.bmp,4368,3136
181.3689,3906.9038,1.5073928e+08,8.108702,-0.03515625,128.38852,525884.5,6.997919,0.13964847,93.929596,384815.5,6.9065895,0.019775385,31.892311,130632.5,6.6242857,Ship-Water-Cloud-1.bmp,4480,3136
239.9491,4920.1577,2.559825e+08,8.173483,0.35290527,53.44986,219440.75,6.4972835,-0.20886232,36.567398,149958.75,6.616207,0.04650879,12.531956,51339.75,6.1684394,Ship-Water-Cloud-1.bmp,4592,3136
145.12305,2366.8066,9.595906e+07,8.125426,-0.119140625,216.79059,888032.5,7.043432,0.28173822,150.04013,614889.5,7.107204,0.012207029,39.57761,162110.5,7.0659056,Ship-Water-Cloud-1.bmp,4704,3136
213.91345,8003.825,2.2021238e+08,8.025931,-0.6536865,115.747665,475852.75,7.0594687,0.3458252,94.50925,387599.75,6.9763155,-0.09240723,24.578316,100707.75,6.8379917,Ship-Water-Cloud-1.bmp,4816,3136
329.9287,7495.496,4.7656326e+08,8.193802,-0.48535156,63.222202,259923.0,6.8224554,0.2304689,45.81505,187876.0,6.9024963,-0.0053710947,10.0522175,41174.0,6.9046283,Ship-Water-Cloud-1.bmp,4928,3136
445.76636,8299.7295,8.479022e+08,8.248756,-0.5241699,34.166042,141069.5,6.065746,0.7910156,22.817041,96021.5,6.3865404,0.0063476576,4.832357,19793.5,6.3404098,Ship-Water-Cloud-1.bmp,5040,3136
437.82922,8632.627,8.2053965e+08,8.243815,0.22351074,33.30911,136638.75,5.2701144,1.0870363,21.984308,94887.75,6.411357,0.032104496,4.800666,19667.75,6.0322733,Ship-Water-Cloud-1.bmp,5152,3136
278.04626,11875.377,3.653022e+08,8.060183,0.81359863,143.22824,589374.25,6.8028646,0.3792724,118.4236,485652.25,6.849335,-0.012573237,27.770409,113748.25,6.695156,Ship-Water-Cloud-1.bmp,5264,3136
135.79639,6321.246,1.0142476e+08,7.80483,0.5004883,185.38281,760354.0,6.8037663,-0.17309578,147.12971,602766.0,6.8553004,-0.0017089769,40.496334,165873.0,6.693825,Ship-Water-Cloud-1.bmp,5376,3136
113.92676,3121.7632,6.5949984e+07,7.894495,-0.5905762,241.75876,991672.5,6.627711,0.21044922,190.98343,782449.5,6.734956,-0.009521481,50.37088,206319.5,6.5596046,Ship-Water-Cloud-1.bmp,5488,3136
142.09448,3794.4253,9.824365e+07,7.976133,-0.1574707,236.78587,969976.5,6.746483,-0.40673828,189.83078,778224.5,6.800155,0.04833986,53.559063,219387.5,6.619526,Ship-Water-Cloud-1.bmp,5600,3136
163.16821,4121.421,1.2593269e+08,8.022,0.045410156,281.5249,1.1531345e+06,6.472078,-0.14746091,232.6954,953209.5,6.4549737,-0.041259784,64.198616,262964.5,6.5317516,Ship-Water-Cloud-1.bmp,5712,3136
167.09229,3318.9297,1.2795397e+08,8.090864,-0.0024414062,233.02795,954482.5,6.58754,-0.20068362,171.13123,701118.5,6.766674,0.0019531297,52.01452,213051.5,6.6126447,Ship-Water-Cloud-1.bmp,5824,3136
164.58118,3267.417,1.2433154e+08,8.076278,-0.13269043,226.74307,928811.75,6.5382633,0.02648931,178.74875,732157.75,6.693474,0.0040283278,51.860275,212419.75,6.7257824,Ship-Water-Cloud-1.bmp,5936,3136
181.4602,6043.969,1.5962838e+08,7.9661713,0.012451172,305.21722,1.2501705e+06,6.4487295,-0.043701172,265.5622,1.0877505e+06,6.530483,-0.021240229,71.88151,294428.5,6.3117437,Ship-Water-Cloud-1.bmp,6048,3136
160.0238,5860.467,1.2889327e+08,7.935308,0.29382324,260.80765,1.0686218e+06,6.6744585,-0.119750984,159.75659,654421.75,6.60912,0.027709961,46.413723,190113.75,6.6852217,Ship-Water-Cloud-1.bmp,6160,3136
135.79553,1520.5149,8.176002e+07,8.196407,-0.02111816,73.13255,299552.75,6.8217735,0.0059814677,35.661766,146070.75,7.0834007,-0.029907228,12.162863,49822.75,7.0035124,Ship-Water-Cloud-1.bmp,6272,3136
144.86633,326.3186,8.72963e+07,8.287214,0.01257324,29.515528,120896.25,7.372222,0.011352577,22.624199,92669.25,7.2795615,-0.014282228,8.81138,36092.25,7.3608813,Ship-Water-Cloud-1.bmp,6384,3136
140.79675,543.5582,8.342439e+07,8.26605,-0.010375977,30.875078,126464.75,7.1753693,0.0040283287,31.714766,129903.75,7.073654,-0.008666992,10.932481,44779.75,7.0749216,Ship-Water-Cloud-1.bmp,6496,3136
129.18811,1009.5225,7.249547e+07,8.214959,0.029907225,45.46401,186224.25,7.1362467,-0.02746582,53.281044,218242.25,7.074792,0.051147457,23.211313,95084.25,7.010541,Ship-Water-Cloud-1.bmp,6608,3136
144.1676,606.9727,8.761864e+07,8.26651,-0.107299805,30.39724,124554.25,7.3084335,0.010376034,26.435257,108279.25,7.180288,-0.039916992,7.894952,32344.25,7.273431,Ship-Water-Cloud-1.bmp,6720,3136
162.93945,9986.646,1.496511e+08,7.6621566,-0.3959961,30.442797,125336.0,7.2579985,0.23950183,30.152357,123739.0,7.179572,0.010498052,6.230358,25520.0,7.34682,Ship-Water-Cloud-1.bmp,6832,3136
280.2091,9238.406,3.5944672e+08,8.117097,0.3326416,24.795418,102015.25,6.814202,0.6695558,31.533443,130997.234,6.586255,0.0069580087,4.353772,17833.25,6.99158,Ship-Water-Cloud-1.bmp,0,3248
182.33362,10734.643,1.8014286e+08,7.853326,0.92297363,17.709215,76026.25,7.152108,0.65783685,38.640305,160043.25,6.071108,-0.03063965,4.361671,17869.25,6.6768036,Ship-Water-Cloud-1.bmp,112,3248
85.83765,8261.506,6.401887e+07,7.213499,-0.67285156,103.69473,426588.0,5.080955,0.1459961,26.580004,108959.0,5.9498615,0.0007324219,13.760253,56362.0,5.2896714,Ship-Water-Cloud-1.bmp,224,3248
150.75305,8355.876,1.2731334e+08,7.797887,0.29943848,109.31323,448114.25,5.5249443,0.4100341,52.96158,217619.25,6.1017,-0.0010986356,15.937559,65280.25,5.913749,Ship-Water-Cloud-1.bmp,336,3248
110.32471,1705.4039,5.683997e+07,8.083593,-0.17382812,56.138607,230067.5,6.94007,0.29541016,38.138443,156572.5,7.100895,-0.0029296926,13.107779,53689.5,7.001322,Ship-Water-Cloud-1.bmp,448,3248
144.86511,356.5196,8.741856e+07,8.286652,-0.09118652,47.311935,193823.75,7.1226783,0.10510254,38.825317,159073.75,7.313111,-0.059692383,13.84794,56735.75,7.295372,Ship-Water-Cloud-1.bmp,560,3248
145.51636,273.25348,8.78521e+07,8.293837,-0.027587889,33.392914,136780.5,7.344317,0.08911127,41.424797,169708.5,7.0057344,-0.01928711,12.661858,51864.5,7.477786,Ship-Water-Cloud-1.bmp,672,3248
139.37976,390.2018,8.11701e+07,8.28007,0.053833015,54.023777,221293.25,7.1124353,-0.11413574,58.098606,238025.25,7.0481114,-0.0123291,18.269928,74834.25,7.1970735,Ship-Water-Cloud-1.bmp,784,3248
133.54614,697.6827,7.590811e+07,8.244984,0.008056641,140.94012,577291.0,6.900818,-0.057128944,103.87345,425479.0,7.0210752,0.02783203,30.923542,126666.0,7.035252,Ship-Water-Cloud-1.bmp,896,3248
137.22217,2974.019,8.930894e+07,7.9555902,-0.07299805,79.767136,326748.0,7.110875,0.5065918,107.28242,440480.0,6.0622787,0.04833984,22.121199,90618.0,7.137027,Ship-Water-Cloud-1.bmp,1008,3248
161.17773,12823.899,1.5893366e+08,7.475185,-0.092285156,94.42802,386812.0,7.0315433,0.55029297,145.86539,598705.0,6.510895,-0.016601562,21.191862,86803.0,7.1124635,Ship-Water-Cloud-1.bmp,1120,3248
142.92651,4184.4453,1.0081253e+08,7.8916755,0.1262207,223.61151,915978.0,7.234193,0.6699219,211.59027,868512.0,6.81039,0.009765625,49.589996,203121.0,7.164856,Ship-Water-Cloud-1.bmp,1232,3248
145.79333,1331.0742,9.251541e+07,8.209509,-0.021362305,342.6734,1.4035922e+06,7.4640493,-0.035278264,217.0989,889242.25,7.40347,-0.03845215,78.75957,322605.25,7.3819556,Ship-Water-Cloud-1.bmp,1344,3248
135.15564,1787.9398,8.214523e+07,8.157436,0.17297363,379.01813,1.5525808e+06,7.4593363,-0.0467529,257.5451,1.0549138e+06,7.4254227,-0.0025634626,75.28289,308358.75,7.34912,Ship-Water-Cloud-1.bmp,1456,3248
162.99194,2901.6665,1.20701096e+08,8.138677,-0.111816406,291.55377,1.1942555e+06,7.225073,-0.05126944,222.48895,911325.5,7.201264,0.0104980515,59.277603,242801.5,7.064531,Ship-Water-Cloud-1.bmp,1568,3248
226.73267,5097.193,2.3144405e+08,8.13805,-0.039794926,210.40332,861818.5,6.849237,0.19116211,171.65987,703268.5,6.735098,-0.037353516,43.286324,177306.5,6.771787,Ship-Water-Cloud-1.bmp,1680,3248
238.557,5316.108,2.5487587e+08,8.154277,0.12121582,219.1122,897543.75,6.599662,-0.1768799,178.64687,731865.75,6.6902304,0.017700199,48.660027,199312.75,6.523773,Ship-Water-Cloud-1.bmp,1792,3248
229.99268,7214.07,2.4621344e+08,8.106401,0.5307617,152.57317,626093.5,6.386511,-0.4746095,139.73923,573294.5,6.4028454,0.010253906,39.37355,161274.5,5.890343,Ship-Water-Cloud-1.bmp,1904,3248
195.27393,5923.502,1.8045094e+08,8.069946,0.34350586,227.04546,930461.5,6.683632,-0.29882818,193.0788,791216.5,6.672044,-0.05737304,51.44409,210728.5,6.3827295,Ship-Water-Cloud-1.bmp,2016,3248
170.85046,4923.3325,1.3972771e+08,8.037218,-0.0513916,346.18112,1.4179688e+06,7.080433,0.24841306,287.1853,1.1765638e+06,7.087507,0.024780279,70.23956,287703.75,6.8860073,Ship-Water-Cloud-1.bmp,2128,3248
138.45593,5138.9736,9.9569736e+07,7.8792863,-0.25720215,333.34244,1.3656418e+06,7.2857337,-0.21032718,290.81726,1.1913688e+06,7.2401385,-0.034301758,67.24095,275423.75,7.2122974,Ship-Water-Cloud-1.bmp,2240,3248
143.53125,11404.432,1.3109515e+08,7.62212,0.44458008,418.0493,1.7131395e+06,6.6184063,-0.50683594,345.27472,1.4152975e+06,6.633804,-0.070556656,69.01785,282717.5,6.6883574,Ship-Water-Cloud-1.bmp,2352,3248
140.09277,17675.145,1.5278542e+08,7.403012,-0.45922852,455.08768,1.864903e+06,5.919771,0.20239273,268.39703,1.099522e+06,5.9112487,-0.051757805,47.446297,194351.0,5.9587107,Ship-Water-Cloud-1.bmp,2464,3248
292.55762,9311.876,3.887179e+08,8.128514,0.09790039,87.81952,359748.0,6.3469043,0.6704102,47.033463,194490.0,6.971165,0.003662113,11.257799,46112.0,6.6930337,Ship-Water-Cloud-1.bmp,2576,3248
167.26416,8875.593,1.5094944e+08,7.8343267,0.64624023,22.486305,93814.5,7.179137,0.073242135,20.384895,83518.5,7.228592,0.0041503897,4.274275,17507.5,7.153185,Ship-Water-Cloud-1.bmp,2688,3248
85.378296,4732.7715,4.924303e+07,7.3484306,0.006713867,30.70607,125772.25,5.325144,0.0501709,50.86522,208354.23,4.374349,0.006713869,6.4441075,26395.25,5.233241,Ship-Water-Cloud-1.bmp,2800,3248
76.01697,5099.8755,4.455815e+07,6.9874783,-0.08679199,42.396336,173686.25,4.588207,-0.3760986,90.36861,370729.25,4.393152,-0.024780273,8.499935,34818.25,5.2076616,Ship-Water-Cloud-1.bmp,2912,3248
125.52661,4816.09,8.426709e+07,7.840955,-0.49926758,13.196776,55075.0,7.1638637,0.34155276,12.023234,49725.004,7.1500683,-0.01098633,2.370973,9712.0,7.472186,Ship-Water-Cloud-1.bmp,3024,3248
107.80505,7412.7695,7.796613e+07,7.553734,0.7408447,8.628456,37590.25,6.9474273,0.4429932,8.242539,34565.25,6.980048,0.0013427753,1.7776469,7281.25,7.277446,Ship-Water-Cloud-1.bmp,3136,3248
37.702637,212.58769,6.6931775e+06,8.070854,-0.050048828,1.9995703,8200.5,7.0049567,0.101806626,4.2185173,17321.5,5.2236357,-0.017578125,1.3289146,5444.5,6.63532,Ship-Water-Cloud-1.bmp,3248,3248
57.974976,1451.3956,1.9711972e+07,7.5447464,-0.10168457,61.006207,249923.75,5.7194877,0.3905029,53.33524,219085.75,5.756178,-0.0010986319,14.285826,58514.75,5.9085937,Ship-Water-Cloud-1.bmp,3360,3248
65.20239,2480.7236,2.757458e+07,7.281646,-0.07055664,55.68057,228088.0,5.57705,0.3493652,91.274185,374359.0,5.3165197,0.01586914,14.006095,57370.0,5.7068033,Ship-Water-Cloud-1.bmp,3472,3248
70.95422,8609.237,5.588476e+07,6.508365,0.14611816,54.478466,223231.25,4.686065,-0.016479462,144.9219,593601.25,5.1727443,-0.036499023,9.474559,38813.25,5.363874,Ship-Water-Cloud-1.bmp,3584,3248
48.73706,821.39465,1.3093666e+07,7.4784474,-0.14819336,23.946178,98173.5,3.920141,-0.04931639,17.536018,71837.5,4.362131,-0.005859372,7.6443744,31311.5,4.3232617,Ship-Water-Cloud-1.bmp,3696,3248
88.687744,5597.444,5.5144284e+07,7.3239083,-0.2487793,278.28882,1.1401245e+06,6.1273847,-0.4211426,243.0044,996072.5,6.2198725,0.015380861,53.024055,217187.5,6.1817617,Ship-Water-Cloud-1.bmp,3808,3248
119.52112,4738.494,7.792146e+07,7.853773,0.3289795,369.86887,1.5154262e+06,7.030141,-0.21960449,334.90936,1.3719862e+06,7.0097995,0.046752933,68.98128,282556.25,7.0137863,Ship-Water-Cloud-1.bmp,3920,3248
118.40686,4872.401,7.738403e+07,7.788185,0.14709473,396.7779,1.6252908e+06,7.205634,-0.16369621,318.01978,1.3027188e+06,7.0883617,-0.025512705,79.7505,326660.75,7.082242,Ship-Water-Cloud-1.bmp,4032,3248
147.61707,5756.7725,1.1283485e+08,7.9045463,-0.15661621,433.15363,1.7742978e+06,7.11193,-0.16442862,349.8357,1.4330378e+06,7.0549583,-0.080200195,89.772316,367733.75,6.976384,Ship-Water-Cloud-1.bmp,4144,3248
190.95984,8813.456,1.8546326e+08,7.9434175,-0.2364502,419.8448,1.7199132e+06,7.0924916,-0.35290527,397.15652,1.6272632e+06,7.0089693,-0.002319336,100.20977,410459.25,6.9145474,Ship-Water-Cloud-1.bmp,4256,3248
184.12439,7855.041,1.7103598e+08,7.9503417,0.075805664,490.27045,2.0081712e+06,7.250093,0.025512677,392.1034,1.6060582e+06,7.282402,-0.013793949,94.719604,387972.25,7.1481314,Ship-Water-Cloud-1.bmp,4368,3248
131.47949,3658.8657,8.579368e+07,7.941854,-0.33666992,259.22455,1.062248e+06,7.200555,0.0795898,177.52713,727177.0,7.173083,-0.047607422,45.583183,186718.0,7.104599,Ship-Water-Cloud-1.bmp,4480,3248
163.47668,6125.201,1.345529e+08,7.945566,-0.15979004,44.921913,184104.75,7.1656485,0.30480957,38.48613,158019.75,7.156691,0.03503418,9.73333,39872.75,7.123999,Ship-Water-Cloud-1.bmp,4592,3248
150.28772,4066.581,1.091706e+08,8.010955,0.0013427734,64.96405,266092.75,7.049774,-0.30578616,52.754578,216465.75,7.106069,0.02111816,16.073711,65839.75,6.970185,Ship-Water-Cloud-1.bmp,4704,3248
203.10315,5028.3765,1.8955987e+08,8.092678,-0.07678223,141.92935,581366.75,7.1489086,-0.5194092,121.46672,498632.75,7.1468153,0.044799805,34.429817,141032.75,7.03918,Ship-Water-Cloud-1.bmp,4816,3248
201.78967,2956.7075,1.78896e+08,8.188138,-0.14050293,107.47519,440299.25,7.030266,-0.05993645,86.52894,354437.25,6.9781814,0.0357666,20.467289,83839.25,6.934738,Ship-Water-Cloud-1.bmp,4928,3248
249.66626,7008.6143,2.8402426e+08,8.133425,0.21923828,90.32645,370174.0,7.1768217,0.58300775,66.7126,274647.0,7.243062,0.004638672,17.406229,71296.0,7.21371,Ship-Water-Cloud-1.bmp,5040,3248
163.94543,8880.578,1.4646757e+08,7.8007507,-0.080688484,168.70193,691029.75,6.6017985,1.0172119,114.362915,472668.75,7.1617966,0.0057373056,27.521635,112728.75,6.9449162,Ship-Water-Cloud-1.bmp,5152,3248
213.62292,5023.4526,2.0749603e+08,8.121241,0.08532715,116.47093,477094.75,6.696311,0.4486084,91.30699,374817.75,6.9073443,-0.060180668,21.585918,88430.75,6.866659,Ship-Water-Cloud-1.bmp,5264,3248
130.21301,4865.9395,8.938032e+07,7.862706,0.38635254,236.58444,969661.25,6.600073,0.1585694,190.88531,781969.25,6.701817,0.025268562,50.831936,208210.25,6.651478,Ship-Water-Cloud-1.bmp,5376,3248
187.97351,8170.3296,1.7819389e+08,7.9542294,-0.67785645,202.92729,833072.25,6.699353,-0.2247315,180.97177,741467.25,6.7149286,-0.027954103,50.336678,206182.25,6.631943,Ship-Water-Cloud-1.bmp,5488,3248
269.1194,6463.048,3.2312646e+08,8.166347,0.17236328,216.15,885472.0,6.382653,-0.8461915,189.95145,780974.0,6.3795133,-0.03735351,46.860176,191945.0,6.3754644,Ship-Water-Cloud-1.bmp,5600,3248
239.21045,5646.0947,2.5750624e+08,8.138831,-0.04687502,264.36655,1.0828545e+06,6.5265713,-0.3530274,219.09203,897911.5,6.570409,-0.03222657,58.09137,237946.5,6.5051165,Ship-Water-Cloud-1.bmp,5712,3248
212.6471,2430.8884,1.9517307e+08,8.211497,0.15368652,91.09009,373201.75,6.670547,-0.14392081,91.78049,376017.75,6.517022,-0.017700197,26.011347,106543.75,6.3951793,Ship-Water-Cloud-1.bmp,5824,3248
185.69067,3095.6245,1.5391397e+08,8.146492,-0.24609375,135.48386,555190.0,6.6158786,-0.17382818,123.53229,506112.0,6.7123804,-0.014892578,30.782982,126088.0,6.641224,Ship-Water-Cloud-1.bmp,5936,3248
181.63818,3948.4858,1.5130998e+08,8.080146,-0.005126953,184.75766,756767.5,6.324843,0.18334956,158.19965,648123.5,6.3204136,-0.0805664,47.910133,196266.5,6.329297,Ship-Water-Cloud-1.bmp,6048,3248
168.91223,3102.0361,1.2957032e+08,8.0920725,0.18762207,156.68642,641931.75,6.1100135,0.12707518,135.07729,553342.75,6.2331843,-0.015014647,42.515823,174145.75,6.076757,Ship-Water-Cloud-1.bmp,6160,3248
132.12463,2464.5552,8.159835e+07,8.124602,0.18347168,122.32321,501173.75,6.82767,0.03112788,67.62177,276982.75,6.8843594,0.005981444,18.409084,75403.75,7.0229845,Ship-Water-Cloud-1.bmp,6272,3248
135.32434,553.5161,7.727593e+07,8.262194,0.0579834,47.4038,194179.75,7.3279705,-0.020874076,41.758533,171044.75,7.256516,-0.019165039,16.816221,68880.75,7.238856,Ship-Water-Cloud-1.bmp,6384,3248
138.36047,557.3165,8.069504e+07,8.266338,-0.08630371,31.569637,129339.75,7.157876,-0.017456058,42.15686,172675.75,7.054349,0.008422855,12.389761,50748.75,7.009906,Ship-Water-Cloud-1.bmp,6496,3248
135.23291,440.00946,7.670968e+07,8.274518,0.08496094,18.773054,76924.0,7.405056,-0.0146483965,16.812286,68864.0,7.3718143,-0.0034179674,6.719471,27523.0,7.438035,Ship-Water-Cloud-1.bmp,6608,3248
123.81555,793.837,6.6044428e+07,8.224783,0.029663086,16.803015,68828.75,7.3896074,-0.057495087,15.120169,61945.75,7.37829,-0.011352536,5.653863,23158.75,7.4581165,Ship-Water-Cloud-1.bmp,6720,3248
138.78796,398.0369,8.052792e+07,8.278412,-0.026245115,19.280624,78976.25,7.408388,0.01354982,18.813843,77062.25,7.3517323,0.014770508,6.6682997,27314.25,7.437175,Ship-Water-Cloud-1.bmp,6832,3248
180.2594,10416.043,1.7575728e+08,7.84217,0.95861816,39.590996,165928.75,6.2457685,0.16516116,21.08472,86474.75,7.0031505,-0.0135498075,4.362792,17870.75,6.3649015,Ship-Water-Cloud-1.bmp,0,3360
143.3805,5213.2993,1.055591e+08,7.980026,0.18591309,17.134197,70323.25,7.2933793,0.43835455,16.149948,66937.25,7.277916,-0.006225584,2.7126684,11111.25,7.413064,Ship-Water-Cloud-1.bmp,112,3360
69.99133,5503.666,4.2608444e+07,7.314874,0.4329834,12.485071,51906.75,6.6907606,0.36340338,9.138385,37971.75,6.9087834,0.004760744,2.247719,9206.75,6.92811,Ship-Water-Cloud-1.bmp,224,3360
140.4574,7678.831,1.1225953e+08,7.854025,-0.61120605,148.13087,608274.25,5.415675,-0.20666511,59.336506,243217.25,5.889569,0.012329103,21.568268,88344.25,5.5075617,Ship-Water-Cloud-1.bmp,336,3360
130.86841,2857.542,8.185481e+07,8.02641,-0.0053710975,58.40048,239208.5,6.9581895,-0.4294434,36.862087,151742.5,7.036537,0.004394537,13.264263,54330.5,6.9661565,Ship-Water-Cloud-1.bmp,448,3360
186.27625,3924.2825,1.5820032e+08,8.112349,-0.14904785,53.96295,221123.25,6.833366,-0.53820795,35.25727,145600.25,7.0611277,-0.017211914,13.154795,53883.25,7.1062865,Ship-Water-Cloud-1.bmp,560,3360
152.90112,955.1581,9.96717e+07,8.237862,0.052490234,98.91656,405173.5,7.0383368,-0.112548806,81.63638,334434.5,7.0388002,-0.004150396,24.204695,99142.5,7.208626,Ship-Water-Cloud-1.bmp,672,3360
139.45398,1247.4995,8.476635e+07,8.211811,-0.07312012,203.17477,832225.75,7.2540503,-0.16052249,168.32036,689545.75,7.2786274,-0.00061034877,45.41815,186032.75,7.325653,Ship-Water-Cloud-1.bmp,784,3360
139.02942,1488.9814,8.527118e+07,8.193461,-0.049926758,266.22107,1.0904518e+06,7.2104573,-0.07702636,227.6554,932500.75,7.206771,-0.021118168,55.001938,225289.75,7.174923,Ship-Water-Cloud-1.bmp,896,3360
133.31812,1137.0188,7.745838e+07,8.203131,-0.10961914,237.72563,973773.5,7.171721,0.0070800707,184.73274,756665.5,7.2345834,0.10913086,55.25311,226365.5,7.156501,Ship-Water-Cloud-1.bmp,1008,3360
141.75891,716.16595,8.524495e+07,8.250381,-0.16564941,131.68954,539512.75,7.0162377,0.020385765,93.39967,382566.75,6.989854,-0.00671387,26.636612,109103.75,7.0437336,Ship-Water-Cloud-1.bmp,1120,3360
141.91919,871.7622,8.6068504e+07,8.237721,-0.020507812,100.90388,413304.0,7.005085,-0.082763724,77.90184,319114.0,6.9276104,0.033691406,22.618248,92649.0,6.937045,Ship-Water-Cloud-1.bmp,1232,3360
144.98718,1421.3601,9.192507e+07,8.198521,-0.017700206,266.41113,1.0912212e+06,7.2964735,-0.016479552,173.29666,709824.25,7.2565236,0.011352537,57.82293,236843.25,7.2043343,Ship-Water-Cloud-1.bmp,1344,3360
154.9065,1748.6199,1.0545005e+08,8.192701,-0.21728516,303.53836,1.2434865e+06,7.358837,-0.027587846,221.8326,908629.5,7.3268743,0.009765623,55.101593,225696.5,7.2787833,Ship-Water-Cloud-1.bmp,1456,3360
153.24854,1465.9738,1.0219965e+08,8.210123,-0.25976562,309.0869,1.2662965e+06,7.326097,0.015380863,215.83536,884062.5,7.3313174,-0.10717773,58.520607,239747.5,7.2983646,Ship-Water-Cloud-1.bmp,1568,3360
147.16284,1711.8501,9.571841e+07,8.181837,-0.028564438,337.40176,1.382001e+06,7.420992,0.07128904,220.9871,905184.0,7.3513794,-0.005859362,65.326126,267576.0,7.336611,Ship-Water-Cloud-1.bmp,1680,3360
182.047,5176.4546,1.5694874e+08,8.048836,-0.061401367,314.9095,1.2898848e+06,6.9182673,0.4547119,205.32858,841872.75,6.9881964,-0.023803717,53.146835,217691.75,6.9228354,Ship-Water-Cloud-1.bmp,1792,3360
180.01501,5963.407,1.5715866e+08,8.017232,-0.13317871,232.8871,953978.25,6.8445306,0.598999,169.37955,695248.25,6.8780384,0.0621338,45.71227,187253.25,6.9608827,Ship-Water-Cloud-1.bmp,1904,3360
208.04883,7368.0625,2.0747214e+08,8.046141,-0.25830078,321.4095,1.3167665e+06,6.8649297,0.39990234,302.89392,1.2413085e+06,6.8312244,0.006835942,70.00642,286746.5,6.820454,Ship-Water-Cloud-1.bmp,2016,3360
218.5127,4224.173,2.128772e+08,8.16279,0.122558594,198.99402,815141.0,6.6660643,-0.10839847,193.56808,792903.0,6.735402,0.071777344,39.369358,161278.0,6.714961,Ship-Water-Cloud-1.bmp,2128,3360
177.48267,10368.797,1.7149498e+08,7.8198624,0.20483398,366.93704,1.503146e+06,6.8727627,-0.022949219,421.40643,1.726083e+06,6.729915,-0.09033203,58.52456,239750.0,6.955259,Ship-Water-Cloud-1.bmp,2240,3360
196.21802,12556.305,2.091328e+08,7.8348475,0.24584961,613.6076,2.5135845e+06,6.823551,-0.78930664,473.26654,1.9410515e+06,7.0280094,-0.020263664,74.89522,306772.5,6.9386272,Ship-Water-Cloud-1.bmp,2352,3360
193.36755,9191.545,1.9080214e+08,7.951602,-0.13415527,502.08133,2.0565988e+06,6.664824,-0.27819806,431.33466,1.7670638e+06,6.806155,-0.029907234,68.40651,280196.75,6.619115,Ship-Water-Cloud-1.bmp,2464,3360
228.8971,4709.6895,2.3389622e+08,8.172441,-0.07922363,127.22425,521136.25,6.5728807,0.33337402,64.486084,264590.25,6.7664633,0.061645508,15.338789,62843.25,6.9990745,Ship-Water-Cloud-1.bmp,2576,3360
163.8573,10038.084,1.5109038e+08,7.826211,0.7857666,71.59381,295777.25,5.959507,0.047973685,43.07345,176438.25,6.609431,0.006225586,9.133323,37410.25,6.493468,Ship-Water-Cloud-1.bmp,2688,3360
45.91504,1467.4553,1.4645847e+07,6.8027525,-0.083496094,21.589096,88457.5,4.5456624,0.22729497,24.524143,100662.5,3.8464031,0.0061035156,3.8650746,15831.5,5.5280895,Ship-Water-Cloud-1.bmp,2800,3360
81.97839,7697.029,5.9054024e+07,7.013874,-0.12780762,60.95125,249723.25,4.740449,0.37902832,95.36372,391198.25,4.6609807,-0.0040283175,10.523238,43103.25,5.327029,Ship-Water-Cloud-1.bmp,2912,3360
80.013794,2318.2354,3.5718932e+07,7.76987,0.14880371,7.917982,32522.75,6.9314127,0.22277832,8.696891,35825.75,6.9770975,0.021362303,1.6967483,6951.75,7.3729734,Ship-Water-Cloud-1.bmp,3024,3360
45.29956,315.4099,9.697117e+06,8.041146,0.060791016,2.585538,10605.5,6.8752527,0.14770511,2.4055514,9942.5,7.3032007,0.010009766,0.99538314,4077.5,7.472526,Ship-Water-Cloud-1.bmp,3136,3360
49.164673,93.17692,1.028236e+07,8.247393,-0.027954102,1.9273802,7897.75,7.428835,0.060424775,1.873241,7687.75,7.344925,0.017211914,1.0399258,4260.75,7.4936867,Ship-Water-Cloud-1.bmp,3248,3360
77.061646,3009.9324,3.665277e+07,7.5188093,-0.22546387,15.321663,62965.75,5.7061963,-0.29089355,9.192175,37997.75,6.5262346,-0.009643555,2.3775315,9738.75,7.0464945,Ship-Water-Cloud-1.bmp,3360,3360
81.5448,2900.5483,3.911722e+07,7.583031,0.0670166,38.395958,157288.25,5.5167665,-0.3355713,47.97412,196963.25,5.016294,-0.0057372996,4.2644324,17467.25,6.3274827,Ship-Water-Cloud-1.bmp,3472,3360
58.708008,3968.5417,3.0372544e+07,6.7152596,0.049072266,64.839874,265594.0,5.080061,0.17895508,83.54024,342312.0,5.1390605,0.005859376,10.505336,43030.0,5.620982,Ship-Water-Cloud-1.bmp,3584,3360
117.382935,6878.155,8.4610696e+07,7.6366224,0.06628418,317.22076,1.2993542e+06,6.4327855,-0.2669677,329.17633,1.3485982e+06,6.175971,0.03942871,71.12204,291322.25,6.295362,Ship-Water-Cloud-1.bmp,3696,3360
164.05896,10225.186,1.521276e+08,7.7736797,-0.2767334,479.59415,1.9647312e+06,6.9210906,-0.06335452,417.4926,1.7100662e+06,6.8411207,-0.02014161,85.36929,349674.25,6.7553625,Ship-Water-Cloud-1.bmp,3808,3360
190.83362,15025.452,2.107102e+08,7.7352214,0.26330566,578.64594,2.3704178e+06,6.7287464,-0.30041516,521.7151,2.1373148e+06,6.6522293,-0.033325203,119.5374,489629.75,6.419688,Ship-Water-Cloud-1.bmp,3920,3360
75.201416,4038.0962,3.9703956e+07,7.2931213,0.5578613,227.54744,933309.0,6.617322,-0.05151373,145.57767,596297.0,6.648714,-0.034912102,43.294434,177339.0,6.170539,Ship-Water-Cloud-1.bmp,4032,3360
119.385864,7359.139,8.8523256e+07,7.542752,-0.86657715,365.8106,1.5014362e+06,6.998701,-0.45715332,283.18805,1.1607942e+06,6.9260154,0.019409176,73.594406,301444.25,6.961605,Ship-Water-Cloud-1.bmp,4144,3360
168.22241,9710.704,1.5568685e+08,7.7927556,-0.03881836,448.62802,1.8375865e+06,7.23135,0.16381837,419.7196,1.7192815e+06,7.0783234,-0.096435554,97.38437,398924.5,7.003124,Ship-Water-Cloud-1.bmp,4256,3360
140.31433,2824.9707,9.221358e+07,8.081213,0.48010254,545.6404,2.2358872e+06,7.4597425,0.12023927,369.69922,1.5143472e+06,7.380612,-0.0137939565,104.07922,426309.25,7.3152523,Ship-Water-Cloud-1.bmp,4368,3360
129.97168,2895.349,8.10516e+07,8.055354,-0.050537117,398.23267,1.6311715e+06,7.4116755,0.18774422,279.1226,1.1434305e+06,7.3690987,0.03857422,71.63559,293425.5,7.3016815,Ship-Water-Cloud-1.bmp,4480,3360
132.82593,6598.883,9.929363e+07,7.831888,-0.47265625,194.07567,795849.0,7.0526195,0.27246085,153.47264,628928.0,7.004579,-0.030517574,37.2459,152563.0,6.909373,Ship-Water-Cloud-1.bmp,4592,3360
256.0426,3413.9482,2.8250835e+08,8.21907,-0.35632324,69.59587,285584.75,6.970175,-0.08508308,47.026146,192648.75,7.0355625,0.0042724633,14.25285,58379.75,7.034379,Ship-Water-Cloud-1.bmp,4704,3360
411.2666,8480.703,7.275353e+08,8.231583,-0.7167969,16.437616,69433.0,7.0708885,-0.5407715,15.46611,64546.992,7.01134,0.0065917945,3.5878472,14696.0,7.149552,Ship-Water-Cloud-1.bmp,4816,3360
236.65857,17440.604,3.0084253e+08,7.85462,1.1551514,107.97464,447729.75,7.0035505,-0.3529052,87.80704,360167.75,7.006295,-0.0008544894,20.098572,82323.75,6.992526,Ship-Water-Cloud-1.bmp,4928,3360
163.65369,6678.2207,1.3705523e+08,7.9103136,0.07434082,93.09646,381345.75,7.336229,0.3089599,74.98993,307549.75,7.3184834,-0.017944338,16.303083,66778.75,7.268792,Ship-Water-Cloud-1.bmp,5040,3360
140.74023,5442.692,1.0342606e+08,7.877552,-0.20117188,74.18866,304042.5,7.164807,-0.28295898,63.503555,260438.5,7.1656466,0.0036621075,13.989122,57299.5,6.945054,Ship-Water-Cloud-1.bmp,5152,3360
112.31726,3623.0962,6.651193e+07,7.8733063,-0.16662598,40.74427,167002.25,7.226639,0.29235837,34.692417,142450.25,7.221008,0.0028076177,9.387748,38452.25,7.129443,Ship-Water-Cloud-1.bmp,5264,3360
128.24243,4579.766,8.612203e+07,7.8791265,-0.114990234,67.65486,277168.5,6.5875444,-0.4353028,57.89193,237901.5,6.580385,-0.048583984,13.321735,54575.5,6.547106,Ship-Water-Cloud-1.bmp,5376,3360
171.30432,4447.748,1.3841579e+08,8.055179,-0.41687012,55.47264,227927.75,6.82362,-0.052612334,48.430523,198382.75,6.574273,0.0069579985,12.766491,52291.75,6.568818,Ship-Water-Cloud-1.bmp,5488,3360
261.71277,9444.971,3.192363e+08,8.09766,-0.4671631,82.36629,338266.25,6.268836,0.59436035,84.45343,347368.25,5.9888964,-0.009887694,24.168419,98994.25,5.7496533,Ship-Water-Cloud-1.bmp,5600,3360
278.12622,3670.9805,3.318791e+08,8.23176,-0.008056641,153.2569,627740.5,6.3696737,0.20288086,117.62571,481963.5,6.5340266,0.018798824,35.733658,146366.5,6.38587,Ship-Water-Cloud-1.bmp,5712,3360
226.22522,4517.6704,2.2812886e+08,8.150648,0.3284912,211.07281,864996.25,6.489233,0.1141358,184.85129,757204.25,6.4673843,0.011840822,48.70402,199492.25,6.452859,Ship-Water-Cloud-1.bmp,5824,3360
220.87561,8688.695,2.3541651e+08,7.9963093,0.045776367,284.00336,1.1632862e+06,6.619292,0.08654773,245.89929,1.00723425e+06,6.593928,0.0037841871,70.5623,289023.25,6.4365125,Ship-Water-Cloud-1.bmp,5936,3360
187.67749,5770.2773,1.679078e+08,7.992734,0.359375,185.359,759759.5,6.309367,0.2866211,152.10205,623346.5,6.316048,0.03881836,53.14363,217682.5,6.037034,Ship-Water-Cloud-1.bmp,6048,3360
144.77478,693.76416,8.869274e+07,8.258948,0.19543457,41.750076,171164.75,6.84357,-0.06799315,37.295853,152782.75,6.8070803,0.01965332,9.426556,38612.75,7.035286,Ship-Water-Cloud-1.bmp,6160,3360
124.20276,3486.4443,7.74667e+07,8.047047,0.13317871,143.59366,588232.25,6.808526,-0.039428696,132.54172,542897.25,6.523423,-0.02746582,36.119423,147948.25,6.3216515,Ship-Water-Cloud-1.bmp,6272,3360
129.08142,1313.2219,7.362656e+07,8.200027,-0.22351074,96.63198,396009.25,6.5346055,0.14611813,79.50899,325756.25,6.0992746,0.002807619,38.604057,158122.25,5.446462,Ship-Water-Cloud-1.bmp,6384,3360
140.875,305.6278,8.254011e+07,8.286835,0.053466797,24.538769,100522.5,7.3556137,0.07763673,20.935013,85774.5,7.355485,-0.006591796,6.8802056,28181.5,7.33453,Ship-Water-Cloud-1.bmp,6496,3360
136.17859,160.8057,7.661738e+07,8.300497,-0.048461914,20.028841,82047.75,7.350565,-0.009155198,15.836769,64867.75,7.437239,0.005493164,6.480622,26544.75,7.44098,Ship-Water-Cloud-1.bmp,6608,3360
132.04297,360.8142,7.289307e+07,8.278583,0.0058593787,17.576504,71993.5,7.425686,-0.12768547,14.078547,57732.504,7.4009686,0.018798832,5.7329226,23483.5,7.455131,Ship-Water-Cloud-1.bmp,6720,3360
130.65051,697.5968,7.277426e+07,8.244771,-0.09753418,20.691355,84790.75,7.3585625,0.12219235,16.926903,69393.75,7.4088173,-0.0023193369,7.1012516,29086.75,7.452074,Ship-Water-Cloud-1.bmp,6832,3360
180.33728,15634.059,1.9724531e+08,7.769889,0.89416504,174.64975,718640.25,5.9551897,0.25988764,115.89028,474963.25,5.648002,0.012084966,31.252842,128012.25,5.647401,Ship-Water-Cloud-1.bmp,0,3472
42.038086,1864.6179,1.4875929e+07,7.2040014,0.15820312,7.4190626,30491.0,6.932499,0.087646484,7.764291,31834.0,6.9734755,-0.034423828,1.5618032,6402.0,7.3554807,Ship-Water-Cloud-1.bmp,112,3472
12.697388,594.1375,3.0939592e+06,6.297579,-0.0904541,5.0660973,20784.25,6.160681,0.009887699,3.8290648,15684.25,6.243295,0.0042724605,0.852826,3493.25,6.7870007,Ship-Water-Cloud-1.bmp,224,3472
109.23816,12927.002,1.0182647e+08,7.453057,-0.8675537,88.401474,365175.25,5.5445576,0.2845458,41.727203,171246.25,5.6538086,-0.04724121,13.517361,55376.25,5.57172,Ship-Water-Cloud-1.bmp,336,3472
224.85449,2195.9644,2.1608656e+08,8.237918,0.05419922,51.644886,211549.5,7.0015554,-0.2473143,34.587883,141922.5,7.051377,-0.029541021,10.441631,42772.5,7.196663,Ship-Water-Cloud-1.bmp,448,3472
250.78369,1472.0635,2.6363709e+08,8.273918,0.048583984,51.836258,212331.0,6.9560156,0.29833987,38.046246,156202.0,7.0318913,0.024169924,14.720852,60299.0,7.0525393,Ship-Water-Cloud-1.bmp,560,3472
195.53564,2215.1638,1.6568054e+08,8.206966,0.41308594,50.852314,208990.0,7.091472,0.03515634,36.909897,151188.0,7.172405,0.016601562,13.67697,56022.0,7.2215242,Ship-Water-Cloud-1.bmp,672,3472
145.74805,702.6199,8.988718e+07,8.253049,0.07763672,195.30086,799977.0,7.095215,0.07177736,120.37814,493090.0,7.1213565,0.003906249,39.854473,163244.0,7.127505,Ship-Water-Cloud-1.bmp,784,3472
143.85767,1093.8789,8.924736e+07,8.217777,-0.328125,286.10275,1.172318e+06,7.221348,0.07543944,181.47989,743365.0,7.1812267,-0.0073242188,57.26557,234560.0,7.1466446,Ship-Water-Cloud-1.bmp,896,3472
126.68848,564.9258,6.8054616e+07,8.247236,-0.0017089918,155.68811,637698.5,6.991054,-0.1879883,114.797066,470353.5,6.987628,-0.09692383,38.146492,156286.5,7.1152163,Ship-Water-Cloud-1.bmp,1008,3472
134.6748,418.56342,7.600483e+07,8.272736,-0.0925293,84.08982,344467.0,7.064195,0.08471681,61.91958,253652.0,7.1050935,-0.0029296847,18.773428,76896.0,7.0970516,Ship-Water-Cloud-1.bmp,1120,3472
140.05188,478.18768,8.229977e+07,8.270121,0.030639648,71.389626,292415.75,7.3184147,0.10339353,54.55639,223506.75,7.2434545,-0.018432617,19.499355,79870.75,7.2671986,Ship-Water-Cloud-1.bmp,1232,3472
136.96521,670.7756,7.958628e+07,8.249958,-0.29748535,148.10382,606995.75,7.3661194,-0.0030518733,107.38664,439855.75,7.298772,0.0013427678,39.512386,161842.75,7.3484945,Ship-Water-Cloud-1.bmp,1344,3472
139.26062,1208.0237,8.438393e+07,8.211225,-0.09069825,271.4447,1.1118712e+06,7.3493447,0.0999756,196.10773,803298.25,7.3008614,0.015747081,50.4649,206705.25,7.2696605,Ship-Water-Cloud-1.bmp,1456,3472
143.35022,1343.0083,8.967083e+07,8.206152,-0.123413086,332.74445,1.3629838e+06,7.413088,-0.082153395,228.09402,934300.75,7.3910284,-0.11584473,77.398384,317078.75,7.3268166,Ship-Water-Cloud-1.bmp,1568,3472
142.43726,1837.9447,9.062939e+07,8.168577,0.40307617,409.3037,1.6771735e+06,7.4516087,-0.0014649127,269.15857,1.1024735e+06,7.4073915,0.09033204,82.10769,336346.5,7.361961,Ship-Water-Cloud-1.bmp,1680,3472
140.83936,2098.4292,8.984229e+07,8.146065,0.22851561,371.84024,1.5232715e+06,7.4286222,0.058105495,270.3554,1.1073895e+06,7.40328,-0.025878899,68.48114,280501.5,7.3043537,Ship-Water-Cloud-1.bmp,1792,3472
141.35388,1539.0623,8.814585e+07,8.182935,-0.14855957,291.27255,1.1931428e+06,7.3376074,-0.11657711,212.58743,870813.75,7.388525,0.06750488,62.3113,255245.75,7.3303204,Ship-Water-Cloud-1.bmp,1904,3472
152.05151,2711.643,1.0580502e+08,8.114214,-0.11572266,263.55182,1.079563e+06,7.18792,-0.06323231,191.41617,784057.0,7.200717,0.019042969,50.270638,205910.0,7.2449393,Ship-Water-Cloud-1.bmp,2016,3472
156.88293,2341.9482,1.1040442e+08,8.15951,0.5599365,309.34998,1.2683818e+06,7.2917204,0.14587413,221.72208,908260.75,7.296344,-0.0057373084,53.34317,218493.75,7.276667,Ship-Water-Cloud-1.bmp,2128,3472
158.30591,6463.1934,1.2912212e+08,7.8816013,-0.007324204,369.4782,1.513383e+06,7.093693,0.37890625,395.7087,1.621411e+06,6.745406,-0.03051758,68.15605,279171.0,7.109009,Ship-Water-Cloud-1.bmp,2240,3472
180.70178,9140.761,1.7118779e+08,7.87911,0.12561035,689.71643,2.8251432e+06,6.8007207,0.22912607,446.45782,1.8289062e+06,6.848271,-0.020874027,76.96399,315246.25,7.045827,Ship-Water-Cloud-1.bmp,2352,3472
175.83289,6025.3096,1.5131654e+08,7.9784093,0.2154541,350.28632,1.4349628e+06,6.6399336,0.24792486,260.6421,1.0678418e+06,6.6570187,-0.10876465,50.943676,208713.75,6.752521,Ship-Water-Cloud-1.bmp,2464,3472
173.81958,5938.783,1.4807872e+08,8.010004,-0.0041503906,273.61047,1.1207085e+06,6.939884,-0.20727544,258.98376,1.0609735e+06,6.9199333,-0.018798823,49.811535,204029.5,7.1043835,Ship-Water-Cloud-1.bmp,2576,3472
159.72888,8521.938,1.3940838e+08,7.827578,0.40246582,348.03302,1.4262068e+06,7.1479216,-0.02941899,377.876,1.5477838e+06,6.996413,0.00012207497,71.185,291573.75,7.102256,Ship-Water-Cloud-1.bmp,2688,3472
138.39001,7753.3105,1.1020331e+08,7.7808313,0.12561035,354.40033,1.4516882e+06,6.85264,-1.1273193,306.87546,1.2621672e+06,6.827257,0.042846695,61.243343,250860.25,6.876411,Ship-Water-Cloud-1.bmp,2800,3472
102.26184,9578.316,8.206664e+07,7.2129803,0.35021973,312.04758,1.2786492e+06,6.48215,-0.47399896,237.99632,975753.25,6.565768,0.05187989,45.873833,187910.25,6.5780373,Ship-Water-Cloud-1.bmp,2912,3472
62.946167,2303.9727,2.5666324e+07,7.536382,0.13952637,156.10425,639482.75,6.652438,-0.21228026,133.08623,545305.75,6.625024,0.0069580013,25.00404,102416.75,6.6094337,Ship-Water-Cloud-1.bmp,3024,3472
47.00415,2374.7986,1.8776838e+07,7.240177,0.032470703,112.69939,461621.0,6.549973,-0.4074707,112.84593,462897.0,6.5097938,0.022216797,21.609123,88513.0,6.4818935,Ship-Water-Cloud-1.bmp,3136,3472
89.16504,6377.2485,5.8686064e+07,7.343343,-0.35913086,251.1779,1.029353e+06,6.7474613,-0.42236325,213.33917,874568.0,6.671012,0.017333984,41.147156,168540.0,6.741145,Ship-Water-Cloud-1.bmp,3248,3472
156.26428,5863.809,1.2403645e+08,7.946681,0.1907959,304.95535,1.2492462e+06,7.009612,0.01965335,229.9174,941743.25,7.057679,-0.035278328,45.27201,185439.25,7.10665,Ship-Water-Cloud-1.bmp,3360,3472
147.92114,8093.232,1.2277308e+08,7.771079,0.3076172,507.96045,2.0809935e+06,7.029213,0.11328137,402.84982,1.6501255e+06,6.950944,0.028076187,62.051823,254167.5,7.041523,Ship-Water-Cloud-1.bmp,3472,3472
126.513306,6892.2705,9.378974e+07,7.721842,-0.111450195,414.72177,1.6987512e+06,7.0887012,-0.44104,416.26086,1.7058012e+06,6.9866133,-0.021362288,76.66269,314012.25,6.9227133,Ship-Water-Cloud-1.bmp,3584,3472
178.13,12576.756,1.814817e+08,7.754226,0.10241699,608.51434,2.4925178e+06,6.859189,-0.111694306,480.56436,1.9684428e+06,6.8841705,0.009643547,111.85849,458172.75,6.7609797,Ship-Water-Cloud-1.bmp,3696,3472
144.50476,6251.0283,1.1113536e+08,7.8768044,-0.06555175,356.7718,1.4613548e+06,7.0608225,0.21374509,307.61856,1.2601928e+06,7.068494,-0.030395506,61.947014,253738.75,7.009264,Ship-Water-Cloud-1.bmp,3808,3472
136.78357,9201.479,1.14324376e+08,7.5929093,-0.046020508,411.27686,1.6845988e+06,6.820119,0.15002438,394.4862,1.6159078e+06,6.8121853,0.012817373,79.15358,324213.75,6.6858897,Ship-Water-Cloud-1.bmp,3920,3472
111.41821,6256.829,7.647579e+07,7.5417566,0.13134766,264.22772,1.0823475e+06,6.550644,-0.07080075,236.0935,967059.5,6.6443644,-0.023681637,56.081833,229713.5,6.4245157,Ship-Water-Cloud-1.bmp,4032,3472
147.6029,6403.8564,1.1546818e+08,7.868877,-0.50183105,211.38678,866871.75,7.013913,-0.22644046,171.84393,704082.75,6.983424,0.015991211,43.884445,179751.75,6.7572184,Ship-Water-Cloud-1.bmp,4144,3472
180.20972,4893.99,1.530656e+08,8.064075,0.2397461,211.88234,868105.5,7.193047,-0.30004883,173.23236,709928.5,7.133564,-0.028808596,41.787136,171163.5,7.085117,Ship-Water-Cloud-1.bmp,4256,3472
73.67285,2769.9438,3.3577504e+07,7.6507044,0.42138672,225.19952,923144.5,7.2038693,0.347168,154.86105,634804.5,7.173361,-0.039062507,43.203674,176968.5,7.080291,Ship-Water-Cloud-1.bmp,4368,3472
43.311523,1043.7323,1.1958765e+07,7.5353136,0.039062493,104.84869,429466.5,7.1587834,0.20776367,70.36882,288407.5,7.1942754,0.030517569,19.955978,81743.5,6.9810996,Ship-Water-Cloud-1.bmp,4480,3472
43.153442,1116.7721,1.220195e+07,7.3615994,-0.17346191,41.495483,170088.75,7.359668,0.010620132,29.823803,122158.75,7.375783,-0.0032958966,9.0624275,37119.75,7.293458,Ship-Water-Cloud-1.bmp,4592,3472
154.3341,11676.195,1.4538838e+08,7.6892796,-1.1270752,111.27859,461000.25,7.134402,0.7357178,79.53275,327983.25,7.060104,0.019653324,23.408123,95881.25,7.0288773,Ship-Water-Cloud-1.bmp,4704,3472
270.48438,12595.061,3.512601e+08,8.040565,-0.37597656,197.96889,811459.5,6.9359584,1.4543457,156.09326,648021.5,6.9181967,0.021728521,36.80434,150752.5,6.7943673,Ship-Water-Cloud-1.bmp,4816,3472
280.40283,7989.3027,3.5477523e+08,8.136964,-0.051757812,96.350716,394663.5,6.980182,0.1716308,81.20895,332752.5,6.992609,-0.009033197,18.887491,77363.5,6.90119,Ship-Water-Cloud-1.bmp,4928,3472
199.10876,5061.601,1.8311538e+08,8.098436,0.64904785,214.2575,879324.25,7.1383653,-0.34948742,157.99779,647659.25,7.139083,-0.019165043,51.870785,212464.25,6.7716646,Ship-Water-Cloud-1.bmp,5040,3472
199.39575,7664.8887,1.9424688e+08,8.014708,-0.23632812,80.66022,330613.0,6.9956446,-0.2968751,64.97217,266487.0,6.93862,-0.012939458,29.63655,121392.0,6.3219543,Ship-Water-Cloud-1.bmp,5152,3472
225.03894,10573.069,2.5073907e+08,7.9964867,0.08166504,38.242783,156669.75,7.3483105,-0.38415524,27.096992,111593.75,7.3596926,-0.036743168,8.230766,33718.75,7.2946525,Ship-Water-Cloud-1.bmp,5264,3472
243.3805,10147.511,2.8418694e+08,8.026701,-0.060180664,76.01659,311378.75,7.1614065,-0.65075684,59.1453,243993.75,7.110543,-0.014770506,13.741176,56284.75,6.7463713,Ship-Water-Cloud-1.bmp,5376,3472
330.5017,14313.696,5.0604064e+08,8.10522,-0.19018555,43.111656,176733.5,7.1268015,-1.0468751,36.95569,155859.5,7.031283,-0.029785158,8.358121,34238.5,6.9476023,Ship-Water-Cloud-1.bmp,5488,3472
341.50684,16537.545,5.454416e+08,8.086561,0.19189453,64.04533,262480.5,6.1840153,-1.1523439,61.204453,256132.5,6.2752633,-0.0009765653,13.253049,54284.5,5.837811,Ship-Water-Cloud-1.bmp,5600,3472
247.62231,11216.012,2.9709443e+08,7.99592,0.55444336,245.931,1.0085925e+06,6.0779796,-0.37329116,176.89276,725123.5,6.171305,-0.01245117,51.77536,212072.5,6.2096014,Ship-Water-Cloud-1.bmp,5712,3472
172.88708,3176.7153,1.3544104e+08,8.095735,0.08117676,200.79498,822483.25,6.1717224,0.30212408,166.47859,682270.25,6.234706,0.005493158,53.465603,218995.25,6.0304627,Ship-Water-Cloud-1.bmp,5824,3472
156.81201,2231.8171,1.0986219e+08,8.142645,0.10180664,101.497696,415777.0,6.3993974,0.0031737983,89.285385,365713.0,6.3084135,0.03808594,25.522964,104548.0,6.099515,Ship-Water-Cloud-1.bmp,5936,3472
144.00806,986.0726,8.898311e+07,8.247963,0.10180664,55.504166,227387.5,6.84853,-0.04345706,50.99238,208872.5,6.636636,0.014160156,14.226484,58272.5,6.8961544,Ship-Water-Cloud-1.bmp,6048,3472
143.99048,2009.1011,9.31527e+07,8.157448,-0.043457028,130.43526,534270.5,6.6169066,0.03002933,159.08882,651631.5,6.5002794,0.014648431,35.443268,145176.5,6.511119,Ship-Water-Cloud-1.bmp,6160,3472
146.83142,529.76807,9.04775e+07,8.26437,0.06018067,51.715675,211842.25,6.171592,-0.07141118,60.2789,246923.25,5.9945536,-0.047729492,16.491924,67560.25,6.222457,Ship-Water-Cloud-1.bmp,6272,3472
125.76221,1816.0168,7.222129e+07,8.163769,-0.10424805,115.85364,474581.0,6.8383427,-0.060791027,54.20187,222026.0,6.8794537,-0.015136715,19.046646,78016.0,7.012729,Ship-Water-Cloud-1.bmp,6384,3472
134.94751,323.5047,7.591664e+07,8.2827,-0.16064453,30.560986,125283.5,7.020983,0.09887695,20.461536,83850.5,7.234208,-0.045898438,8.454313,34637.5,7.2995524,Ship-Water-Cloud-1.bmp,6496,3472
139.72327,389.88345,8.15615e+07,8.278867,-0.011352539,25.4345,104180.25,7.343647,-0.049926788,21.654306,88706.25,7.3282566,-0.025268557,7.6771574,31448.25,7.3854303,Ship-Water-Cloud-1.bmp,6608,3472
138.14099,248.43097,7.918127e+07,8.292774,0.041870117,21.223282,86937.75,7.386586,-0.0059814043,18.235254,74691.75,7.3294373,0.0057373047,7.290677,29862.75,7.415408,Ship-Water-Cloud-1.bmp,6720,3472
118.887695,585.0099,6.0290228e+07,8.243637,0.06958008,22.037882,90287.0,7.3725314,-0.01025391,18.076067,74040.0,7.36876,0.039794922,7.7388954,31705.0,7.414671,Ship-Water-Cloud-1.bmp,6832,3472
222.44409,10340.094,2.4502874e+08,8.0672865,0.7155762,193.90787,796344.0,6.2224503,-0.29443362,99.91991,409627.0,6.1858935,0.0068359366,27.529982,112763.0,6.2710843,Ship-Water-Cloud-1.bmp,0,3584
30.313477,3024.1912,1.6150928e+07,6.3315225,0.5097656,43.946922,181071.0,4.3426847,-0.12426758,9.617614,39457.0,5.70139,0.011962891,4.58848,18795.0,4.88175,Ship-Water-Cloud-1.bmp,112,3584
2.4320068,1.6565709,31011.75,7.6980762,-0.0015869141,0.4203466,1721.75,7.1682053,0.006958008,0.4124882,1689.75,7.1296406,0.008422852,0.30895007,1265.75,7.214777,Ship-Water-Cloud-1.bmp,224,3584
104.339355,15293.824,1.0723543e+08,7.2776127,-1.2058105,41.742554,176933.0,5.377148,-0.5754394,52.803635,217640.0,4.9913006,-0.016113287,8.197982,33580.0,5.352204,Ship-Water-Cloud-1.bmp,336,3584
287.162,4073.1638,3.5444806e+08,8.2262745,0.31140137,31.756851,130473.25,7.0479183,-0.16271964,25.58174,104891.25,7.0772853,-0.005004883,6.785681,27794.25,7.3155246,Ship-Water-Cloud-1.bmp,448,3584
175.36084,1711.114,1.3296655e+08,8.209436,0.1225586,90.740845,371736.0,6.948507,0.14306647,68.10087,279025.0,7.0935426,0.02294922,22.363731,91604.0,7.084342,Ship-Water-Cloud-1.bmp,560,3584
147.73633,1006.89056,9.352362e+07,8.240591,-0.08886719,156.58963,641423.5,6.9984074,0.18359366,89.423195,366415.5,7.043847,0.042480472,32.676052,133848.5,7.033631,Ship-Water-Cloud-1.bmp,672,3584
139.4093,591.81775,8.2029656e+07,8.257513,0.14758301,143.84802,589290.75,7.0111084,0.04650878,94.63035,387614.75,7.082717,0.023559576,33.385857,136750.75,7.0669403,Ship-Water-Cloud-1.bmp,784,3584
148.96631,1004.9652,9.501051e+07,8.231415,0.07470704,278.38187,1.140275e+06,7.213548,-0.12817383,173.77484,711849.0,7.25019,0.051025383,60.379234,247324.0,7.18227,Ship-Water-Cloud-1.bmp,896,3584
127.03955,291.469,6.729939e+07,8.281246,0.022460934,86.39145,353861.5,6.915696,-0.04541018,57.100597,233892.5,6.989148,-0.047363292,21.831863,89432.5,7.098732,Ship-Water-Cloud-1.bmp,1008,3584
123.18164,206.1644,6.299599e+07,8.290289,0.04101562,45.11612,184802.5,7.1605177,-0.006591819,37.203445,152385.5,7.066965,-0.013916016,11.234058,46015.5,7.233021,Ship-Water-Cloud-1.bmp,1120,3584
133.86755,426.90585,7.5151064e+07,8.271489,-0.17321777,69.51279,284847.25,7.2755485,0.04748539,51.95923,212834.25,7.269084,-0.018676754,20.989704,85975.25,7.1592793,Ship-Water-Cloud-1.bmp,1232,3584
131.26123,915.4663,7.432182e+07,8.227548,0.11523438,202.03346,827583.5,7.3829575,-0.0021972694,141.70276,580414.5,7.330601,0.019775387,49.99094,204764.5,7.291314,Ship-Water-Cloud-1.bmp,1344,3584
129.34119,1531.5479,7.4795784e+07,8.168174,-0.123413086,334.0809,1.3684578e+06,7.437753,-0.112670906,250.44795,1.02588675e+06,7.398695,0.073120125,73.97043,303004.75,7.294474,Ship-Water-Cloud-1.bmp,1456,3584
136.49121,1551.7263,8.2663736e+07,8.180458,0.37475586,377.99237,1.548832e+06,7.462137,-0.039062515,267.86713,1.09719e+06,7.406068,0.064209,83.3179,341287.0,7.362122,Ship-Water-Cloud-1.bmp,1568,3584
133.20068,1519.7561,7.889789e+07,8.174772,0.096191406,446.55984,1.829147e+06,7.457817,0.22094725,303.19897,1.242103e+06,7.396922,-0.0017089844,104.913086,429724.0,7.3817225,Ship-Water-Cloud-1.bmp,1680,3584
139.1449,1457.198,8.527258e+07,8.190958,-0.095825195,336.4722,1.3782278e+06,7.384845,-0.0726319,245.28616,1.00471375e+06,7.3341894,0.019165033,69.95563,286539.75,7.303882,Ship-Water-Cloud-1.bmp,1792,3584
146.45825,1332.3322,9.331651e+07,8.213951,-0.06860352,273.6275,1.1207975e+06,7.2060237,-0.09716798,190.35909,779749.5,7.234414,-0.02246094,54.987408,225230.5,7.298531,Ship-Water-Cloud-1.bmp,1904,3584
145.27771,1875.7174,9.413153e+07,8.170821,-0.16906738,338.41788,1.3862768e+06,7.366204,-0.056518555,237.72333,973727.75,7.3690524,-0.009155275,66.2042,271172.75,7.284733,Ship-Water-Cloud-1.bmp,2016,3584
169.15588,2101.2117,1.2580834e+08,8.193958,0.12780762,266.2961,1.0908158e+06,7.314437,-0.08898923,181.63728,744018.75,7.3165264,0.06213378,47.631577,195114.75,7.284112,Ship-Water-Cloud-1.bmp,2128,3584
145.48035,2317.7317,9.618334e+07,8.142214,0.1529541,312.22278,1.2789602e+06,7.404202,0.13586427,229.43619,939846.25,7.3554955,0.037963863,61.877285,253455.25,7.287085,Ship-Water-Cloud-1.bmp,2240,3584
125.29199,2933.4062,7.6314584e+07,8.044398,0.21948242,359.55548,1.4729365e+06,7.342177,-0.0026855618,238.01086,974892.5,7.298291,-0.0073242188,56.855286,232879.5,7.3212156,Ship-Water-Cloud-1.bmp,2352,3584
117.00452,2324.6143,6.5596096e+07,8.050915,-0.34362793,247.62184,1.01474275e+06,7.27027,-0.07238771,148.4659,608137.75,7.192628,0.0013427706,43.53607,178323.75,7.205926,Ship-Water-Cloud-1.bmp,2464,3584
142.7998,2162.5972,9.2382744e+07,8.141665,0.052490234,284.2812,1.164427e+06,7.2785606,0.13403319,201.79771,826637.0,7.2800894,0.020019533,60.501797,247817.0,7.1536374,Ship-Water-Cloud-1.bmp,2576,3584
128.79163,2455.228,7.799813e+07,8.093391,-0.091918945,445.9009,1.8264448e+06,7.4012437,-0.12097168,292.85687,1.1996018e+06,7.3662977,-0.058715817,82.74112,338921.75,7.306193,Ship-Water-Cloud-1.bmp,2688,3584
162.7522,8040.957,1.4143174e+08,7.9048333,-0.48999023,368.9872,1.512355e+06,6.909608,0.35449225,383.9178,1.573042e+06,6.94641,-0.050292976,75.86442,310751.0,6.87351,Ship-Water-Cloud-1.bmp,2800,3584
127.54932,11729.57,1.1468144e+08,7.526873,0.22875977,320.50323,1.3129955e+06,6.5700436,0.6962891,326.2624,1.3383565e+06,6.800624,0.02612305,68.248955,279550.5,6.2882237,Ship-Water-Cloud-1.bmp,2912,3584
43.36487,1635.844,1.4402993e+07,7.2994995,0.16149902,82.582016,338362.75,6.5515337,0.15148927,81.37152,333391.75,6.702628,0.015991215,12.575609,51510.75,6.613984,Ship-Water-Cloud-1.bmp,3024,3584
76.90491,3793.3586,3.9762836e+07,7.514338,-0.5609131,126.43495,519166.25,6.8088675,0.12097166,148.79109,609508.25,6.9273205,-0.010864256,21.008978,86053.25,6.836819,Ship-Water-Cloud-1.bmp,3136,3584
151.03418,4855.663,1.1332398e+08,7.98792,-0.2734375,298.92352,1.224697e+06,7.053879,0.20825191,310.92538,1.273728e+06,7.257614,-0.034912106,51.503174,210962.0,6.9118347,Ship-Water-Cloud-1.bmp,3248,3584
192.5398,5139.826,1.7289789e+08,8.0861635,0.08251953,273.6403,1.1208585e+06,6.7622814,0.100097686,225.61314,924152.5,7.1017585,-0.009033201,41.04203,168108.5,6.9310484,Ship-Water-Cloud-1.bmp,3360,3584
172.21375,9259.183,1.5940304e+08,7.8616962,-0.08312989,529.6384,2.1694272e+06,7.0883694,0.09436032,446.75018,1.8299252e+06,7.0667467,0.015258798,75.79256,310447.25,7.0050373,Ship-Water-Cloud-1.bmp,3472,3584
212.05212,12237.283,2.3430509e+08,7.913023,0.21984863,747.4333,3.0616848e+06,6.8973417,0.36511213,672.8144,2.7563938e+06,6.754846,0.034301758,91.74193,375779.75,6.824663,Ship-Water-Cloud-1.bmp,3584,3584
175.82361,12412.154,1.7746368e+08,7.7179017,0.8074951,586.7887,2.4061572e+06,6.6936336,0.014526337,512.6383,2.0997672e+06,6.5994287,0.012573246,102.12662,418311.25,6.5249352,Ship-Water-Cloud-1.bmp,3696,3584
145.93188,6338.1436,1.1318992e+08,7.816586,-0.20019531,431.80624,1.7688425e+06,6.897185,-0.23559573,352.39557,1.4436395e+06,6.927811,-0.068359375,84.77426,347254.5,6.804289,Ship-Water-Cloud-1.bmp,3808,3584
161.71643,10591.428,1.5050192e+08,7.7259135,0.10144043,415.0308,1.7000082e+06,7.112465,-0.32067874,413.11502,1.6925402e+06,7.001042,0.008178708,82.41382,337567.25,6.95177,Ship-Water-Cloud-1.bmp,3920,3584
106.161255,2920.5789,5.812548e+07,7.8999815,0.084106445,262.91437,1.0769262e+06,7.3613095,0.03601075,188.13768,770617.25,7.196442,0.022338865,50.170944,205502.25,7.225116,Ship-Water-Cloud-1.bmp,4032,3584
169.77649,3268.1074,1.31449496e+08,8.119394,-0.45788574,218.89294,897444.25,7.3556776,0.103637725,149.8736,613926.25,7.298741,0.04699707,41.02202,168035.25,7.23854,Ship-Water-Cloud-1.bmp,4144,3584
270.60327,3651.1118,3.1488918e+08,8.225346,0.2524414,82.6704,338879.0,6.95743,0.12011725,63.879368,261709.0,7.000097,-0.036865234,16.21617,66427.0,7.0040474,Ship-Water-Cloud-1.bmp,4256,3584
97.93518,4631.31,5.825581e+07,7.6924224,0.7574463,236.48285,970983.75,7.219451,-0.013549745,146.38965,599612.75,7.164809,0.013793938,42.205803,172875.75,7.1814494,Ship-Water-Cloud-1.bmp,4368,3584
49.958984,1745.3472,1.737215e+07,7.4342484,-0.19091797,53.364918,218732.0,7.2668533,-0.33374023,36.089302,148278.0,7.2598705,0.026123045,10.269093,42065.0,7.2056375,Ship-Water-Cloud-1.bmp,4480,3584
138.57971,13699.477,1.3477402e+08,7.4483294,-0.3218994,32.847614,134968.25,7.3900857,-1.3494872,28.996082,126227.25,7.3571215,-0.028442387,7.011459,28722.25,7.3290043,Ship-Water-Cloud-1.bmp,4592,3584
207.90686,17261.28,2.4775288e+08,7.745332,-0.8277588,63.69158,263687.25,7.0919886,-0.9974365,43.720757,183155.25,7.212367,-0.023559568,11.754389,48148.25,6.9445467,Ship-Water-Cloud-1.bmp,4704,3584
356.50378,23879.879,6.183929e+08,8.051206,-0.08557129,111.36078,456163.75,6.549208,-1.293335,84.38777,352503.75,6.692025,-0.023315428,19.596807,80270.75,6.3608136,Ship-Water-Cloud-1.bmp,4816,3584
206.78918,8157.9854,2.0856731e+08,7.960522,0.4383545,327.40155,1.3418238e+06,7.2590218,-0.30334482,241.77072,990669.75,7.2294607,-0.05993651,69.774414,285810.75,7.0861707,Ship-Water-Cloud-1.bmp,4928,3584
211.80298,2077.7456,1.9225906e+08,8.231973,-0.16333008,274.08136,1.1227465e+06,7.305622,0.07958973,212.9164,872131.5,7.2636065,0.043457035,94.51704,387149.5,7.2142353,Ship-Water-Cloud-1.bmp,5040,3584
249.49023,2828.3901,2.6654214e+08,8.230355,-0.053955078,132.66702,543416.0,6.8273425,0.0893555,122.4278,501497.0,6.9357595,0.02758789,52.591274,215417.0,6.852756,Ship-Water-Cloud-1.bmp,5152,3584
219.71411,8548.377,2.3274565e+08,8.024429,-0.2919922,39.742867,163136.0,7.0433874,0.39501953,24.612514,101452.0,7.24114,0.022216797,4.9631295,20331.0,7.255976,Ship-Water-Cloud-1.bmp,5264,3584
434.03516,8787.383,8.076243e+08,8.240681,-0.8469238,34.215828,143086.0,6.7486095,-0.27978522,21.76547,89472.0,6.825871,0.012939454,3.7483678,15354.0,6.8569536,Ship-Water-Cloud-1.bmp,5376,3584
429.85254,8885.253,7.932251e+08,8.237857,0.20092773,25.80106,105846.5,6.6063156,0.7282715,25.228775,105509.5,6.704958,-0.022949219,3.68856,15110.5,6.871274,Ship-Water-Cloud-1.bmp,5488,3584
407.7649,8078.8765,7.141421e+08,8.235885,0.3503418,25.74115,105938.5,6.987437,1.1210935,27.568462,118068.5,6.6709347,-0.01123047,4.3879347,17973.5,6.9858484,Ship-Water-Cloud-1.bmp,5600,3584
307.48962,6664.442,4.1457382e+08,8.1856365,0.82507324,23.141947,97577.75,7.1873555,0.17297348,19.491749,79960.75,7.357287,0.036743164,5.20855,21339.75,7.2491226,Ship-Water-Cloud-1.bmp,5712,3584
241.86865,6457.644,2.6606834e+08,8.117612,0.27563477,37.272415,152979.0,6.9695425,-0.5683594,28.827112,119399.0,7.0772142,-0.012451176,6.611661,27082.0,7.212369,Ship-Water-Cloud-1.bmp,5824,3584
151.53186,1487.4106,1.001444e+08,8.215937,0.1751709,99.716446,408564.25,6.811597,0.018920898,98.99751,405495.25,6.7812567,0.022583013,24.007362,98336.25,6.873637,Ship-Water-Cloud-1.bmp,5936,3584
139.47449,1783.2428,8.698419e+07,8.166788,-0.0133056715,133.1106,545221.75,6.644718,0.051635787,129.02292,528488.75,6.612707,0.0072021456,33.408333,136840.75,6.6988144,Ship-Water-Cloud-1.bmp,6048,3584
146.13513,297.60498,8.869102e+07,8.288089,-0.03063965,31.111797,127437.75,6.7565603,0.097534195,31.137398,127577.75,6.2361436,-0.0003662128,7.9406123,32524.75,6.992159,Ship-Water-Cloud-1.bmp,6160,3584
142.30408,213.82288,8.382166e+07,8.296595,-0.036499023,26.01704,106571.25,7.240889,-0.00012209266,21.428284,87770.25,7.3839903,0.0010986337,7.85504,32174.25,7.4279737,Ship-Water-Cloud-1.bmp,6272,3584
136.5614,1163.9717,8.1154e+07,8.2302265,0.016479492,67.7327,277434.25,6.783683,-0.01574706,37.4649,153457.25,7.0209045,-0.002563469,13.142632,53832.25,7.1018496,Ship-Water-Cloud-1.bmp,6384,3584
123.58862,963.31934,6.6508668e+07,8.222684,-0.17773438,52.433502,214897.0,6.8501635,0.09228517,33.70218,138079.0,6.9693966,-0.016357418,11.285622,46227.0,7.234921,Ship-Water-Cloud-1.bmp,6496,3584
125.509155,440.21115,6.632554e+07,8.265245,0.0592041,18.669775,76485.75,7.369033,0.0028076153,17.515556,71743.75,7.3772492,-0.025268558,6.124301,25087.75,7.42099,Ship-Water-Cloud-1.bmp,6608,3584
135.54297,395.42706,7.687096e+07,8.275395,-0.0041503906,24.924177,102089.5,7.346107,0.049072232,25.127596,102932.5,7.251489,-0.010742186,8.062751,33025.5,7.463157,Ship-Water-Cloud-1.bmp,6720,3584
124.78674,248.94006,6.480147e+07,8.286618,0.06530762,15.7100315,64365.75,7.4348536,-0.045043938,14.947861,61234.75,7.3636503,-0.0037841797,5.9650126,24432.75,7.4668856,Ship-Water-Cloud-1.bmp,6832,3584
139.88623,14640.899,1.401203e+08,7.7066145,0.114746094,74.52614,305313.0,6.3365946,1.7790527,246.71849,1.023523e+06,5.05648,-0.0051269587,11.598606,47508.0,6.38369,Ship-Water-Cloud-1.bmp,0,3696
44.586548,8544.846,4.3142372e+07,6.4414787,0.4552002,72.78577,298979.25,4.869184,0.8746338,239.8181,985428.25,4.255571,0.003540039,9.418017,38576.25,5.0823793,Ship-Water-Cloud-1.bmp,112,3696
55.32361,10208.119,5.434909e+07,6.7163444,-0.29992676,34.320015,140943.25,4.9659004,1.0145264,320.8888,1.3185762e+06,4.755165,-0.010864257,7.4039965,30327.25,5.3913894,Ship-Water-Cloud-1.bmp,224,3696
147.02466,18632.541,1.6485904e+08,7.6409836,-0.3659668,40.926735,168184.5,5.282736,1.6928712,353.55804,1.4599125e+06,4.776784,-0.0019531278,10.013545,41015.5,5.4356585,Ship-Water-Cloud-1.bmp,336,3696
154.82043,17464.012,1.6971112e+08,7.73213,0.15002441,18.63283,76412.25,6.736271,2.0286865,184.89406,774183.25,4.7829914,-0.0118408175,5.6993837,23345.25,6.686986,Ship-Water-Cloud-1.bmp,448,3696
101.77661,7758.0327,7.420523e+07,7.6896763,0.29663086,29.818018,122495.0,6.7822576,1.3666992,122.02249,507455.0,5.0724864,0.007324215,9.657906,39559.0,6.857352,Ship-Water-Cloud-1.bmp,560,3696
85.177734,5071.9014,5.049199e+07,7.7600236,0.10473633,65.03774,266439.5,6.8084507,1.1286621,118.16935,489239.5,5.5253778,-0.01269531,15.455526,63306.5,6.683764,Ship-Water-Cloud-1.bmp,672,3696
79.73901,4347.3447,4.385037e+07,7.772499,0.07519531,33.207237,136040.0,6.568036,1.0812988,108.97018,451131.0,5.302001,0.023437504,10.11615,41438.0,6.8149548,Ship-Water-Cloud-1.bmp,784,3696
84.158936,4989.603,4.944826e+07,7.7485595,0.06323243,75.17459,307931.5,6.5059986,1.130127,121.2271,501777.5,5.8859134,0.017822264,18.585009,76125.5,6.658516,Ship-Water-Cloud-1.bmp,896,3696
76.486694,3976.3516,4.0249612e+07,7.777565,-0.02111816,41.48228,169913.25,6.3326197,0.9835205,90.55227,374864.25,5.452585,-0.025268553,9.288485,38048.25,6.5994687,Ship-Water-Cloud-1.bmp,1008,3696
76.668335,3957.3337,4.0285664e+07,7.785742,-0.048461914,22.512726,92221.75,6.731257,0.98547363,85.43405,353915.75,5.1566133,-0.018432617,6.838466,28011.75,6.8472567,Ship-Water-Cloud-1.bmp,1120,3696
79.21399,4523.78,4.4231216e+07,7.7348623,0.05114746,66.89588,274016.25,6.5956526,1.0545654,136.3367,562990.25,5.73812,0.034301758,18.088728,74096.25,6.6984625,Ship-Water-Cloud-1.bmp,1232,3696
71.78052,4082.6938,3.782712e+07,7.6694064,-0.10668945,155.8934,638586.0,6.8456125,0.9160156,180.05789,740954.0,6.5626965,0.048339844,37.55797,153847.0,6.762678,Ship-Water-Cloud-1.bmp,1344,3696
76.54736,4704.9907,4.3272148e+07,7.6625175,-0.091552734,208.94644,855879.0,6.9141693,0.8972168,233.16716,958350.0,6.5657864,-0.012695307,40.759605,166952.0,6.8485427,Ship-Water-Cloud-1.bmp,1456,3696
77.09314,4723.5283,4.369154e+07,7.665927,0.062377933,255.39168,1.04610025e+06,7.0091534,1.0533447,255.6454,1.0516682e+06,6.6420054,-0.007690415,56.774414,232548.25,6.8359327,Ship-Water-Cloud-1.bmp,1568,3696
76.600586,4774.6533,4.3590876e+07,7.6496058,-0.0925293,278.0227,1.138816e+06,7.0245957,1.2907715,297.67917,1.226118e+06,6.60202,-0.009277329,66.68033,273123.0,6.853022,Ship-Water-Cloud-1.bmp,1680,3696
86.72485,5263.584,5.236648e+07,7.7570534,-0.07373047,96.73553,396251.0,6.758172,1.2033691,157.3876,650591.0,6.0032716,-0.034667972,26.641867,109130.0,6.650303,Ship-Water-Cloud-1.bmp,1792,3696
89.18005,5399.5264,5.469229e+07,7.7824335,-0.12512207,53.827053,220539.75,6.78646,1.0994873,117.76712,487325.75,5.6686664,0.0032958998,16.09441,65922.75,6.918799,Ship-Water-Cloud-1.bmp,1904,3696
85.90369,5858.4473,5.42224e+07,7.670412,-0.12780762,195.10725,799226.25,6.8706646,1.0423584,209.99435,864587.25,6.301426,-0.024291981,40.398888,165476.25,6.7575502,Ship-Water-Cloud-1.bmp,2016,3696
82.80725,5794.356,5.1820124e+07,7.6270475,-0.020141594,238.14505,975443.75,6.922531,1.1177979,253.57593,1.04376475e+06,6.6057696,-0.05773926,46.80495,191726.75,6.8593807,Ship-Water-Cloud-1.bmp,2128,3696
80.34863,5575.4346,4.9280356e+07,7.6031013,0.045654297,202.74792,830464.0,6.9029675,1.0991211,248.09418,1.021142e+06,6.480334,-0.033447273,41.97544,171936.0,6.8031464,Ship-Water-Cloud-1.bmp,2240,3696
70.20447,4938.915,4.0417616e+07,7.5038366,0.1373291,199.98645,819221.75,6.783188,0.789917,160.405,659574.75,6.5669794,0.0015869122,34.782654,142469.75,6.8070087,Ship-Water-Cloud-1.bmp,2352,3696
80.13574,5426.67,4.8531076e+07,7.622564,-0.11987305,202.86601,830998.0,6.8347874,1.017334,170.98431,704591.0,6.471121,-0.047363285,38.105663,156090.0,6.7553,Ship-Water-Cloud-1.bmp,2464,3696
92.06311,6580.4385,6.16696e+07,7.693243,-0.16540527,105.85709,433702.75,6.5441756,1.2523195,174.30978,720396.75,6.1190953,0.027221682,19.797537,81093.75,6.6685305,Ship-Water-Cloud-1.bmp,2576,3696
80.4187,5853.0195,5.046349e+07,7.593621,-0.008056641,200.6347,821800.0,6.7646027,0.99658203,207.96481,855892.0,6.2859817,0.00097656157,33.040768,135335.0,6.74434,Ship-Water-Cloud-1.bmp,2688,3696
83.24597,6039.431,5.3122344e+07,7.5971766,-0.01184082,147.72368,605076.75,6.670745,1.0906982,208.6529,859514.75,6.0597696,-0.024536137,29.826488,122171.75,6.6594563,Ship-Water-Cloud-1.bmp,2800,3696
24.109375,1166.6265,7.159352e+06,6.7310805,0.30444336,27.320524,112284.5,5.8318114,0.28125,33.932007,139309.5,5.459051,0.0007324256,5.9464107,24356.5,6.0323553,Ship-Water-Cloud-1.bmp,2912,3696
21.29773,512.6931,3.9579092e+06,7.330614,-0.024536135,13.737252,56270.25,6.611766,0.22155762,24.92168,102280.25,5.8364186,0.0057373038,3.265409,13375.25,6.6701555,Ship-Water-Cloud-1.bmp,3024,3696
58.28308,3669.3047,2.8943246e+07,7.424158,-0.2923584,56.5452,231959.25,6.5716033,0.6275635,120.81351,496465.25,5.885933,-0.029907223,11.524313,47207.25,6.5430937,Ship-Water-Cloud-1.bmp,3136,3696
95.124756,7979.748,6.974861e+07,7.5784903,0.099121094,81.36236,333300.5,6.6470027,1.4526367,299.50763,1.2354265e+06,5.157625,-0.015380859,15.35096,62878.5,6.6690087,Ship-Water-Cloud-1.bmp,3248,3696
83.70361,5923.037,5.2958544e+07,7.619528,0.012695311,136.13144,557595.0,6.814588,1.2619629,189.146,781265.0,6.3105297,-0.026123047,26.10796,106941.0,6.758908,Ship-Water-Cloud-1.bmp,3360,3696
90.31067,8278.896,6.731741e+07,7.46927,0.30944824,258.0183,1.0572352e+06,6.5579824,1.0350342,229.38019,943929.25,6.317237,-0.002319334,35.5689,145690.25,6.573106,Ship-Water-Cloud-1.bmp,3472,3696
97.843506,13814.742,9.579764e+07,7.164418,0.1357422,408.30872,1.672508e+06,6.083339,1.2121582,330.99524,1.361775e+06,6.2097163,0.076660156,46.082012,188776.0,6.3234873,Ship-Water-Cloud-1.bmp,3584,3696
72.32825,6533.0127,4.8186932e+07,7.2921886,0.20422363,187.35728,767586.25,6.5196247,0.95178217,206.97333,851473.25,6.2076445,-0.025268557,31.595612,129418.25,6.468908,Ship-Water-Cloud-1.bmp,3696,3696
78.50073,6561.031,5.2115024e+07,7.4597025,-0.1899414,202.86615,831087.5,6.7307086,1.2910156,306.74527,1.2632555e+06,6.082134,-0.015380861,36.124157,147965.5,6.692438,Ship-Water-Cloud-1.bmp,3808,3696
94.59204,10527.715,7.977111e+07,7.3197627,0.04248047,195.50186,800783.0,6.699634,1.2844238,305.46545,1.257944e+06,6.1283636,-0.030761728,40.922886,167624.0,6.5440564,Ship-Water-Cloud-1.bmp,3920,3696
63.71643,3855.2627,3.242003e+07,7.525403,-0.008422855,140.7904,576677.75,6.8468018,0.6939697,133.56403,549050.75,6.4537535,0.009643558,28.193207,115479.75,6.8139744,Ship-Water-Cloud-1.bmp,4032,3696
81.54822,5871.912,5.129021e+07,7.584317,-0.15905762,231.3948,947896.75,6.894396,1.2220459,251.23724,1.03518475e+06,6.5701475,0.05871582,39.24966,160780.75,6.8482018,Ship-Water-Cloud-1.bmp,4144,3696
103.5387,9563.0625,8.30805e+07,7.580705,0.10144043,140.45973,575365.25,6.695442,1.3653564,175.40442,726092.25,6.180847,-0.0035400456,24.271044,99414.25,6.5879602,Ship-Water-Cloud-1.bmp,4256,3696
41.029053,2944.3628,1.8955248e+07,6.962339,0.15966797,47.6863,195427.5,6.804886,0.59277344,41.79547,172633.5,6.665341,0.017822271,10.4077635,42631.5,6.794117,Ship-Water-Cloud-1.bmp,4368,3696
51.475952,3676.542,2.591259e+07,7.2117386,-0.30944824,22.168463,91194.25,6.8452168,0.5858154,26.510153,109991.25,6.3538465,-0.01257324,4.678614,19164.25,6.761969,Ship-Water-Cloud-1.bmp,4480,3696
225.17517,42049.82,3.7991907e+08,7.640955,-0.5411377,14.5301075,60714.75,6.6664686,2.4649658,547.37384,2.2669308e+06,4.044169,-0.017456055,2.604859,10670.75,6.768244,Ship-Water-Cloud-1.bmp,4592,3696
250.59204,45102.273,4.4195283e+08,7.7422285,-0.07373047,18.851496,77238.0,6.361056,2.9155273,766.3125,3.173633e+06,4.236782,-0.0061035156,2.3627558,9678.0,6.7869554,Ship-Water-Cloud-1.bmp,4704,3696
296.98462,58707.035,6.017306e+08,7.7974744,-0.27563477,8.185499,33839.0,4.718108,3.7851562,888.8099,3.699251e+06,4.151068,-0.0014648433,0.6479471,2654.0,5.198762,Ship-Water-Cloud-1.bmp,4816,3696
184.36462,31430.277,2.6796272e+08,7.5289016,0.569458,83.208374,342149.75,6.3915215,2.1947021,474.98715,1.9652768e+06,4.6674323,0.0435791,17.772453,72803.75,6.3903713,Ship-Water-Cloud-1.bmp,4928,3696
132.81616,12646.193,1.2405281e+08,7.740279,0.111328125,60.377018,247355.0,6.395306,1.6403807,193.43704,803340.0,5.1547604,0.06591797,19.279346,78986.0,6.5503917,Ship-Water-Cloud-1.bmp,5040,3696
123.392334,11461.529,1.0931076e+08,7.699876,0.13964844,15.681304,64310.5,6.8182054,1.5998535,125.69008,525310.5,4.8144374,0.014648436,5.166411,21162.5,6.561463,Ship-Water-Cloud-1.bmp,5152,3696
107.99158,9185.326,8.5391384e+07,7.6385703,-0.3433838,16.41877,67734.25,6.568357,1.3048095,127.52971,529335.25,4.670601,0.016723631,3.44192,14099.25,6.6682396,Ship-Water-Cloud-1.bmp,5264,3696
241.46472,42110.9,4.113044e+08,7.738,-0.38562012,18.91166,78071.25,6.724764,3.0233154,547.4988,2.2799952e+06,4.2143254,-0.0013427744,2.6138284,10706.25,6.77623,Ship-Water-Cloud-1.bmp,5376,3696
151.48572,20214.645,1.7679386e+08,7.572978,0.5755615,34.851654,144109.25,6.392638,2.2799072,318.4042,1.3254742e+06,4.4022384,-0.002807612,5.4917526,22494.25,6.569384,Ship-Water-Cloud-1.bmp,5488,3696
112.78955,10545.871,9.530309e+07,7.6322002,0.056640625,56.646816,232038.5,6.395968,1.7702637,144.62213,605208.5,5.418147,0.004638673,12.0684595,49432.5,6.435105,Ship-Water-Cloud-1.bmp,5600,3696
127.84912,11459.549,1.13889064e+08,7.753799,-0.13745117,16.129179,66142.5,6.4881597,1.7683105,137.96179,577899.5,4.6640673,-0.0019531269,4.2144737,17262.5,6.524768,Ship-Water-Cloud-1.bmp,5712,3696
147.44678,19483.004,1.6885166e+08,7.577177,0.19213867,28.817085,118186.0,6.2606363,1.8930664,134.62453,566101.0,5.013028,-0.0026855404,7.59301,31101.0,5.977149,Ship-Water-Cloud-1.bmp,5824,3696
88.63037,6472.4863,5.8686788e+07,7.6206145,-0.07788086,90.61576,371187.0,6.224449,1.1723633,192.69199,794896.0,5.942956,0.019775389,27.327,111933.0,6.166002,Ship-Water-Cloud-1.bmp,5936,3696
80.52405,4463.2134,4.484029e+07,7.769459,0.075805664,17.54485,71887.25,6.6605077,1.0235596,66.0742,274931.25,5.1220174,-0.022827148,4.213651,17261.25,6.7523184,Ship-Water-Cloud-1.bmp,6048,3696
81.693115,4463.0625,4.561645e+07,7.791713,0.028320314,15.265554,62531.0,6.807216,1.0488281,79.98201,332112.0,4.9104342,0.0075683603,4.404484,18041.0,6.891059,Ship-Water-Cloud-1.bmp,6160,3696
83.59961,4659.7656,4.7712916e+07,7.793873,-0.022949219,13.991173,57310.0,6.940999,1.0834961,85.136604,353528.0,4.969982,-0.0019531241,5.0314894,20609.0,6.9441953,Ship-Water-Cloud-1.bmp,6272,3696
89.230835,5427.8906,5.4845576e+07,7.7735567,-0.008422852,18.40746,75397.25,6.774208,1.194458,112.34066,465991.25,4.8845053,0.026000975,5.2420607,21474.25,6.840899,Ship-Water-Cloud-1.bmp,6384,3696
76.722046,4776.6987,4.3675532e+07,7.666477,0.06628418,41.68927,170777.25,6.3860483,0.97961426,88.61953,366916.25,5.282978,0.021606445,7.890464,32321.25,6.581151,Ship-Water-Cloud-1.bmp,6496,3696
74.51172,3938.758,3.887413e+07,7.7388096,-0.009033202,15.212931,62312.5,6.452421,0.94506836,72.05203,298783.5,4.9396315,0.0004882822,3.966186,16245.5,6.8693967,Ship-Water-Cloud-1.bmp,6608,3696
79.58191,4250.1943,4.334991e+07,7.788793,0.021850586,13.769115,56400.25,6.877187,0.9906006,82.80098,343172.25,4.932952,-0.013793944,4.998406,20474.25,6.986741,Ship-Water-Cloud-1.bmp,6720,3696
77.374756,4025.9556,4.1012464e+07,7.787266,0.026611328,10.819116,44318.0,6.8981285,1.0100098,74.23671,308252.0,4.863497,0.0012207031,3.5585916,14576.0,6.9121037,Ship-Water-Cloud-1.bmp,6832,3696
185.78613,7317.2373,1.7135093e+08,7.979394,0.0024413764,261.95032,1.0729485e+06,7.011105,-0.026123017,329.0666,1.3478595e+06,7.10182,0.00073242,31.352905,128421.5,7.001775,Ship-water-1.bmp,0,0
242.39099,13548.599,2.9614893e+08,7.95586,-0.4534912,432.59467,1.7727502e+06,7.051052,-0.24963377,482.20923,1.9753842e+06,6.978982,0.05920411,62.384735,255542.25,6.8858433,Ship-water-1.bmp,112,0
208.92883,12558.283,2.3023427e+08,7.8837814,0.2154541,381.5348,1.5629568e+06,7.1459713,-0.050903365,401.86966,1.6460688e+06,7.146179,-0.024047852,46.51596,190531.75,7.0608563,Ship-water-1.bmp,224,0
196.2898,10580.008,2.0115328e+08,7.888369,-0.11645508,362.45544,1.484673e+06,7.059572,0.3203125,395.75018,1.621413e+06,7.0573525,-0.009277329,44.901764,183918.0,6.9701805,Ship-water-1.bmp,336,0
194.90881,8420.683,1.9009587e+08,7.9589224,0.019897461,329.6844,1.3503888e+06,7.026677,-0.05529791,349.32794,1.4308598e+06,6.9613724,-0.010620115,43.80281,179416.75,7.0264087,Ship-water-1.bmp,448,0
221.00171,9064.123,2.3718248e+08,8.027363,0.0793457,266.83453,1.09298e+06,6.898855,-0.28222662,315.65744,1.293259e+06,6.8945293,-0.020996097,37.711227,154467.0,6.7381773,Ship-water-1.bmp,560,0
184.4823,8040.94,1.723378e+08,7.9552855,0.0057373047,289.31436,1.1850318e+06,6.8685513,0.0032959469,290.38055,1.1893988e+06,6.8456154,-0.0123291,37.566925,153874.75,6.6615496,Ship-water-1.bmp,672,0
184.83826,7682.634,1.7140864e+08,7.939278,0.11047365,346.56342,1.4195738e+06,7.1706667,-0.08630377,324.45343,1.3289918e+06,7.0416613,-0.03283692,46.81234,191747.75,7.0257807,Ship-water-1.bmp,784,0
203.67297,10001.168,2.1087782e+08,7.934466,0.16271973,377.65375,1.5469782e+06,7.00515,-0.14343265,379.0835,1.5528102e+06,7.042023,-0.030151367,49.722782,203668.25,6.828948,Ship-water-1.bmp,896,0
193.98096,11681.959,2.019761e+08,7.836669,-0.11376953,378.93408,1.552167e+06,7.005518,-0.17993173,338.0311,1.384708e+06,7.119294,-0.044677746,43.758255,179242.0,6.89642,Ship-water-1.bmp,1008,0
212.8407,11379.148,2.3216256e+08,7.892066,0.21838379,438.05795,1.7944808e+06,6.898967,0.0020751543,317.78094,1.3016308e+06,6.9457793,0.030151354,41.065926,168209.75,7.036547,Ship-water-1.bmp,1120,0
198.87292,10360.6875,2.0443598e+08,7.86876,0.28015137,201.34393,825026.25,7.1200504,0.15783697,256.49347,1.0506992e+06,6.8868055,-0.0076904274,23.787113,97432.25,7.0342827,Ship-water-1.bmp,1232,0
178.30273,7356.3823,1.6035123e+08,7.919524,-0.44262695,269.48254,1.104603e+06,7.1199727,-0.09765626,278.67603,1.141496e+06,7.1767015,-0.020751953,27.889706,114238.0,7.2038555,Ship-water-1.bmp,1344,0
226.50122,9949.405,2.5088904e+08,7.993306,-0.16772461,377.72308,1.547269e+06,7.0390964,0.14697258,327.83997,1.342921e+06,7.0522194,-0.032714836,35.49063,145374.0,7.135913,Ship-water-1.bmp,1456,0
194.59216,7280.9194,1.8492224e+08,7.9880304,0.1439209,266.363,1.0911078e+06,7.2421713,-0.01965338,250.30301,1.02524275e+06,7.1161604,0.009643554,29.356049,120242.75,7.0744395,Ship-water-1.bmp,1568,0
186.59021,6061.376,1.6743334e+08,8.016135,-0.08093262,243.26181,996427.25,7.182545,-0.11169432,242.20927,992140.25,7.0988703,0.008667003,23.43895,96006.25,7.209434,Ship-water-1.bmp,1680,0
204.22925,8627.352,2.0618008e+08,7.9792128,0.075683594,285.99377,1.171454e+06,7.0686827,0.05566415,239.84213,982406.0,7.0171413,0.020263685,24.726395,101281.0,7.0007668,Ship-water-1.bmp,1792,0
214.44458,12493.43,2.395337e+08,7.884972,0.027832024,373.9116,1.531545e+06,7.108287,0.37231445,377.37677,1.546303e+06,6.982724,0.014160159,44.88286,183841.0,7.0117464,Ship-water-1.bmp,1904,0
221.33545,9860.332,2.4104843e+08,7.982098,-0.11743165,304.66528,1.2479655e+06,6.9736032,-0.072021455,304.1944,1.2460015e+06,7.051955,-0.0014648438,34.69665,142117.5,7.041747,Ship-water-1.bmp,2016,0
215.77393,10099.828,2.3207205e+08,7.954466,-0.021240234,290.57913,1.190214e+06,6.811548,0.47558582,330.13806,1.353172e+06,7.0735373,-0.009033209,32.01676,131141.0,6.874646,Ship-water-1.bmp,2128,0
217.17932,11967.314,2.4221357e+08,7.9071693,0.30969238,334.21457,1.3693358e+06,6.976743,0.14636233,369.0144,1.5115708e+06,6.931168,0.020874027,39.76879,162894.75,6.994093,Ship-water-1.bmp,2240,0
218.50049,13702.301,2.5167774e+08,7.8667574,-0.26000977,278.7852,1.142181e+06,7.097631,-0.064697236,263.33783,1.078649e+06,7.105899,0.0058593787,30.351526,124320.0,7.1003036,Ship-water-1.bmp,2352,0
205.39014,9966.127,2.1361147e+08,7.9386544,0.3618164,267.63422,1.096766e+06,6.9963465,-0.010742314,267.66028,1.096337e+06,7.0464625,-0.0073242118,31.607124,129463.0,6.995268,Ship-water-1.bmp,2464,0
229.55566,8534.441,2.5079907e+08,8.056406,-0.19116211,260.98187,1.0691315e+06,6.877332,-0.06445311,249.2699,1.0210265e+06,6.9544277,0.022216797,32.851677,134562.5,6.8804383,Ship-water-1.bmp,2576,0
251.42029,8318.133,2.929881e+08,8.111906,0.013549805,177.64294,727626.25,6.793026,-0.30920416,208.12296,852863.25,6.7646503,0.0052490206,23.19315,94999.25,6.928149,Ship-water-1.bmp,2688,0
179.15991,10041.131,1.72603e+08,7.868922,0.63134766,211.47554,867836.5,6.805747,0.5700684,217.86897,893722.5,6.61946,-0.018554688,22.549095,92362.5,6.8470325,Ship-water-1.bmp,2800,0
87.00989,4190.9297,4.817572e+07,7.272085,0.061401367,64.186844,262924.75,5.4057426,0.048950188,53.590073,219514.75,5.461586,0.0076904334,6.1363544,25134.75,6.1001863,Ship-water-1.bmp,2912,0
189.75342,10572.209,1.9078582e+08,7.8601265,-0.39208984,396.21686,1.623534e+06,7.080728,-0.16162117,366.7693,1.502394e+06,6.991089,0.043457024,40.346016,165265.0,7.066658,Ship-water-1.bmp,0,112
241.53784,14851.471,2.9979443e+08,7.935805,-0.14916994,386.58127,1.583528e+06,7.1639786,-0.18334976,410.3023,1.680736e+06,7.147126,0.027099596,52.364746,214489.0,7.12247,Ship-water-1.bmp,112,112
212.49023,11997.618,2.3408525e+08,7.9074903,-0.07763672,392.2022,1.606485e+06,7.2268295,0.030761696,375.96243,1.539946e+06,7.0914707,0.020507809,44.0633,180485.0,7.0855985,Ship-water-1.bmp,224,112
202.55847,9616.008,2.0744578e+08,7.9447336,0.16906738,315.1352,1.2909108e+06,6.972729,0.007202238,328.01282,1.3435408e+06,6.9723325,0.043579113,40.13427,164397.75,6.896333,Ship-water-1.bmp,336,112
197.03845,7978.0947,1.9170202e+08,8.007606,0.12463379,227.11234,930315.75,6.8569107,0.16125484,256.0274,1.0487948e+06,6.900198,-0.0025634742,30.82,126238.75,6.829117,Ship-water-1.bmp,448,112
209.35156,10397.309,2.2210718e+08,7.9513397,-0.08496094,318.02283,1.302651e+06,7.0952816,0.20800784,326.77023,1.338628e+06,6.977373,-0.007324223,34.848824,142741.0,7.011723,Ship-water-1.bmp,560,112
212.84998,9846.65,2.2590162e+08,7.968095,0.18395996,367.39688,1.5049962e+06,7.0711956,0.10461429,410.0018,1.6794122e+06,6.915012,0.013305678,50.56873,207130.25,6.8993344,Ship-water-1.bmp,672,112
192.77417,8577.443,1.8734829e+08,7.9515505,0.38330078,365.841,1.4990865e+06,7.1644526,0.18017574,385.48694,1.5790875e+06,7.0698614,0.016845705,47.63436,195111.5,7.029432,Ship-water-1.bmp,784,112
174.55994,8514.081,1.596836e+08,7.851879,-0.16223145,267.0537,1.0939598e+06,6.993057,0.2869874,276.8866,1.1344648e+06,7.0181723,-0.005981438,30.787498,126105.75,6.9895353,Ship-water-1.bmp,896,112
210.2284,11406.905,2.277494e+08,7.8987207,-0.11462402,402.3562,1.6481048e+06,7.082999,-0.003539972,367.16254,1.5038978e+06,7.1658835,0.012817389,46.109634,188865.75,7.051676,Ship-water-1.bmp,1008,112
204.89185,9844.941,2.122777e+08,7.9125147,0.06323244,335.13358,1.3727235e+06,7.1636887,-0.046142496,306.18378,1.2541375e+06,7.1207333,-0.0080566555,40.02667,163949.5,7.1742516,Ship-water-1.bmp,1120,112
209.53186,12969.631,2.3295275e+08,7.836246,0.14001465,311.95654,1.2778542e+06,7.0082293,-0.36633307,314.01624,1.2867602e+06,7.0942507,-0.00476075,36.004677,147475.25,7.045385,Ship-water-1.bmp,1232,112
193.3158,6876.212,1.8123658e+08,7.9959826,-0.4937744,275.7454,1.1304518e+06,7.103325,-0.17028806,270.3147,1.1073278e+06,7.1014605,0.005981447,31.592434,129402.75,7.032591,Ship-water-1.bmp,1344,112
248.66663,11887.542,3.019679e+08,7.9982243,-0.20422363,437.03088,1.7902492e+06,7.0668144,-0.22644052,438.3731,1.7957862e+06,7.055064,-0.015747074,55.85064,228765.25,7.027914,Ship-water-1.bmp,1456,112
220.05579,8703.201,2.3399526e+08,8.006667,-0.064331055,352.0086,1.4418442e+06,7.110484,0.02038588,373.0609,1.5280592e+06,7.034043,0.005249031,40.27664,164973.25,7.0567293,Ship-water-1.bmp,1568,112
210.05481,9368.872,2.191028e+08,7.954368,-0.031616207,278.18167,1.1394362e+06,7.020471,-0.14074709,273.98026,1.1223042e+06,7.124923,-0.0045165876,27.263468,111671.25,7.144519,Ship-water-1.bmp,1680,112
216.73108,9440.734,2.3106803e+08,7.9758773,0.303833,260.26666,1.0664302e+06,6.8875146,0.0018311441,323.669,1.3257482e+06,6.893356,0.00085448835,27.963926,114540.25,6.9565954,Ship-water-1.bmp,1792,112
179.9707,5983.7476,1.5717662e+08,8.01463,-0.18774414,204.30801,836990.0,7.129344,-0.01342766,257.1319,1.053213e+06,7.0887203,0.0043945275,22.521221,92247.0,7.213548,Ship-water-1.bmp,1904,112
217.72156,8636.665,2.2953714e+08,8.011129,-0.3433838,387.04816,1.5858322e+06,6.9683976,0.2989502,402.5711,1.6492972e+06,6.966091,0.03674316,47.008472,192552.25,7.0182657,Ship-water-1.bmp,2016,112
195.4143,8469.326,1.911033e+08,7.9454665,0.16918945,307.67926,1.2603715e+06,7.150111,0.011230484,318.3806,1.3040875e+06,6.966773,0.0034179604,38.295517,156858.5,7.040535,Ship-water-1.bmp,2128,112
199.2898,8767.264,1.9858918e+08,7.957078,-0.02075195,266.12677,1.090057e+06,7.155484,-0.15039058,270.47125,1.107943e+06,6.9575815,-0.03857422,31.760717,130098.0,7.032472,Ship-water-1.bmp,2240,112
216.40955,12194.609,2.4177747e+08,7.9174767,-0.37121582,212.2917,870111.25,6.9497757,0.3275147,236.85202,970585.25,6.885804,0.020874025,29.350454,120221.25,6.9101067,Ship-water-1.bmp,2352,112
196.14734,16878.21,2.2672176e+08,7.7419786,0.24353027,187.29207,767391.25,6.674953,0.6026612,252.05264,1.03389525e+06,6.4158974,0.0025634794,23.873343,97785.25,6.7834983,Ship-water-1.bmp,2464,112
164.43054,9373.855,1.4914051e+08,7.8098426,0.04406738,185.94916,761655.75,6.6902957,0.6673584,227.46204,933508.75,6.682846,-0.0072021475,28.79383,117939.75,6.694099,Ship-water-1.bmp,2576,112
143.05212,11054.009,1.290974e+08,7.5903816,0.3277588,95.97211,393541.75,6.3976755,0.76379395,131.67584,541733.75,6.424904,0.00036621373,14.227721,58276.75,6.7008886,Ship-water-1.bmp,2688,112
78.61658,854.7151,2.8816512e+07,7.974222,0.15344238,15.040482,61702.25,6.850446,0.20227051,23.338055,95760.25,6.335075,0.0072021484,3.4482512,14124.25,7.1003866,Ship-water-1.bmp,2800,112
69.023315,125.920654,2.0030008e+07,8.262357,-0.0025634766,10.142876,41545.25,7.0329685,0.041870132,9.901384,40563.25,7.041852,-0.003540041,2.6323729,10782.25,7.2061534,Ship-water-1.bmp,2912,112
198.03088,10180.908,2.0233067e+08,7.8919916,0.032836907,353.55792,1.4481778e+06,7.0447373,0.32556155,376.0939,1.5409148e+06,6.9418488,0.04675294,43.15645,176777.75,6.9523945,Ship-water-1.bmp,0,224
187.1106,11165.887,1.8913797e+08,7.8092194,-0.072265625,333.2178,1.3648815e+06,7.055681,0.15600584,297.06195,1.2168655e+06,7.093053,-0.005859372,36.256435,148506.5,7.1164436,Ship-water-1.bmp,112,224
209.53442,10691.318,2.2362518e+08,7.944837,-0.057861328,318.3122,1.3038205e+06,6.797221,0.1818848,329.4851,1.3497065e+06,6.800276,-0.004638672,39.389015,161337.5,6.708866,Ship-water-1.bmp,224,224
214.3374,9117.329,2.2551696e+08,7.991787,-0.07104492,355.75534,1.4571945e+06,6.9695106,0.2458496,341.1836,1.3977355e+06,6.899135,-0.0029296875,48.721542,199563.5,6.7402506,Ship-water-1.bmp,336,224
193.32507,10037.375,1.941994e+08,7.888777,0.072387695,354.40448,1.4516622e+06,7.2078085,-0.30529785,323.6349,1.3259902e+06,7.1860085,0.019165045,36.37201,148981.25,7.2654138,Ship-water-1.bmp,448,224
199.31787,12721.111,2.1482998e+08,7.851214,-0.1784668,284.20142,1.1642195e+06,6.9380026,-0.48242193,288.42902,1.1823585e+06,6.9237175,-0.009033203,32.85575,134577.5,6.8901644,Ship-water-1.bmp,560,224
197.91492,9458.982,1.9918562e+08,7.93048,-0.20251465,317.38214,1.3001652e+06,6.9745903,-0.20104976,310.44962,1.2717672e+06,6.9705253,0.0023193322,38.78106,158847.25,6.851313,Ship-water-1.bmp,672,224
205.74524,8775.619,2.0933314e+08,7.977571,0.122924805,347.774,1.4245442e+06,7.1622763,-0.032836936,424.78314,1.7399162e+06,7.084002,-0.03405761,51.478638,210861.25,7.1414604,Ship-water-1.bmp,784,224
183.67102,7940.211,1.7070184e+08,7.925532,-0.026245125,312.1797,1.2786908e+06,7.150292,-0.17687981,348.8505,1.4290198e+06,7.1329784,-0.00061035156,37.60907,154046.75,7.1426716,Ship-water-1.bmp,896,224
200.5011,7543.927,1.9556195e+08,7.9958763,0.094360344,322.68524,1.3217552e+06,7.0658484,-0.06726073,314.06122,1.2864132e+06,7.205095,-0.017456055,39.274414,160869.25,7.1305246,Ship-water-1.bmp,1008,224
196.55066,7022.573,1.870018e+08,8.001695,-0.27624512,300.02716,1.2292238e+06,7.1974583,-0.1358641,275.92584,1.1302678e+06,7.2083683,-0.015502928,39.24848,160762.75,7.1024156,Ship-water-1.bmp,1120,224
228.60156,11425.957,2.6085226e+08,7.9617863,-0.17163086,369.38226,1.5131105e+06,7.1970587,0.5185548,411.9988,1.6886485e+06,7.1170206,-0.009033193,48.295208,197817.5,6.9881167,Ship-water-1.bmp,1232,224
250.01001,13497.326,3.1130554e+08,7.9643574,-0.07446289,489.18805,2.003737e+06,7.1150846,-0.21777342,436.65326,1.788726e+06,7.1278677,0.012695311,54.637047,223794.0,7.057774,Ship-water-1.bmp,1344,224
230.60938,10376.42,2.603299e+08,7.9918895,0.12719727,366.73273,1.5022035e+06,7.0618744,0.48730457,349.3017,1.4317125e+06,7.111005,0.031982437,44.030594,180353.5,7.011344,Ship-water-1.bmp,1456,224
235.76624,7964.975,2.6030365e+08,8.07082,0.1168213,255.06561,1.04480475e+06,7.1004577,0.23791504,346.92014,1.4212168e+06,7.1566133,0.0064697284,33.7123,138085.75,7.1494455,Ship-water-1.bmp,1568,224
225.56152,7674.731,2.39832e+08,8.055506,0.06298828,297.86176,1.220058e+06,7.0100656,0.28979492,330.62793,1.354596e+06,7.09485,0.027099608,33.573727,137521.0,7.040534,Ship-water-1.bmp,1680,224
185.43274,5551.4165,1.6358078e+08,8.049558,0.07165527,223.59882,915881.75,7.2318654,0.06506346,228.0018,933912.75,7.24123,0.00036621094,23.729675,97196.75,7.306577,Ship-water-1.bmp,1792,224
209.70764,8961.563,2.1683757e+08,7.9745197,-0.107055664,253.65694,1.03902575e+06,7.1354656,-0.11560055,218.2478,893997.75,7.0861864,0.0018310486,26.609064,108990.75,7.1261973,Ship-water-1.bmp,1904,224
210.80664,10234.846,2.2394587e+08,7.9212346,0.10620118,303.65594,1.243821e+06,7.0654144,0.112548724,297.19363,1.217357e+06,7.090333,0.00976562,31.976467,130976.0,7.090571,Ship-water-1.bmp,2016,224
176.6106,7910.465,1.6016083e+08,7.9062004,0.2397461,228.23537,935087.5,7.0598145,0.4841308,212.8302,872712.5,7.0862,-0.008300779,23.443901,96026.5,7.1669235,Ship-water-1.bmp,2128,224
136.17114,4580.5093,9.471217e+07,7.900279,0.11816407,97.36934,398882.0,7.12702,0.5131836,111.2591,456796.0,7.0262575,-0.021240233,15.480507,63410.0,7.3669333,Ship-water-1.bmp,2240,224
91.62622,1638.6702,4.1099404e+07,7.938962,0.21850586,39.76573,163076.0,6.395178,0.2385254,39.75927,163087.0,6.5850277,-0.008544922,7.4652596,30578.0,6.926796,Ship-water-1.bmp,2352,224
73.586426,83.713104,2.2522572e+07,8.286103,-0.010009765,8.304221,34014.5,6.903386,-0.053222675,10.127905,41495.5,7.1885977,0.0075683594,2.5103188,10282.5,7.1412325,Ship-water-1.bmp,2464,224
76.002686,464.5621,2.5563014e+07,8.09576,-0.061767578,16.443085,67366.5,6.394821,0.13916016,20.973679,85987.5,6.100105,-0.003417968,4.459827,18267.5,6.8369274,Ship-water-1.bmp,2576,224
73.117065,136.8964,2.2458374e+07,8.265883,0.06335449,8.815748,36125.75,7.270957,0.075073265,12.102213,49593.75,7.0539646,0.0047607394,2.8839495,11812.75,7.2021227,Ship-water-1.bmp,2688,224
67.69153,104.06201,1.9194696e+07,8.27084,0.045776367,6.128703,25111.75,7.1712284,0.051147487,8.312997,34060.75,7.081089,-0.001831051,1.5870938,6500.75,7.3540907,Ship-water-1.bmp,2800,224
60.609375,43.134647,1.5223321e+07,8.292489,0.037109375,4.1364393,16948.5,6.973671,-0.003662089,3.6666124,15018.5,7.0035543,-0.0056152344,1.3311452,5452.5,7.2167487,Ship-water-1.bmp,2912,224
197.09387,7825.3096,1.9116566e+08,7.987174,-0.1060791,281.57086,1.1533602e+06,6.9529185,-0.06188962,314.24182,1.2871502e+06,6.890365,0.006713876,35.30934,144627.25,6.9876156,Ship-water-1.bmp,0,336
203.64368,7852.0234,2.0202606e+08,8.013557,-0.06066895,327.48163,1.3413798e+06,6.8767385,0.053100698,372.89703,1.5273978e+06,6.6914334,-0.049682617,43.514313,178244.75,6.6789165,Ship-water-1.bmp,112,336
172.0669,8951.081,1.5793395e+08,7.84028,-0.1364746,330.06464,1.352021e+06,6.8588147,-0.08862299,317.1389,1.299033e+06,6.8355923,0.01318359,37.0738,151855.0,6.7373967,Ship-water-1.bmp,224,336
204.49792,13029.097,2.2465946e+08,7.8453727,-0.16296387,405.18823,1.6597598e+06,6.992261,-0.22448727,393.472,1.6118678e+06,6.9085646,-0.040161137,49.06546,200978.75,6.8554354,Ship-water-1.bmp,336,336
236.66016,16908.125,2.9866458e+08,7.8859,-0.26953125,357.22278,1.463482e+06,6.9414635,0.06591806,364.46002,1.492846e+06,6.9840326,0.002441411,38.886467,159279.0,6.8411684,Ship-water-1.bmp,448,336
229.52966,13675.158,2.7180656e+08,7.934914,0.059692383,241.79645,990412.75,6.9458485,0.35144037,290.53632,1.1905428e+06,6.7970552,-0.023803718,27.582138,112978.75,6.8199024,Ship-water-1.bmp,560,336
225.81543,12586.66,2.6042069e+08,7.9333205,-0.06616211,337.2246,1.38129e+06,7.0890217,0.04931652,330.57593,1.354049e+06,7.0129213,0.016357422,45.863747,187859.0,6.991826,Ship-water-1.bmp,672,336
213.04346,11163.648,2.3163357e+08,7.9130583,0.18774414,383.67993,1.5716975e+06,7.131015,-0.09399423,443.64142,1.8171915e+06,6.99109,-0.004394523,59.95518,245576.5,6.925301,Ship-water-1.bmp,784,336
185.65063,7744.259,1.7289387e+08,7.9247923,-0.484375,281.5255,1.1540895e+06,7.1074786,-0.09521477,300.32336,1.2301615e+06,7.0632143,0.008056645,33.48663,137161.5,7.003461,Ship-water-1.bmp,896,336
210.5979,9305.545,2.1977914e+08,7.963953,0.3371582,346.63486,1.420282e+06,7.07489,-0.18090832,346.66992,1.420094e+06,7.1409397,-0.0017089956,42.136955,172593.0,7.146181,Ship-water-1.bmp,1008,336
242.92627,10890.172,2.863241e+08,7.9980693,-0.3996582,356.06293,1.459088e+06,7.074621,-0.45971677,365.04013,1.49607e+06,7.0713654,0.018066403,46.675213,191183.0,7.07047,Ship-water-1.bmp,1120,336
232.79895,10448.746,2.647822e+08,7.9828377,0.095336914,248.81628,1.01918875e+06,6.9807415,0.16076651,306.19016,1.2542608e+06,7.0552473,-0.0028076204,31.180593,127715.75,6.938076,Ship-water-1.bmp,1232,336
236.76648,9246.952,2.674906e+08,8.020054,0.071899414,259.51407,1.0629908e+06,6.9163017,0.5804443,364.24237,1.4933168e+06,7.050971,-0.02819824,33.125366,135684.75,6.8782444,Ship-water-1.bmp,1344,336
195.87439,6727.534,1.847063e+08,8.020715,0.33654785,250.53741,1.02666525e+06,7.052347,0.06359875,277.96014,1.1385412e+06,7.1587534,-0.005493163,26.200714,107318.25,7.26932,Ship-water-1.bmp,1456,336
196.53943,7666.0,1.8961918e+08,7.975935,-0.44396973,219.21715,898720.75,7.191758,0.29357904,246.03142,1.00809775e+06,7.1158123,0.020141602,23.260765,95277.75,7.2099495,Ship-water-1.bmp,1568,336
221.94873,12156.11,2.5156547e+08,7.9043794,0.06347656,181.17346,742103.0,6.9040103,0.17041016,203.84106,835052.0,6.979947,-0.0068359356,18.090775,74100.0,7.1224833,Ship-water-1.bmp,1680,336
199.21777,7806.2344,1.9453525e+08,7.94397,-0.02832031,140.33209,574803.5,6.9992995,-0.31860346,200.33661,820994.5,6.954791,0.0051269503,17.194921,70430.5,7.072277,Ship-water-1.bmp,1792,336
154.1372,9133.855,1.3472619e+08,7.7209873,0.4790039,117.693535,483012.5,6.6045856,0.9316407,161.84238,666461.5,6.6209474,0.04248047,14.826686,60737.5,6.756619,Ship-water-1.bmp,1904,336
99.51257,2387.9895,5.034288e+07,7.9012976,0.17126465,50.630886,207504.25,6.608122,0.32971185,57.4331,235691.25,6.756076,0.013793945,7.520134,30803.25,7.026078,Ship-water-1.bmp,2016,336
79.07837,665.9839,2.834175e+07,8.102618,0.005126956,25.02878,102518.0,6.6284122,0.17797852,28.616516,117343.0,6.6931543,-0.012939453,5.4270787,22230.0,6.9438934,Ship-water-1.bmp,2128,336
79.50928,154.69827,2.6527432e+07,8.269526,-0.07397461,20.225851,82867.5,6.8669176,-0.022460978,19.848495,81301.5,6.984158,-0.010986326,6.6489277,27234.5,7.049103,Ship-water-1.bmp,2240,336
79.49866,83.32269,2.622816e+07,8.291306,0.035034176,9.846001,40334.25,7.3309345,0.036743168,13.505792,55325.254,7.264188,0.008178711,3.293451,13490.25,7.389606,Ship-water-1.bmp,2352,336
74.04285,79.01678,2.277933e+07,8.28863,0.016479494,8.691685,35602.25,7.321456,-0.031372085,10.287895,42143.25,7.377225,0.0003662128,2.628723,10767.25,7.3791304,Ship-water-1.bmp,2464,336
69.966675,88.90617,2.0415456e+07,8.280643,0.009155276,8.866432,36317.25,7.130756,0.024780262,8.834652,36189.25,7.2834616,-0.0103759775,2.8695817,11754.25,7.401459,Ship-water-1.bmp,2576,336
63.91455,63.210846,1.6991358e+07,8.285749,0.024169922,4.220973,17291.5,7.084847,0.027099608,5.1312237,21020.5,7.1362104,0.009277345,1.3765006,5638.5,7.3292284,Ship-water-1.bmp,2688,336
63.614746,44.693504,1.6758904e+07,8.294792,0.02319336,3.8950918,15956.5,7.213953,-0.0056152446,5.105315,20911.5,7.047221,-0.00439453,1.2464404,5105.5,7.306697,Ship-water-1.bmp,2800,336
60.73474,21.156021,1.5195606e+07,8.305507,0.0052490225,3.2851894,13456.25,7.087947,0.03771975,2.8272514,11586.25,6.933285,0.00012207078,1.069397,4380.25,7.39032,Ship-water-1.bmp,2912,336
214.41663,8441.535,2.2288803e+08,8.018486,-0.18322754,346.57623,1.4197138e+06,6.815523,0.2244874,319.7171,1.3097678e+06,6.7263913,0.052856445,44.248367,181252.75,6.717673,Ship-water-1.bmp,0,448
216.62585,12615.094,2.4388344e+08,7.8867373,-0.15393066,416.46698,1.7059458e+06,7.052132,0.046020404,361.9502,1.4825568e+06,6.904216,0.0543213,43.617836,178670.75,6.9810724,Ship-water-1.bmp,112,448
189.77869,11268.422,1.9367678e+08,7.8226614,0.16882324,377.79907,1.5475818e+06,6.962034,-0.26867664,317.81937,1.3020838e+06,7.0070763,0.01647948,42.14566,172629.75,6.8559623,Ship-water-1.bmp,224,448
202.2738,12112.105,2.1719776e+08,7.8576355,-0.13171387,391.17706,1.6023322e+06,6.957962,0.05651839,347.1536,1.4219542e+06,6.826099,0.04504395,42.61229,174548.25,6.8973956,Ship-water-1.bmp,336,448
202.85022,12839.145,2.211322e+08,7.837044,0.16955566,336.33826,1.3777592e+06,6.954299,0.20861813,351.49097,1.4398852e+06,6.9090943,-0.041381832,37.687313,154374.25,6.8813906,Ship-water-1.bmp,448,448
161.354,5815.6943,1.3046091e+08,7.9479847,-0.13452148,250.85127,1.027561e+06,7.1371117,0.004638627,229.16428,938657.0,7.085476,-0.02587891,24.651188,100974.0,7.12194,Ship-water-1.bmp,560,448
202.82996,7888.717,2.0082158e+08,8.00222,-0.23864748,303.36206,1.2428042e+06,7.2188635,-0.0831298,317.47583,1.3004092e+06,7.141615,-0.03015137,40.187874,164613.25,7.1493053,Ship-water-1.bmp,672,448
215.2948,9781.504,2.2992222e+08,7.9704742,0.08459473,341.70044,1.3996342e+06,7.1387706,-0.22399901,327.38934,1.3411922e+06,7.177664,-0.025512699,42.76772,175179.25,7.057089,Ship-water-1.bmp,784,448
216.39001,8946.998,2.2844062e+08,7.989736,-0.17297363,332.26984,1.3610998e+06,7.211494,-0.12951654,360.13016,1.4751618e+06,7.1786413,-0.026977528,40.590767,166262.75,7.142121,Ship-water-1.bmp,896,448
231.68921,10105.729,2.6126589e+08,7.990703,0.31860352,297.11676,1.217406e+06,7.0327363,0.051757865,320.92358,1.314514e+06,7.0841904,-0.02294922,38.88253,159265.0,7.0245595,Ship-water-1.bmp,1008,448
207.7987,9111.972,2.1418915e+08,7.962246,0.12634277,216.21127,885666.75,7.0240273,0.29260257,266.9961,1.0939668e+06,7.0189056,-0.0067138663,26.406387,108160.75,7.098939,Ship-water-1.bmp,1120,448
181.17737,5736.708,1.5794973e+08,8.019654,-0.2659912,213.10205,873155.75,6.9897532,0.1907959,239.08806,979453.75,6.896679,-0.015747074,24.69769,101162.75,6.8011484,Ship-water-1.bmp,1232,448
197.66528,6360.7407,1.8609072e+08,8.023679,0.023925789,260.07584,1.065273e+06,7.154948,0.32006836,258.3595,1.05866e+06,7.0929494,-0.028808592,30.318996,124190.0,7.1167183,Ship-water-1.bmp,1344,448
200.724,13324.809,2.1960675e+08,7.7686687,-0.15563965,177.69897,727954.25,7.1152277,-0.9210204,190.23944,782695.25,7.21191,0.013793949,19.499868,79872.25,7.231223,Ship-water-1.bmp,1456,448
227.88159,23191.79,3.076989e+08,7.696455,-0.5031738,145.25597,596005.5,6.9067454,-0.20141587,238.50006,977062.5,6.932586,0.008056641,16.935604,69368.5,6.951935,Ship-water-1.bmp,1568,448
241.71814,23590.621,3.3594688e+08,7.74603,0.07873535,120.95114,495441.25,6.796622,0.30212402,216.90195,888804.25,6.83957,0.010864254,14.290959,58536.25,6.803998,Ship-water-1.bmp,1680,448
172.44458,21808.48,2.1113083e+08,7.3735714,0.65185547,79.978645,329333.0,6.3628874,0.7368164,128.7723,529675.0,6.278388,-0.0041503925,11.732161,48055.0,6.641934,Ship-water-1.bmp,1792,448
76.60693,271.33243,2.5149256e+07,8.209176,0.06689453,14.255412,58408.5,7.0226507,0.086181656,12.088155,49543.5,7.142905,0.012451169,3.934781,16117.5,7.100468,Ship-water-1.bmp,1904,448
73.54236,88.500336,2.2515624e+07,8.28401,-0.043090817,8.189122,33550.25,7.043976,0.034301743,9.758406,39975.25,7.0320396,0.0074462895,2.4423883,10004.25,7.191975,Ship-water-1.bmp,2016,448
76.6853,87.73837,2.444646e+07,8.287429,0.0087890625,11.346846,46477.0,6.9948673,-0.07519533,11.538536,47285.0,7.277641,0.0026855469,3.460442,14174.0,7.2111073,Ship-water-1.bmp,2128,448
75.85608,77.21457,2.3885248e+07,8.290672,-0.04284668,9.570368,39207.75,7.2524915,0.022582993,10.969645,44933.75,7.2650857,-0.00036621,3.4594111,14169.75,7.3374033,Ship-water-1.bmp,2240,448
70.127686,82.32672,2.0480896e+07,8.283931,0.01928711,5.4341984,22260.0,7.3106685,0.103515625,8.170925,33512.0,7.1519446,0.002441405,2.049066,8393.0,7.313883,Ship-water-1.bmp,2352,448
67.81726,67.64294,1.911531e+07,8.28779,-0.021362303,6.2466755,25588.25,7.3277864,-0.003784189,7.3193827,29980.25,7.3771496,-0.021606447,2.0376801,8348.25,7.40477,Ship-water-1.bmp,2464,448
67.66504,413.6253,2.044798e+07,8.078596,-0.051757812,13.190434,54039.0,5.4225497,-0.08764647,22.696909,92998.0,4.866005,0.0075683594,3.092228,12666.0,6.627015,Ship-water-1.bmp,2576,448
67.637695,474.96484,2.0684074e+07,8.028154,0.02368164,12.21831,50048.5,4.754938,-0.089355454,19.151316,78476.51,4.5063643,-0.010498047,2.1413693,8771.5,6.107155,Ship-water-1.bmp,2688,448
62.841675,30.12954,1.6298826e+07,8.301784,0.03137207,2.4492722,10036.25,7.2313437,0.025756828,2.718636,11138.25,7.138976,0.0015869145,0.88531244,3626.25,7.415859,Ship-water-1.bmp,2800,448
62.830933,85.25835,1.6519105e+07,8.264025,0.012817384,4.4193296,18102.25,6.3328114,-0.072631836,5.5787706,22872.25,4.871464,0.0076904297,1.3002949,5326.25,6.6772776,Ship-water-1.bmp,2912,448
192.14417,7071.843,1.8018805e+08,7.97986,0.1365967,309.90936,1.2694652e+06,7.0357943,-0.16882326,315.4806,1.2923252e+06,6.907361,0.012084963,34.63639,141871.25,7.0501747,Ship-water-1.bmp,0,560
217.79395,11150.565,2.3996322e+08,7.937925,-0.1616211,391.21497,1.6025235e+06,7.0580974,0.14648442,403.73697,1.6537945e+06,7.01781,-0.017089847,46.7491,191485.5,6.895357,Ship-water-1.bmp,112,560
181.4884,7144.051,1.6417626e+08,7.951599,0.67492676,288.30368,1.1827578e+06,7.0634804,0.0052490756,248.30289,1.01704875e+06,7.01003,0.0047607366,27.932045,114409.75,7.164266,Ship-water-1.bmp,224,560
223.48706,13842.526,2.6127971e+08,7.8929763,-0.32763672,428.34894,1.754957e+06,7.0720034,-0.07446289,347.48883,1.423337e+06,6.828649,-0.0009765634,33.075928,135479.0,7.031935,Ship-water-1.bmp,336,560
183.32336,7080.935,1.6665965e+08,7.9474087,0.29699707,260.02588,1.0654272e+06,6.9459176,-0.13659662,303.9416,1.2450212e+06,7.0813875,0.0045166034,26.616497,109021.25,7.0134487,Ship-water-1.bmp,448,560
188.53406,10773.848,1.8972237e+08,7.8077116,0.0513916,391.98926,1.6055988e+06,6.9850874,0.045532107,398.39923,1.6318518e+06,6.931173,0.012573244,57.18875,234245.75,6.8004255,Ship-water-1.bmp,560,560
188.82996,8028.5986,1.789352e+08,7.9346957,-0.084106445,346.64227,1.4198758e+06,7.0515313,0.0064697266,333.32803,1.3653118e+06,7.021084,0.017211905,46.413948,190112.75,6.89102,Ship-water-1.bmp,672,560
220.19678,10800.131,2.4283854e+08,7.944319,-0.38134766,296.97546,1.217007e+06,7.1783123,-0.3916017,359.6733,1.47385e+06,7.121954,0.018554688,38.24453,156651.0,6.988722,Ship-water-1.bmp,784,560
219.05139,7884.034,2.2883347e+08,8.038384,0.2623291,210.7551,863534.75,7.2784214,0.22888184,227.84818,933480.75,7.3031683,-0.0015869173,26.717464,109434.75,7.2501388,Ship-water-1.bmp,896,560
183.91882,5727.5312,1.620118e+08,8.035557,-0.036987297,256.00943,1.0486202e+06,7.2551546,0.19055176,225.20203,922576.25,7.2708273,0.009155278,30.583961,125272.25,7.256175,Ship-water-1.bmp,1008,560
177.81335,7879.714,1.6178096e+08,7.922314,0.17224121,241.59369,989689.25,7.0461025,-0.13049316,233.0907,954809.25,7.049567,0.014526367,30.163912,123552.25,6.9348373,Ship-water-1.bmp,1120,560
130.37561,8489.174,1.0439464e+08,7.708006,-0.21984863,109.93415,450488.25,7.022403,0.29235834,114.088165,467655.25,7.064472,-0.006225583,11.21096,45920.25,7.1760864,Ship-water-1.bmp,1232,560
225.71167,17756.354,2.8140384e+08,7.7618628,0.00097657,197.10583,807345.5,7.1024323,-0.022705019,239.20786,979797.5,6.9881325,-0.0034179701,20.512074,84017.5,7.1233044,Ship-water-1.bmp,1344,560
191.51013,24652.875,2.512036e+08,7.457679,0.030883789,128.30612,525545.75,6.515976,0.7777101,185.46127,762126.75,6.558873,0.025512688,16.59133,67960.75,6.734177,Ship-water-1.bmp,1456,560
120.46057,11749.442,1.0756174e+08,7.09245,0.31262207,34.969467,143635.25,5.5487833,1.0821533,84.34145,350259.25,5.6093173,0.026489258,6.236176,25546.25,5.980976,Ship-water-1.bmp,1568,560
82.51636,1211.8121,3.2853038e+07,7.8203125,0.13208008,13.818493,56672.0,5.7362685,0.4025879,21.286655,87854.0,5.2664986,0.00415039,2.7377758,11214.0,5.9819183,Ship-water-1.bmp,1680,560
72.76135,62.67504,2.194182e+07,8.292133,0.03259277,8.610815,35274.25,7.0652623,-0.034057632,8.15979,33427.25,6.8997183,0.010131837,2.4062083,9856.25,7.1788454,Ship-water-1.bmp,1792,560
74.33765,101.31397,2.3049828e+07,8.278566,-0.037109375,9.877527,40464.0,7.054568,-0.02416988,9.681789,39659.0,6.9090037,0.0009765627,2.97119,12170.0,7.1636667,Ship-water-1.bmp,1904,560
77.245605,88.20456,2.480164e+07,8.287733,-0.062255856,7.5180964,30810.0,7.225134,0.0053711142,8.9255085,36559.0,7.3394375,-0.0061035156,2.2734003,9312.0,7.30453,Ship-water-1.bmp,2016,560
79.77136,115.37209,2.6537338e+07,8.281551,0.033081055,9.862247,40400.25,6.846763,-0.022583049,11.310587,46330.25,6.968892,-0.0040283212,3.5781696,14656.25,6.6179433,Ship-water-1.bmp,2128,560
71.39197,54.50462,2.1099796e+07,8.2961235,0.03161621,6.3513565,26019.25,7.236742,0.014282232,7.206644,29519.25,7.333873,0.0050048833,2.6628776,10907.25,7.398886,Ship-water-1.bmp,2240,560
65.166016,43.353912,1.757169e+07,8.296968,0.038330078,3.8875685,15929.5,7.334408,0.039794937,5.442875,22300.5,7.370341,-0.001953125,1.4569054,5967.5,7.443685,Ship-water-1.bmp,2352,560
62.000244,65.45825,1.6013265e+07,8.285409,-0.0061035184,6.082238,24913.0,6.544626,0.07812502,6.2419434,25592.0,6.6949887,-0.008789063,1.9349812,7926.0,7.1753116,Ship-water-1.bmp,2464,560
99.2699,8132.5557,7.367502e+07,7.2121143,-0.055541992,84.41666,345783.25,5.56497,-0.0030517876,132.46051,542558.25,5.5226774,-0.026245125,16.177597,66266.25,5.7697754,Ship-water-1.bmp,2576,560
67.7511,1343.6583,2.4305132e+07,7.597654,0.21594238,22.78534,93519.75,4.52332,-0.0091552865,25.714212,105325.76,4.530768,-0.007690431,2.670046,10936.75,5.5132723,Ship-water-1.bmp,2688,560
63.715088,128.23047,1.7153404e+07,8.243801,-0.06982422,5.4671702,22413.5,6.019502,-0.021728512,4.0233316,16481.5,6.246009,0.0053710933,1.1827102,4844.5,7.1002374,Ship-water-1.bmp,2800,560
130.48877,11044.383,1.1498168e+08,7.479227,-0.85498047,106.20857,438024.5,6.3896766,-0.4221192,98.29777,403357.5,6.180644,-0.0002441425,13.471802,55180.5,6.335987,Ship-water-1.bmp,2912,560
180.19263,8470.463,1.6768962e+08,7.876979,0.32958984,300.90662,1.2329585e+06,7.1188726,0.06127938,312.93875,1.2818125e+06,7.069277,0.0043945312,38.144142,156238.5,7.011336,Ship-water-1.bmp,0,672
155.30396,5654.1313,1.2195205e+08,7.9047575,-0.3010254,227.36714,931667.0,7.139761,0.27709967,192.42348,788481.0,7.1680403,0.006591794,23.565876,96526.0,7.133633,Ship-water-1.bmp,112,672
171.8706,7140.893,1.5024291e+08,7.9060936,-0.1850586,311.41714,1.275705e+06,7.152734,-0.17285152,280.76526,1.150137e+06,7.112513,-0.0034179655,30.663805,125599.0,7.209862,Ship-water-1.bmp,224,672
191.24866,8447.198,1.8441522e+08,7.930748,-0.061645508,287.9809,1.1795852e+06,7.0016346,-0.26574707,299.67627,1.2277632e+06,6.84335,-0.01599121,27.209276,111450.25,6.9490457,Ship-water-1.bmp,336,672
172.90833,6469.4297,1.4895808e+08,7.961214,0.2857666,248.09332,1.01652475e+06,7.0496445,0.01354979,257.64526,1.0553158e+06,7.182794,0.0155029325,23.560247,96503.75,7.141475,Ship-water-1.bmp,448,672
189.9563,7592.573,1.7889677e+08,7.964078,-0.2890625,254.41264,1.0424165e+06,7.1852965,-0.22387698,249.82182,1.0234755e+06,7.118909,0.005371096,29.07602,119095.5,7.077565,Ship-water-1.bmp,560,672
235.3966,10583.472,2.7031565e+08,7.9959087,0.12487793,243.47824,997350.75,7.107217,-0.026489288,246.02292,1.00771275e+06,7.0317464,0.007934581,31.317501,128276.75,6.943407,Ship-water-1.bmp,672,672
213.89014,10630.679,2.3093114e+08,7.928328,-0.2097168,192.10739,787052.0,7.0471063,0.05249019,214.71965,879503.0,7.1599336,0.0073242076,21.501413,88070.0,7.165403,Ship-water-1.bmp,784,672
185.69739,6767.167,1.6896282e+08,7.9604383,0.2593994,206.12393,844559.25,7.0437655,0.034057505,229.19814,938800.25,7.0469947,0.0047607347,23.037148,94360.25,7.151657,Ship-water-1.bmp,896,672
160.20789,1775.8868,1.1240429e+08,8.178785,0.012084957,111.58206,457040.75,7.135504,-0.15246585,104.269424,427182.75,7.0503225,0.008666998,14.122421,57845.75,7.3456416,Ship-water-1.bmp,1008,672
226.45886,21303.865,2.9731834e+08,7.702589,-0.21594238,107.83649,441889.25,6.3191338,-1.0858154,106.68776,441822.25,6.460936,0.016235346,8.92802,36570.25,6.6463447,Ship-water-1.bmp,1120,672
200.19385,19895.717,2.456506e+08,7.630081,0.3869629,206.41776,846100.5,6.7641506,-0.2937011,195.1497,799686.5,6.800631,-0.026855465,17.592175,72060.5,6.8953795,Ship-water-1.bmp,1232,672
123.414795,9282.906,1.0040982e+08,7.3325796,0.37402344,83.00121,340546.0,6.4299555,0.90454113,95.81511,395810.03,6.362019,0.010253902,10.101702,41377.0,6.7493806,Ship-water-1.bmp,1344,672
77.46387,51.2244,2.478848e+07,8.300562,-0.009765625,7.249781,29695.5,7.293884,0.009521492,6.565706,26893.5,7.3291693,-0.011474612,1.9492091,7984.5,7.420803,Ship-water-1.bmp,1456,672
77.48828,50.28416,2.4800124e+07,8.300595,0.013671875,5.3827467,22048.5,7.248909,0.050292984,5.4870954,22485.5,7.32434,0.0024414062,1.4144225,5793.5,7.433756,Ship-water-1.bmp,1568,672
74.583984,58.039337,2.3022838e+07,8.296483,0.018066404,7.075601,28983.0,7.165044,0.024169916,6.7103534,27488.0,7.2764745,0.007080079,1.680858,6885.0,7.3275843,Ship-water-1.bmp,1680,672
75.03711,76.23397,2.337506e+07,8.290226,-0.021484375,9.28689,38041.0,7.248411,-0.032226548,8.573669,35122.0,7.193529,0.0068359347,2.587111,10597.0,7.3224554,Ship-water-1.bmp,1792,672
75.829834,88.32077,2.3914432e+07,8.287998,0.022705078,8.441257,34577.5,7.0999713,-0.047119096,11.477394,47020.5,6.3109765,-0.0070800795,2.530101,10363.5,7.2305923,Ship-water-1.bmp,1904,672
79.031006,100.32546,2.599414e+07,8.286673,-0.036865234,7.3052807,29928.0,7.215211,0.017822277,9.837818,40297.0,6.976612,-0.0065917936,2.3446832,9604.0,7.29097,Ship-water-1.bmp,2016,672
85.992676,2267.504,3.957655e+07,7.592732,0.048583984,25.094563,102797.0,5.8033967,-0.4174805,52.79862,216977.0,5.3035345,0.012451168,7.3872967,30259.0,6.072199,Ship-water-1.bmp,2128,672
70.88916,63.98234,2.084559e+07,8.291731,0.035888672,5.5153136,22596.0,7.2728353,0.013916027,6.23174,25526.0,7.308706,0.022949219,2.1322856,8736.0,7.310842,Ship-water-1.bmp,2240,672
63.86133,53.931087,1.6925492e+07,8.288755,0.02246094,3.4690995,14211.5,7.0386558,-0.0014648493,5.2437725,21478.5,6.840699,-0.0043945312,1.2376513,5069.5,7.344575,Ship-water-1.bmp,2352,672
62.18225,37.05694,1.5989512e+07,8.297548,0.0013427744,3.8872654,15922.25,7.2531505,0.009399398,3.788547,15518.25,7.236725,-0.012817383,1.5118594,6193.25,7.477524,Ship-water-1.bmp,2464,672
61.42798,15.430853,1.5519037e+07,8.309472,0.0126953125,2.546225,10430.0,7.447516,0.026367197,2.5181036,10317.0,7.4124074,-0.005126954,1.1864972,4860.0,7.480047,Ship-water-1.bmp,2576,672
61.761963,44.05821,1.5804818e+07,8.292437,-0.0009765633,2.8944077,11855.5,6.455288,0.022460941,2.9053793,11902.5,6.7237377,0.0012207049,0.7830796,3207.5,7.3300734,Ship-water-1.bmp,2688,672
129.14014,9038.551,1.0533161e+08,7.586334,-0.515625,45.775513,188585.5,6.5831585,-0.35717776,41.475327,170405.5,6.6099987,-0.025146484,4.9142847,20131.5,6.9036493,Ship-water-1.bmp,2800,672
167.84436,6889.445,1.4361056e+08,7.9196453,0.0357666,128.16101,524952.75,7.112893,0.0765381,104.20722,426856.75,7.1849604,-0.0040283212,11.815108,48394.75,7.2259326,Ship-water-1.bmp,2912,672
213.01843,11533.541,2.3310498e+08,7.909733,0.40686035,398.91217,1.6346222e+06,7.0497184,-0.30383298,403.8775,1.6546602e+06,7.083391,-0.05212403,57.153595,234112.25,6.8733463,Ship-water-1.bmp,0,784
158.41638,4208.128,1.2002869e+08,8.01674,-0.21936035,150.78897,617828.75,7.2826567,-0.009399436,165.90463,679545.75,7.081505,-0.028930672,16.673418,68297.75,7.1769104,Ship-water-1.bmp,112,784
186.47583,7283.4355,1.7226413e+08,7.959374,-0.17333984,303.71338,1.244133e+06,7.2135105,-0.072509706,253.68982,1.039135e+06,7.1035824,-0.0048828106,32.18479,131829.0,7.1883593,Ship-water-1.bmp,224,784
187.41797,7895.767,1.7621507e+08,7.9388447,0.20654298,370.492,1.51771e+06,7.068881,-0.29907227,319.56046,1.309286e+06,6.7870255,-0.009033203,31.400064,128615.0,7.041005,Ship-water-1.bmp,336,784
183.4126,7560.6426,1.6875858e+08,7.943315,0.0063476562,217.34308,890237.5,7.2048774,-0.22119145,244.41943,1.0013425e+06,7.1700954,0.0048828097,20.07212,82215.5,7.2590795,Ship-water-1.bmp,448,784
187.81946,7805.778,1.7646357e+08,7.941525,-0.15026855,169.74579,695371.25,7.2844524,0.18029785,195.17653,799576.25,7.2742386,-0.0145263625,20.566746,84242.25,7.336447,Ship-water-1.bmp,560,784
167.93494,11940.086,1.6442256e+08,7.6729555,0.24597168,220.63611,903973.25,7.13678,0.41760248,244.92088,1.00391025e+06,6.9463015,-0.016967773,31.187761,127746.25,6.511653,Ship-water-1.bmp,672,784
157.91931,17921.736,1.7555557e+08,7.4239817,0.28186035,315.6705,1.2933118e+06,6.538621,0.6324462,361.94592,1.4841688e+06,6.427509,0.014526359,48.682346,199403.75,6.2902794,Ship-water-1.bmp,784,784
86.0011,7312.516,6.024686e+07,6.9320183,0.21496582,58.676506,240528.25,5.9108043,0.6246338,79.98807,329229.25,6.0375805,0.013793944,6.9197927,28344.25,6.134082,Ship-water-1.bmp,896,784
104.88672,8217.384,7.8719416e+07,7.234946,-0.5280762,78.2442,321630.5,6.167307,0.28100586,115.21315,472236.5,6.134834,-0.001953126,9.78381,40074.5,6.477233,Ship-water-1.bmp,1008,784
219.19702,31248.66,3.2479635e+08,7.5195074,-0.122802734,74.09503,303555.0,6.1517453,1.2507324,122.55505,508393.0,6.074423,-0.019287115,9.8753605,40451.0,6.220843,Ship-water-1.bmp,1120,784
112.46045,10468.148,9.4681096e+07,7.055724,0.46606445,36.139595,148917.5,5.802782,0.6291504,44.596237,184287.5,5.8082685,-0.0029296875,5.7452297,23532.5,6.174103,Ship-water-1.bmp,1232,784
73.41565,72.49001,2.2373776e+07,8.290684,-0.014526367,9.779758,40058.75,7.1854644,0.026733395,7.692828,31512.75,7.3195047,0.0057373038,2.5008826,10243.75,7.3277082,Ship-water-1.bmp,1344,784
73.000244,63.378784,2.208733e+07,8.293877,0.0053710956,5.7361774,23495.5,7.312914,0.03417971,5.683524,23284.5,7.2919154,0.005126952,1.4908185,6106.5,7.3974648,Ship-water-1.bmp,1456,784
70.86182,41.53779,2.073778e+07,8.300961,0.04345703,3.6965978,15149.0,7.272957,0.04248045,3.4435077,14112.0,7.297599,0.011718748,1.0335541,4234.0,7.3923054,Ship-water-1.bmp,1568,784
68.35034,36.725403,1.9285994e+07,8.301605,-0.015380859,3.153572,12918.0,7.3461447,0.0034179287,3.0886111,12651.0,7.297223,0.0053710938,0.9928909,4067.0,7.3583183,Ship-water-1.bmp,1680,784
110.52698,13485.549,1.0527442e+08,6.8885894,-0.29016113,116.36997,476996.25,5.3782434,-0.016967773,201.2195,824196.25,4.953066,0.024291992,36.31539,148750.25,5.219823,Ship-water-1.bmp,1792,784
113.72693,13149.497,1.0683725e+08,6.9410753,0.23693848,78.42426,321455.75,5.4439855,-0.0030516982,148.82489,609586.75,5.067094,0.017700203,20.067253,82196.75,5.2062335,Ship-water-1.bmp,1904,784
126.31787,16143.296,1.3147955e+08,7.0630803,-0.2626953,79.79941,327141.0,5.7252064,0.048584014,180.77376,740459.0,5.748247,-0.0007324158,18.448973,75567.0,5.94067,Ship-water-1.bmp,2016,784
102.64148,9872.357,8.3589656e+07,6.9358816,0.32409668,43.59912,179012.25,5.5749674,0.072876,93.20276,381780.25,5.28175,0.010375978,10.971635,44940.25,5.733737,Ship-water-1.bmp,2128,784
69.30286,34.558487,1.9814172e+07,8.303085,0.0013427716,3.7966895,15551.25,7.347027,-0.006957992,4.575452,18741.25,7.387165,0.013305664,1.5565246,6376.25,7.474153,Ship-water-1.bmp,2240,784
68.04651,46.76999,1.9157392e+07,8.297375,0.0123291025,4.2986155,17607.75,7.371645,-0.027709998,5.2423353,21475.75,7.386559,-0.00036621233,1.4606321,5982.75,7.466849,Ship-water-1.bmp,2352,784
62.009277,41.385048,1.591925e+07,8.295944,-0.018554688,4.4814663,18357.5,7.218065,-0.035400383,4.4546795,18251.5,7.2549553,0.0007324223,1.6624749,6809.5,7.429776,Ship-water-1.bmp,2464,784
80.4032,1291.2314,3.1768188e+07,7.9607744,-0.18859863,27.592545,113164.75,6.7114806,-0.21520993,30.291027,124261.75,6.674573,0.008422852,4.293569,17586.75,7.14729,Ship-water-1.bmp,2576,784
105.89844,1473.8693,5.197147e+07,8.104677,-0.047851562,47.90811,196241.0,7.100012,-0.24877928,52.76941,216397.0,7.0624895,0.0046386723,5.94407,24347.0,7.2897673,Ship-water-1.bmp,2688,784
157.2091,2067.8892,1.09701496e+08,8.1619005,-0.3043213,69.76683,286144.25,7.1059623,-0.009399392,44.25388,181264.25,7.12014,-0.005737303,7.2964144,29886.25,7.3404503,Ship-water-1.bmp,2800,784
150.6178,3441.796,1.070183e+08,8.049786,0.10412598,122.485916,501746.75,7.1265635,-0.14733888,94.45797,386988.75,7.103448,-0.009643559,9.365324,38360.75,7.381478,Ship-water-1.bmp,2912,784
216.92053,10546.112,2.359322e+08,7.9540367,-0.06677246,359.29065,1.4716728e+06,7.028488,0.14392099,373.53757,1.5300948e+06,6.9041157,-0.018188482,47.15781,193159.75,6.9540315,Ship-water-1.bmp,0,896
199.70764,8014.035,1.9618685e+08,7.9817333,-0.06262207,275.6585,1.1291132e+06,7.0837927,-0.260376,280.5089,1.1492422e+06,7.102914,0.010375974,33.78975,138403.25,7.0482206,Ship-water-1.bmp,112,896
212.27441,9892.684,2.2508794e+08,7.949262,0.3972168,314.0921,1.2871675e+06,7.0969486,0.15380864,324.55435,1.3294715e+06,7.1969914,-0.004638675,38.063576,155908.5,7.034806,Ship-water-1.bmp,224,896
205.86414,11824.459,2.2202163e+08,7.852565,0.11462402,263.1167,1.0777798e+06,6.912997,-0.2142334,337.79095,1.3837798e+06,6.91928,0.0025634812,25.64666,105048.75,7.100281,Ship-water-1.bmp,336,896
193.74878,11138.777,1.993825e+08,7.8454475,0.5371094,236.30614,969091.5,6.997705,-0.19873044,278.1784,1.1395805e+06,7.052821,0.03588867,24.642387,100940.5,7.0343165,Ship-water-1.bmp,448,896
209.682,17026.984,2.4982949e+08,7.782337,-0.11437988,290.75247,1.1909758e+06,6.780978,-0.07458496,304.4165,1.2469128e+06,6.823437,0.014770504,48.5444,198838.75,6.5062075,Ship-water-1.bmp,560,896
111.849976,9797.541,9.137341e+07,7.218153,0.5128174,169.157,693944.25,5.9200344,0.30505368,144.25636,591255.25,6.0658073,0.009887692,17.200157,70452.25,6.3490443,Ship-water-1.bmp,672,896
70.51099,686.8131,2.3177676e+07,7.93791,-0.012695307,40.01839,163916.0,4.464007,0.07397461,50.66128,207531.0,4.156488,0.017089844,5.8646975,24023.0,5.1089187,Ship-water-1.bmp,784,896
67.480225,129.16574,1.918053e+07,8.260782,0.0014648438,8.417844,34479.5,6.9780993,-0.04125975,8.638069,35388.5,6.2685823,0.0029296856,2.2491364,9212.5,7.0520296,Ship-water-1.bmp,896,896
70.26001,137.81229,2.0784256e+07,8.259512,-0.08129883,11.754132,48172.0,5.7733636,0.050781265,7.0152435,28745.0,6.903455,-0.00732422,2.5929637,10621.0,6.645392,Ship-water-1.bmp,1008,896
67.06384,75.43947,1.8731e+07,8.283295,0.03112793,3.8920364,15945.75,7.299526,0.07653807,4.091982,16784.75,7.1924505,0.009643557,1.1080003,4538.75,7.29703,Ship-water-1.bmp,1120,896
63.577515,52.86063,1.6772961e+07,8.291086,0.0057373056,4.5356727,18578.25,7.25486,0.041625973,4.0730352,16690.25,7.249417,-0.0028076177,1.396049,5718.25,7.4115114,Ship-water-1.bmp,1232,896
83.523926,7193.8574,5.8040744e+07,6.793826,-0.24853516,51.577637,211515.0,5.190815,-0.032226555,65.322205,267564.0,5.184028,0.007324217,7.6574173,31365.0,5.560481,Ship-water-1.bmp,1344,896
127.23865,16367.9375,1.33355976e+08,7.1139207,0.24084473,59.500404,243951.25,5.9703436,-0.020385832,129.2804,529534.25,5.865067,-0.005493158,7.379425,30226.25,6.2379794,Ship-water-1.bmp,1456,896
70.72693,412.62476,2.2179526e+07,8.077029,0.13781738,9.17101,37642.25,4.994588,-0.028442414,9.8207855,40229.25,4.794075,0.0035400395,1.3457515,5512.25,6.545224,Ship-water-1.bmp,1568,896
70.21008,63.931755,2.0452916e+07,8.290941,-0.029663086,4.3785753,17938.25,7.099457,-0.028686538,4.2431345,17383.25,7.013216,-0.0057373038,1.206571,4942.25,7.366429,Ship-water-1.bmp,1680,896
73.93579,101.49625,2.2806518e+07,8.276152,-0.0390625,7.0352173,28822.5,6.805354,0.062499993,7.7215576,31643.5,6.407096,0.0100097675,2.06594,8462.5,7.24412,Ship-water-1.bmp,1792,896
75.63049,76.18152,2.3741044e+07,8.2903805,0.01086426,4.3499184,17817.75,7.1961875,-0.015747078,5.539242,22689.75,7.1300697,-0.0069580087,1.4708377,6024.75,7.373942,Ship-water-1.bmp,1904,896
86.70325,2378.5754,4.0534132e+07,7.6467524,-0.15270996,35.12823,143980.75,5.576667,-0.06774903,56.15575,230032.75,5.504554,0.010864256,7.1597333,29326.75,6.0042005,Ship-water-1.bmp,2016,896
90.644775,3151.905,4.6564884e+07,7.60522,0.08154297,26.994204,110595.5,6.2206078,-0.0065918267,59.380695,243223.5,5.8366675,0.0,6.873413,28153.5,6.660015,Ship-water-1.bmp,2128,896
68.15527,47.345882,1.9220428e+07,8.297145,-0.0039062505,3.6187592,14822.5,7.405815,0.029541004,4.708722,19290.5,7.412981,0.014404298,1.4913696,6109.5,7.4593887,Ship-water-1.bmp,2240,896
71.66101,766.1342,2.4172276e+07,8.008011,-0.045043945,21.3098,87293.25,6.365316,-0.12243654,25.74069,105495.25,6.4057236,0.0074462877,3.778814,15478.25,6.8741713,Ship-water-1.bmp,2352,896
92.53137,1794.8845,4.2422024e+07,7.9786997,0.009155273,83.048325,340166.25,7.1183143,-0.122192375,75.044945,307445.25,7.1242456,-0.010131832,10.868122,44516.25,7.265843,Ship-water-1.bmp,2464,896
119.683105,1818.9231,6.61216e+07,8.121055,-0.11254881,96.65714,395959.5,7.38468,-0.15869139,86.490555,354368.5,7.3918886,-0.015869137,10.412712,42651.5,7.499346,Ship-water-1.bmp,2576,896
151.05981,1398.1116,9.919357e+07,8.202393,-0.03784179,50.427643,206557.5,7.108967,-0.12377927,48.156433,197311.5,7.1616473,-0.0017089861,6.0550504,24801.5,7.4253163,Ship-water-1.bmp,2688,896
201.02954,5853.103,1.8950546e+08,8.047431,-0.28320312,132.79114,544241.0,6.9849997,0.021484375,132.7952,543931.0,6.886981,-0.021728512,14.120621,57840.0,7.0942664,Ship-water-1.bmp,2800,896
157.44104,5856.6284,1.2551909e+08,7.931045,0.37634277,150.01065,615023.75,7.2756567,0.13488773,136.52153,559266.75,7.195879,-0.009887697,13.580162,55624.75,7.25852,Ship-water-1.bmp,2912,896
225.08337,8285.074,2.4144938e+08,8.042423,0.0047607403,200.99368,823270.25,7.0498257,0.0025634188,277.3499,1.1360252e+06,6.998801,0.0020751958,27.578178,112960.25,7.0614796,Ship-water-1.bmp,0,1008
229.84277,6997.3496,2.4504342e+08,8.085107,0.01586914,163.32239,668969.5,6.94606,0.009032965,195.25809,799777.5,7.0333047,0.0009765648,19.587767,80231.5,6.960757,Ship-water-1.bmp,112,1008
230.3031,9916.324,2.5786712e+08,8.000021,0.08459473,314.09387,1.2865578e+06,7.0252423,0.099487185,375.18146,1.5367838e+06,7.0888386,0.010864258,50.777653,207985.75,6.77475,Ship-water-1.bmp,224,1008
208.40051,12790.235,2.3028125e+08,7.8659935,0.027709953,280.91092,1.1506142e+06,6.9366436,-0.33093262,280.11224,1.1477882e+06,6.917849,-0.0357666,26.8418,109949.25,7.0636725,Ship-water-1.bmp,336,1008
219.30481,19044.195,2.750005e+08,7.784212,0.25280762,404.3971,1.6566722e+06,6.716667,0.41857907,354.70547,1.4535912e+06,6.6607194,0.026245119,50.44127,206610.25,6.529813,Ship-water-1.bmp,448,1008
140.84375,20312.947,1.6445402e+08,7.171476,0.16186523,465.46893,1.906668e+06,5.954619,0.23217769,493.6265,2.022115e+06,5.842756,0.10107423,91.64775,375431.0,5.9559155,Ship-water-1.bmp,560,1008
108.78723,10748.425,9.250032e+07,7.0108275,0.12976074,338.2249,1.3854382e+06,5.5608187,0.052612275,390.20895,1.5983072e+06,5.5277505,-0.07800294,71.74715,293901.25,5.676613,Ship-water-1.bmp,672,1008
65.01404,46.239487,1.7502472e+07,8.295727,0.041137695,3.3922899,13901.75,7.2845726,0.038207993,4.0343676,16530.75,7.0648394,-0.01135254,1.0095756,4135.75,7.31445,Ship-water-1.bmp,784,1008
60.37732,33.519802,1.506894e+07,8.299034,0.0045166016,3.6499426,14950.25,7.3054957,0.018676741,3.0534234,12508.25,7.3019633,-0.014770508,1.187831,4866.25,7.4268713,Ship-water-1.bmp,896,1008
60.18994,21.936338,1.4928959e+07,8.30531,-0.017578125,3.1014977,12705.0,7.322076,-0.009521533,2.6297922,10772.0,7.428678,-0.017333984,1.1017503,4514.0,7.4688783,Ship-water-1.bmp,1008,1008
62.14502,27.009491,1.5929397e+07,8.3036,-0.010498047,2.3419309,9593.0,7.4285164,0.002929667,2.6577063,10886.0,7.3345623,-0.0036621084,0.7949084,3256.0,7.498267,Ship-water-1.bmp,1120,1008
61.507446,42.080574,1.566821e+07,8.294228,-0.014770508,4.67892,19165.75,6.464861,-0.018676741,4.88167,19996.75,5.894583,0.005493163,1.5040593,6160.75,6.9092565,Ship-water-1.bmp,1232,1008
72.785645,2415.0625,3.159168e+07,7.2875404,-0.03955078,46.59035,190840.5,5.0568657,0.40771484,49.550194,203638.5,5.1111045,0.013671874,7.07098,28963.5,5.6288333,Ship-water-1.bmp,1344,1008
113.89746,14212.129,1.1134878e+08,6.906643,-0.1821289,116.8649,478814.5,5.215516,0.14575188,206.8761,847451.5,5.2395616,0.0012207013,17.14685,70233.5,5.4743624,Ship-water-1.bmp,1456,1008
139.03772,21711.875,1.6811362e+08,7.0565257,0.3494873,56.38073,231435.75,5.692955,0.006713867,257.09192,1.0530488e+06,5.2750263,-0.00036621,14.027282,57455.75,5.5237722,Ship-water-1.bmp,1568,1008
74.55957,902.9726,2.6468772e+07,7.8430424,0.2175293,12.094648,49733.5,5.2764874,0.008789075,21.518845,88141.5,4.009928,-0.005126954,2.1690412,8884.5,6.3871803,Ship-water-1.bmp,1680,1008
74.017334,36.688423,2.259048e+07,8.304099,-0.01977539,4.7144523,19312.0,7.108083,-0.011718735,4.663681,19103.0,6.8711185,-0.0039062495,1.7514496,7174.0,6.965163,Ship-water-1.bmp,1792,1008
77.919556,64.976746,2.5134832e+07,8.296052,-0.024536133,4.8856897,20014.25,7.2784233,-0.004516595,6.2060957,25420.25,7.3171005,-0.0037841788,1.514451,6203.25,7.435096,Ship-water-1.bmp,1904,1008
83.31836,164.14926,2.910658e+07,8.268675,0.015625,7.446167,30500.5,7.248871,0.081787094,8.94314,36658.5,7.299434,-0.010986328,2.3022475,9430.5,7.4109926,Ship-water-1.bmp,2016,1008
78.7063,533.95795,2.7560508e+07,8.12962,-0.025390625,13.931728,57067.0,6.4795732,-0.15527345,19.4151,79623.0,6.2382727,0.010498049,3.3814814,13851.0,7.0688667,Ship-water-1.bmp,2128,1008
93.5083,2571.1675,4.634611e+07,7.8159704,-0.055908203,39.15142,160377.0,6.654262,-0.30493167,46.980747,192814.0,6.6521916,0.0078125,5.32489,21811.0,7.0095873,Ship-water-1.bmp,2240,1008
131.75305,3016.795,8.345871e+07,8.055843,-0.18005371,77.783195,318732.75,7.167883,-0.24816892,75.33361,308818.75,7.0707054,0.030151367,10.670418,43709.75,7.3228474,Ship-water-1.bmp,2352,1008
120.28235,1477.1459,6.531067e+07,8.139268,0.012573253,96.213524,394091.25,7.312904,-0.099487334,76.81975,314694.25,7.3298817,0.0018310528,12.001765,49159.25,7.4689293,Ship-water-1.bmp,2464,1008
143.61377,2325.2087,9.4003704e+07,8.121433,-0.12988281,86.894745,355990.0,7.404114,-0.011230476,83.755974,343065.0,7.3543677,-0.0014648424,9.478757,38825.0,7.464917,Ship-water-1.bmp,2576,1008
164.41345,2370.5889,1.2043212e+08,8.162425,0.18859863,81.14247,332505.25,7.267747,0.16003416,67.09017,274906.25,7.2447624,0.00012207543,8.634094,35365.25,7.3952217,Ship-water-1.bmp,2688,1008
137.54712,1126.7793,8.210837e+07,8.203049,-0.05126953,52.055965,213232.0,7.2740464,0.24365242,40.389366,165678.0,7.335449,-0.010009771,7.1434546,29260.0,7.4317365,Ship-water-1.bmp,2800,1008
125.50366,2597.8054,7.51574e+07,8.0309,0.080322266,118.27858,484495.5,7.327456,0.14428714,89.52008,366759.5,7.2807546,0.01245117,10.025113,41063.5,7.421213,Ship-water-1.bmp,2912,1008
207.03699,7325.6636,2.0557814e+08,8.019063,-0.14660645,209.25456,857194.75,6.879553,0.30065912,224.39197,919479.75,7.0003595,-0.0015869099,19.440853,79629.75,7.128558,Ship-water-1.bmp,0,1120
207.50293,9760.52,2.1634248e+08,7.937311,-0.12768555,304.4472,1.2470825e+06,7.111746,0.13720699,287.40732,1.1772975e+06,7.066161,0.017333988,29.052067,118998.5,7.2138624,Ship-water-1.bmp,112,1120
168.844,8274.789,1.506635e+08,7.8401504,-0.21411133,266.41046,1.091405e+06,7.0515018,0.29907227,282.0358,1.155585e+06,7.09533,-0.010986319,39.258183,160802.0,6.730335,Ship-water-1.bmp,224,1120
154.75659,13898.332,1.5502514e+08,7.527425,0.3005371,145.51442,596397.0,6.4914746,0.7294921,158.71419,652273.0,6.4904118,0.013671881,15.584042,63833.0,6.7342644,Ship-water-1.bmp,336,1120
98.35864,9051.584,7.670172e+07,6.9834895,0.19726562,276.25992,1.13172e+06,5.6027584,0.53344727,247.54259,1.0151e+06,5.447117,0.06835938,39.313198,161046.0,5.6528263,Ship-water-1.bmp,448,1120
80.287964,4966.775,4.6747372e+07,6.927684,0.15539551,162.40486,665309.25,4.8647943,0.27648923,171.70804,703629.25,4.777913,0.10046387,31.665262,129742.25,5.0042143,Ship-water-1.bmp,560,1120
61.514404,96.85453,1.589607e+07,8.262971,0.033935547,6.5764847,26942.0,6.8657527,0.047119156,5.6869893,23303.0,7.0141134,0.01928711,1.664423,6819.0,7.1279397,Ship-water-1.bmp,672,1120
57.39209,20.044874,1.3573722e+07,8.30536,0.016113281,2.2723231,9308.5,7.3169274,0.003173816,2.4129539,9883.5,7.398591,-0.0075683594,0.78131473,3200.5,7.543354,Ship-water-1.bmp,784,1120
66.40173,2449.6697,2.809389e+07,7.1627192,-0.1697998,44.335,181714.25,4.934207,-0.0338135,58.567276,239896.25,4.799289,-0.021850584,8.802563,36057.25,5.1997414,Ship-water-1.bmp,896,1120
111.61853,10875.434,9.557659e+07,7.220133,-0.12658691,46.3273,189822.25,5.6374187,-0.018920839,102.30952,419061.25,5.8077664,-0.022827147,9.292508,38064.25,5.706313,Ship-water-1.bmp,1008,1120
73.80554,2730.7827,3.3497256e+07,7.3087,0.23425293,17.125973,70372.75,5.3516145,-0.0023193397,31.989193,131027.75,5.1218653,-0.0028076188,2.6571574,10883.75,6.1784863,Ship-water-1.bmp,1120,1120
63.688232,42.614594,1.6788708e+07,8.295694,-0.029541016,4.675519,19154.5,6.5367627,-0.0087890355,4.996871,20467.5,5.9485273,0.013183594,1.574655,6450.5,7.0593224,Ship-water-1.bmp,1232,1120
67.77551,56.371788,1.9045956e+07,8.291974,0.019897461,5.627351,23051.25,6.598963,-0.041381843,5.785702,23705.25,6.123023,0.014526367,1.8389614,7533.25,7.04954,Ship-water-1.bmp,1344,1120
89.4397,5877.5044,5.684004e+07,7.090418,-0.18115234,39.32607,161214.0,5.5856276,-0.4233398,94.395,387376.0,5.50407,-0.00073242723,7.3166494,29969.0,5.7671905,Ship-water-1.bmp,1456,1120
74.61755,2818.1313,3.4348692e+07,7.2155857,0.20031738,35.11484,143994.75,4.736252,-0.024536107,49.43903,202504.73,4.628982,-0.010131835,5.041585,20650.75,5.237953,Ship-water-1.bmp,1568,1120
70.43359,40.352516,2.0485094e+07,8.301114,-0.020019531,3.478847,14251.0,7.333009,0.015869163,3.4536054,14147.0,7.22251,0.0056152344,1.3212575,5412.0,7.4696245,Ship-water-1.bmp,1680,1120
73.845825,70.34775,2.2624476e+07,8.291694,0.0030517587,5.050466,20686.75,7.3296576,0.054565437,5.074354,20796.75,7.3376427,-0.014282225,1.7053013,6985.75,7.4058895,Ship-water-1.bmp,1792,1120
81.63257,850.95776,3.078076e+07,8.056129,-0.078125,10.488281,42985.0,6.589538,-0.21386717,16.560463,68019.0,6.4129095,-0.010986328,2.7073987,11090.0,6.9005337,Ship-water-1.bmp,1904,1120
101.947266,1508.9192,4.8751264e+07,8.064842,-0.14624023,28.284155,115939.5,6.8738704,-0.24389648,31.95504,131131.5,6.7257357,-0.007324219,6.6729198,27332.5,7.0995016,Ship-water-1.bmp,2016,1120
130.26611,1090.448,7.397256e+07,8.207798,-0.13500977,50.3536,206323.0,7.303643,-0.1291504,49.375168,202309.0,7.2377796,0.024902344,10.041128,41131.0,7.3982334,Ship-water-1.bmp,2128,1120
161.7489,595.9685,1.0960354e+08,8.273216,-0.11633301,38.315872,156997.25,7.365981,0.053832952,39.594578,162191.25,7.3524933,-0.039916992,6.0070124,24611.25,7.426963,Ship-water-1.bmp,2240,1120
173.63208,701.43665,1.263597e+08,8.27133,-0.067626946,43.495186,178175.0,7.1129084,-0.06298821,38.159607,156318.0,7.254879,-0.006835937,6.9706554,28552.0,7.386711,Ship-water-1.bmp,2352,1120
160.04736,2046.44,1.133019e+08,8.176798,0.024902347,79.63488,326187.0,7.2740803,-0.2810059,79.131,324444.0,7.285269,0.010498043,10.47694,42914.0,7.4271107,Ship-water-1.bmp,2464,1120
149.50708,2666.2395,1.0247621e+08,8.113742,0.052001953,91.91233,376484.0,7.2693963,-0.18896475,134.86296,552545.0,7.336931,-0.0048828097,9.987037,40907.0,7.410056,Ship-water-1.bmp,2576,1120
141.91187,3163.192,9.544568e+07,8.067047,0.069824226,111.10609,455110.5,7.284585,-0.2248536,150.06772,614884.5,7.3507786,0.0039062514,11.819199,48411.5,7.428834,Ship-water-1.bmp,2688,1120
130.26746,1974.5566,7.759531e+07,8.089348,0.010375976,54.34322,222590.25,7.2542496,-0.31188968,83.04683,340558.25,7.104554,-0.026000977,7.482051,30649.25,7.4379516,Ship-water-1.bmp,2800,1120
137.99817,2222.538,8.710566e+07,8.096985,-0.04333496,52.162857,213666.75,7.053763,-0.53723145,60.600235,249400.75,7.1247864,0.0028076153,5.6447067,23120.75,7.3938265,Ship-water-1.bmp,2912,1120
173.93701,4989.1787,1.443564e+08,8.0453005,0.17138672,236.02641,966884.5,7.30972,0.07226561,230.08426,942446.5,7.2120123,0.010742191,22.364756,91606.5,7.275321,Ship-water-1.bmp,0,1232
150.63782,5398.4395,1.1505742e+08,7.918645,0.075073235,161.42667,661226.75,7.17741,0.26525885,172.15027,705415.75,6.9817142,-0.0015869183,22.471125,92041.75,7.1116896,Ship-water-1.bmp,112,1232
98.66748,2514.4316,5.0174784e+07,7.8045316,0.24804688,60.06347,246272.0,6.7469597,0.21997069,59.789497,245096.0,6.5205574,-0.012939454,10.304764,42209.0,6.9282618,Ship-water-1.bmp,224,1232
66.494385,99.63973,1.85186e+07,8.272001,0.032714844,9.744901,39919.5,6.964303,0.060791038,10.02963,41096.5,6.9317546,0.0019531241,2.6500206,10854.5,6.987857,Ship-water-1.bmp,336,1232
62.289307,58.168625,1.6130566e+07,8.285874,0.00415039,8.285749,33938.5,6.979784,0.035400383,7.5220623,30815.5,6.9487357,-0.002197265,2.2447462,9194.5,7.0888004,Ship-water-1.bmp,448,1232
60.64612,37.89595,1.5220112e+07,8.296713,-0.016967775,6.4967213,26611.75,7.256981,0.027709961,5.1246595,20993.75,7.177018,0.0018310547,1.8427091,7547.75,7.3576794,Ship-water-1.bmp,560,1232
60.769043,39.076546,1.528608e+07,8.29601,-0.021728516,3.9751143,16284.0,7.2836347,-0.0031738188,4.2661033,17474.0,7.2527657,0.0107421875,1.1273258,4618.0,7.3996124,Ship-water-1.bmp,672,1232
65.047485,916.79803,2.1086098e+07,7.7153907,0.010131837,15.489094,63443.75,5.1023793,-0.3441162,26.563408,109288.75,4.8589544,0.0052490234,2.8929777,11849.75,6.044923,Ship-water-1.bmp,784,1232
65.50415,549.8235,1.9827168e+07,7.9717293,0.08911133,21.374138,87581.0,4.915445,0.11132809,21.328184,87411.0,4.754845,-0.0019531245,4.5229454,18526.0,5.567176,Ship-water-1.bmp,896,1232
64.765015,128.12794,1.7705514e+07,8.23728,0.06604004,8.516452,34901.25,4.987714,0.09069827,10.895887,44663.25,4.4463425,0.00793457,2.2810044,9343.25,5.541548,Ship-water-1.bmp,1008,1232
64.859375,48.566284,1.7429728e+07,8.294064,0.012451174,3.878629,15887.5,7.1845813,-0.014648431,4.34146,17783.5,7.1970406,-0.0095214825,1.2798165,5242.5,7.3665104,Ship-water-1.bmp,1120,1232
71.948364,83.99751,2.1547272e+07,8.28422,-0.06896973,7.417057,30399.75,7.2856655,0.01892091,7.6819544,31466.75,7.245509,0.007934572,2.3641338,9683.75,7.3338785,Ship-water-1.bmp,1232,1232
98.513916,6559.0176,6.6617388e+07,7.1840687,-0.18432617,77.2513,316560.5,5.3943214,-0.0627442,117.07016,479535.5,5.476877,-0.0026855431,10.084343,41305.5,6.023276,Ship-water-1.bmp,1344,1232
111.89453,10592.163,9.466899e+07,7.16336,0.1850586,61.059986,250242.0,6.097943,0.4077149,163.67581,671097.0,6.0606313,-0.006347657,13.227498,54180.0,6.094398,Ship-water-1.bmp,1456,1232
70.63635,1848.7812,2.8009576e+07,7.527708,0.022338867,33.891895,138823.25,5.3553557,0.15075687,64.00712,262266.25,5.4417005,0.024536131,5.2123494,21352.25,5.983472,Ship-water-1.bmp,1568,1232
93.57385,3034.9634,4.8296056e+07,7.666542,-0.17932129,70.68433,289654.75,5.8627586,-0.06091304,114.34096,468355.75,5.7116756,-0.0015869141,10.708189,43860.75,6.082389,Ship-water-1.bmp,1680,1232
103.97766,1851.433,5.1866776e+07,8.039438,-0.11633301,51.43404,210729.25,6.908932,-0.1759034,62.40076,255720.25,7.044545,-0.0067138663,7.292985,29872.25,7.1571794,Ship-water-1.bmp,1792,1232
154.7727,2541.569,1.0852827e+08,8.128145,-0.3708496,59.361618,243708.5,7.249097,-0.2468262,69.130356,283407.5,7.2555265,-0.01586914,9.327507,38206.5,7.3889236,Ship-water-1.bmp,1904,1232
172.3717,4202.4556,1.3891363e+08,8.051511,0.22229004,135.92014,556931.25,6.8090296,-0.07897948,110.919846,454353.25,7.0747185,-0.01159668,17.011156,69678.25,7.175788,Ship-water-1.bmp,2016,1232
150.68799,1236.6775,9.807277e+07,8.230803,-0.20361328,46.8842,192207.5,7.238446,-0.12890628,43.985214,180231.5,7.3018064,0.008789056,7.414839,30371.5,7.4372406,Ship-water-1.bmp,2128,1232
160.42847,857.69495,1.0893307e+08,8.24943,-0.033447262,37.255592,152603.5,7.364246,-0.130127,48.141636,197257.5,7.058498,-0.0021972694,7.6636915,31390.5,7.1096764,Ship-water-1.bmp,2240,1232
202.32532,4644.8193,1.8669712e+08,8.106507,-0.24230957,64.638245,264998.75,7.328783,-0.30505365,131.73744,539977.75,7.090994,-0.00500488,17.434729,71412.75,7.119535,Ship-water-1.bmp,2352,1232
234.0033,5167.438,2.454527e+08,8.14901,-0.19055176,79.03284,323867.25,7.1196933,-0.35339355,160.20258,656701.25,7.253716,-0.009643552,12.625456,51714.25,7.3205595,Ship-water-1.bmp,2464,1232
235.99316,5600.3896,2.510568e+08,8.13508,0.20288086,50.45603,206836.5,7.095151,-0.3276368,147.65059,605216.5,7.259837,0.011962891,7.4172153,30381.5,7.3003187,Ship-water-1.bmp,2576,1232
214.11206,5432.497,2.1002842e+08,8.110286,0.20532227,116.876175,478897.5,6.972136,0.041015595,206.71744,846721.5,7.212014,0.013183585,14.809764,60661.5,6.917568,Ship-water-1.bmp,2688,1232
199.22961,5593.467,1.8549107e+08,8.063065,-0.17980957,77.59578,317964.75,6.905481,-0.3792725,185.51746,760468.75,7.2518063,0.018432613,10.8086815,44273.75,6.8092976,Ship-water-1.bmp,2800,1232
253.7522,4562.889,2.8243178e+08,8.1888685,-0.09448242,63.171127,258785.5,6.8946424,-0.34326178,132.63034,543736.5,7.104512,0.0034179636,10.9268675,44756.5,6.8082576,Ship-water-1.bmp,2912,1232
163.41992,17542.766,1.8124323e+08,7.464672,0.022460938,93.38426,382504.0,6.683239,-0.021972597,238.79152,978092.0,6.381503,0.0063476604,12.043661,49331.0,6.7423687,Ship-water-1.bmp,0,1344
121.88049,14159.671,1.188435e+08,7.133961,-0.037719727,175.04137,716975.25,6.171108,0.12463373,267.2819,1.0948502e+06,6.2276235,-0.01184082,22.556562,92392.25,6.408452,Ship-water-1.bmp,112,1344
189.60925,25649.523,2.5231848e+08,7.4730353,0.60998535,234.5767,962350.25,6.509495,-0.010620058,499.98334,2.0479322e+06,6.643529,-0.033813484,36.683243,150259.25,6.6299095,Ship-water-1.bmp,224,1344
62.7948,1451.6016,2.2097054e+07,7.3648777,0.38806152,20.927717,86336.75,5.011322,0.0015869625,30.785826,126098.75,4.6380553,-0.0047607427,3.0485003,12486.75,5.6643257,Ship-water-1.bmp,336,1344
57.91382,35.57253,1.3883732e+07,8.295788,0.032470703,4.9297314,20196.5,7.1651964,0.00024413783,4.3477783,17808.5,7.2053666,-0.00024414156,1.4959716,6127.5,7.324923,Ship-water-1.bmp,448,1344
58.296997,31.70226,1.4050272e+07,8.298548,-0.041870117,3.8368092,15722.75,7.331371,-0.004272446,3.4132507,13980.75,7.323265,-0.0062255864,1.32949,5445.75,7.4256234,Ship-water-1.bmp,560,1344
92.644165,10760.99,7.9232744e+07,6.7425375,-0.26696777,55.803055,228861.25,5.4272037,0.013793886,103.42442,423627.25,5.4571066,0.00012206915,8.345276,34182.25,5.82953,Ship-water-1.bmp,672,1344
119.74048,16696.578,1.2711674e+08,6.985532,0.29467773,57.6335,236422.5,5.809702,-0.016357481,120.10678,491958.5,5.8880434,0.016845703,8.078207,33089.5,6.288874,Ship-water-1.bmp,784,1344
65.16528,122.31716,1.7894732e+07,8.237862,0.07128906,7.606245,31176.0,6.127164,0.017089853,5.9706554,24457.0,6.290778,0.009521485,2.038972,8352.0,6.952702,Ship-water-1.bmp,896,1344
65.930664,37.25215,1.7957292e+07,8.300148,0.013671874,3.2736163,13409.5,7.3003154,0.04614262,3.51728,14415.5,7.2414956,-0.017333984,1.0872239,4454.5,7.392217,Ship-water-1.bmp,1008,1344
64.291626,36.87168,1.7081488e+07,8.299305,-0.002319336,3.2433414,13284.75,7.2490873,0.047485366,3.235477,13261.75,7.291526,0.0103759775,1.1555929,4733.75,7.439388,Ship-water-1.bmp,1120,1344
70.38269,118.87558,2.0777364e+07,8.268019,-0.05871582,6.4053054,26250.25,7.1662674,0.05065918,6.799985,27863.25,6.7172127,-0.01867676,1.9809133,8115.25,7.3581314,Ship-water-1.bmp,1232,1344
70.25537,1229.106,2.5251524e+07,7.7176285,-0.05517578,19.762215,80958.5,5.1749325,-0.035644546,38.54304,157877.5,5.021472,-0.003906249,3.849472,15767.5,5.9693117,Ship-water-1.bmp,1344,1344
71.49707,3282.983,3.4385156e+07,7.115406,-0.10424804,99.25159,406579.0,4.9251423,0.03393554,116.378,476689.0,5.3499937,-0.0048828144,10.624731,43519.0,5.5536776,Ship-water-1.bmp,1456,1344
92.079834,4855.4517,5.4616664e+07,7.3469553,-0.48120117,103.98073,426853.5,5.1363106,-0.16699225,70.50104,288886.5,6.2029757,-0.0048828116,9.108497,37308.5,6.1462803,Ship-water-1.bmp,1568,1344
217.65479,22315.469,2.8544643e+08,7.6968374,-0.46264648,75.02094,308162.5,6.1142335,-0.38378912,170.0281,697038.5,6.2697797,-0.0065917918,11.232989,46010.5,6.807464,Ship-water-1.bmp,1680,1344
169.15051,6373.2627,1.4329922e+08,7.876739,0.25476074,76.57334,313910.25,6.728723,-0.36193854,89.50749,367159.25,6.729409,0.012329092,10.569001,43291.25,6.942822,Ship-water-1.bmp,1792,1344
188.80176,2315.127,1.5548922e+08,8.190225,0.009277344,70.6796,289504.0,7.090649,-0.15014648,68.79655,281883.0,7.1701326,-0.019287113,9.727167,39844.0,7.3463545,Ship-water-1.bmp,1904,1344
163.18457,1174.339,1.1388331e+08,8.227347,0.026611326,48.704617,199497.0,6.7008157,0.054443367,57.4736,235424.0,6.822309,0.011718754,9.954697,40775.0,6.7566586,Ship-water-1.bmp,2016,1344
176.62463,3101.2327,1.4048254e+08,8.11735,-0.36364746,56.137962,230482.75,7.0957565,-0.37316895,97.96273,401825.75,7.0817804,-0.033325195,15.05254,61659.75,6.9234405,Ship-water-1.bmp,2128,1344
239.5835,10304.48,2.773186e+08,8.021733,0.0966797,166.87604,683562.5,6.9646997,-0.7473144,177.66454,730001.5,7.019268,0.034423836,27.647133,113247.5,7.050845,Ship-water-1.bmp,2240,1344
211.43982,8712.821,2.1880675e+08,8.015078,0.035766594,188.4386,771849.75,7.151848,0.3026123,180.44424,739474.75,7.024338,0.014770516,25.568325,104728.75,7.178006,Ship-water-1.bmp,2352,1344
205.63855,8476.32,2.0792742e+08,8.011387,-0.24230957,206.97795,848022.25,6.977047,-0.0311279,214.05573,876776.25,7.0503845,0.015747068,25.748592,105467.25,7.050306,Ship-water-1.bmp,2464,1344
193.59265,6356.3057,1.795458e+08,8.006204,0.09387207,116.77579,478349.75,6.916754,0.15637213,106.13418,434825.75,6.9894953,0.012084959,14.245643,58350.75,6.828454,Ship-water-1.bmp,2576,1344
199.94995,5958.9785,1.8816598e+08,8.039667,0.084716804,119.97293,491438.5,7.14248,0.1643066,147.73947,605251.5,7.0007963,-0.0031738365,15.671498,64190.5,7.2206116,Ship-water-1.bmp,2688,1344
187.98413,7340.747,1.7481229e+08,7.9527893,-0.11743164,107.71179,441244.0,7.095283,0.26391608,151.94916,622669.0,6.9146,-0.01635743,17.090553,70004.0,7.0679054,Ship-water-1.bmp,2800,1344
249.89429,7255.2515,2.8550106e+08,8.127518,-0.32348633,198.10446,811864.5,6.4971347,0.27294934,215.26253,882020.5,6.5516233,0.021484375,32.57559,133431.5,6.515478,Ship-water-1.bmp,2912,1344
252.05054,22526.887,3.5248685e+08,7.8464565,0.06201172,163.46016,669548.5,6.425331,0.8937988,419.78815,1.7227245e+06,6.8249426,0.0053710938,19.53525,80016.5,6.687644,Ship-water-1.bmp,0,1456
98.17517,9239.881,7.73253e+07,6.9793625,0.58288574,64.12735,264057.25,5.9725733,0.20031734,130.03635,532793.25,5.743894,-0.00036621047,9.231262,37811.25,6.3836303,Ship-water-1.bmp,112,1456
74.25867,2828.9678,3.4174228e+07,7.303746,-0.10437012,29.329132,120176.75,5.7069616,0.05895996,44.60144,182701.75,5.445098,-0.0032958966,6.2633553,25654.75,6.1372204,Ship-water-1.bmp,224,1456
81.68677,4422.6416,4.5446636e+07,7.214034,0.13867188,31.508362,129137.0,6.0235415,-0.10693354,45.49931,186412.0,5.739582,-0.009033203,7.0841465,29017.0,6.2722683,Ship-water-1.bmp,336,1456
59.26941,43.215683,1.4565698e+07,8.292513,0.036010742,6.2335057,25537.75,7.1668005,-0.025268529,5.467074,22395.75,7.1269255,0.005493166,1.9569402,8015.75,7.2458267,Ship-water-1.bmp,448,1456
60.69165,57.432755,1.5322764e+07,8.285389,-0.013916017,6.290822,25768.0,6.9139953,-0.06518556,5.5792465,22870.0,7.0679297,0.0012207031,1.6157211,6618.0,7.3374505,Ship-water-1.bmp,560,1456
65.19507,60.323647,1.7656712e+07,8.289045,-0.009521481,6.2986155,25799.5,7.1394777,0.05322264,6.557592,26871.5,7.1877937,-0.0009765625,1.6776111,6871.5,7.345796,Ship-water-1.bmp,672,1456
66.504395,57.577736,1.8351768e+07,8.291181,-0.033691406,5.9235477,24267.5,7.290394,0.009033187,5.317179,21779.5,7.3014307,-0.006591795,1.8443168,7554.5,7.4027414,Ship-water-1.bmp,784,1456
97.452515,6788.79,6.6706564e+07,7.237762,-0.1932373,49.33162,202215.25,5.842946,-0.008911103,76.95725,315217.25,5.9396772,0.00939941,7.624729,31231.25,6.396652,Ship-water-1.bmp,896,1456
94.70996,7429.944,6.717407e+07,7.1318007,0.18774414,32.428986,132973.5,5.8642673,0.05834955,61.162983,250537.5,5.7770143,-0.012695314,5.0475683,20675.5,6.3796253,Ship-water-1.bmp,1008,1456
81.368774,6238.733,5.267296e+07,6.9523263,-0.044799797,57.32118,234795.75,5.599721,-0.23913576,136.56409,559600.75,5.3924437,-0.018432617,10.2579,42017.75,5.971962,Ship-water-1.bmp,1120,1456
76.773315,3789.8618,3.966568e+07,7.281286,0.042114258,71.197014,291630.25,5.4258847,0.11633302,139.9614,573337.25,5.5786147,-0.0020751962,15.826227,64824.25,5.5640697,Ship-water-1.bmp,1232,1456
66.28589,1323.1344,2.3416642e+07,7.7962894,-0.032958984,34.131115,139805.5,6.0261807,0.04931639,54.75673,224293.5,6.2840023,0.018554686,5.373557,22011.5,6.652303,Ship-water-1.bmp,1344,1456
75.59473,1233.8341,2.8460632e+07,7.951238,-0.18066406,59.58113,244178.0,6.1086407,-0.03442381,57.629433,236055.0,7.1155376,-0.006103514,5.8764277,24070.0,6.897231,Ship-water-1.bmp,1456,1456
118.49951,4005.512,7.392316e+07,7.824694,-0.44555664,124.51681,510834.0,6.4393997,-0.0024413913,101.35302,415142.0,6.812055,-0.005615243,12.627653,51723.0,6.888541,Ship-water-1.bmp,1568,1456
213.03345,4933.6914,2.0609819e+08,8.108671,-0.28857422,140.38756,575368.5,6.313757,0.12963857,161.9694,663495.5,6.435613,-0.01904297,20.655767,84607.5,6.5596313,Ship-water-1.bmp,1680,1456
208.32861,4077.299,1.9447034e+08,8.140227,-0.0480957,48.187874,197387.0,6.7489533,0.014160201,92.00664,376860.0,6.652009,0.0041503934,7.581526,31054.0,6.867032,Ship-water-1.bmp,1792,1456
232.8844,4819.3916,2.4188738e+08,8.161379,0.27209473,96.84851,396994.75,6.8151016,0.040405393,136.57863,559432.75,6.682032,0.020385742,16.903088,69236.75,6.5851655,Ship-water-1.bmp,1904,1456
197.71667,9907.879,2.0070304e+08,7.8821683,-0.33068848,130.15157,533548.75,7.004202,-0.2276611,172.00131,704729.75,6.8343334,-0.020629883,30.067385,123157.75,6.8290286,Ship-water-1.bmp,2016,1456
344.23486,14455.8,5.445773e+08,8.121663,-0.04736328,285.28644,1.1685425e+06,6.3981085,-1.0246582,261.46533,1.0752625e+06,6.676053,0.0026855506,36.249382,148477.5,6.7311287,Ship-water-1.bmp,2128,1456
358.677,11835.219,5.754241e+08,8.178751,0.24536133,280.19214,1.1479135e+06,6.606791,-0.49389648,194.53183,797801.5,6.5419354,-0.0026855525,24.708118,101204.5,6.7511263,Ship-water-1.bmp,2240,1456
251.93372,13170.749,3.1392294e+08,8.004446,0.46862793,197.65753,810504.75,7.0064964,-0.87145996,170.81569,702771.75,6.8945303,0.016479494,24.580235,100681.75,6.9992,Ship-water-1.bmp,2352,1456
246.57153,15788.254,3.1369536e+08,7.9455595,-0.73461914,226.86963,931468.5,6.786931,0.064453155,230.14319,942683.5,6.607544,0.019042972,33.464363,137071.5,6.499945,Ship-water-1.bmp,2464,1456
257.2943,16898.547,3.4037312e+08,7.924099,0.5645752,250.49577,1.02733625e+06,6.676384,-0.07751456,282.05264,1.1553122e+06,6.6969213,0.07019044,34.065445,139552.25,6.6783247,Ship-water-1.bmp,2576,1456
168.8136,5967.946,1.4117264e+08,7.9348416,0.33532715,139.63492,572405.25,6.917482,0.26501465,162.52432,665987.25,6.797564,0.019653313,20.849771,85402.25,6.7704754,Ship-water-1.bmp,2688,1456
134.89111,1479.156,8.058785e+07,8.190651,-0.100097656,76.65697,314028.0,7.259363,6.7055225e-08,65.01172,266288.0,7.2788563,-0.012695311,8.032799,32903.0,7.431436,Ship-water-1.bmp,2800,1456
165.44043,5211.287,1.3345514e+08,7.9493537,-0.083984375,92.027626,376974.0,7.0349207,0.24267581,105.27118,431432.0,6.7822857,0.010253903,14.133929,57893.0,6.7353916,Ship-water-1.bmp,2912,1456
100.164795,10094.666,8.244286e+07,6.9895167,-0.2121582,120.68155,494496.0,5.3066883,0.2849121,131.40173,538554.0,5.7305193,0.015869137,13.106438,53685.0,5.9037857,Ship-water-1.bmp,0,1568
100.2738,9012.36,7.809923e+07,7.0857964,0.2652588,56.19532,230464.25,6.1762514,-0.017700076,85.63134,350747.25,5.921653,0.021118155,10.837261,44391.25,6.323656,Ship-water-1.bmp,112,1568
85.7384,4127.8467,4.7017664e+07,7.340024,-0.13195801,49.386826,202359.75,6.08297,0.10534671,62.40291,255647.75,5.917733,-0.0013427725,10.0336275,41097.75,6.281183,Ship-water-1.bmp,224,1568
71.86548,1188.7595,2.6023552e+07,7.742117,0.20263672,15.395706,63229.0,6.650504,0.21826175,18.341766,75323.0,6.2971115,0.0139160175,3.4849136,14275.0,6.851936,Ship-water-1.bmp,336,1568
66.73633,110.285706,1.869424e+07,8.267731,0.01220703,11.192235,45844.0,7.037591,-0.0007324107,9.788574,40094.0,7.20417,-0.0021972638,3.0612743,12539.0,7.287217,Ship-water-1.bmp,448,1568
66.74988,102.93713,1.8671548e+07,8.270506,-0.01574707,8.613461,35281.75,6.998169,-0.038940478,8.255503,33820.75,7.264102,-0.0067138667,2.0929117,8572.75,7.2775,Ship-water-1.bmp,560,1568
62.79773,87.05387,1.6509374e+07,8.27203,0.04284668,4.4149733,18091.25,7.1051455,0.037231445,4.795306,19647.25,7.107841,0.005004883,1.2410028,5083.25,7.3102713,Ship-water-1.bmp,672,1568
59.29187,109.878006,1.4849654e+07,8.252819,0.0076904297,5.16675,21163.25,6.91018,0.049194325,5.0713716,20782.25,6.8318267,-0.0025634773,1.6736385,6855.25,7.344677,Ship-water-1.bmp,784,1568
59.350098,566.04333,1.6746404e+07,8.01466,0.025146484,27.861305,114122.5,6.182611,-0.07324217,22.838264,93567.5,6.4022965,0.006591799,3.7198052,15236.5,6.799399,Ship-water-1.bmp,896,1568
82.39978,2142.6428,3.6586972e+07,7.765907,-0.10998535,62.18962,254778.25,6.7233615,-0.28186035,62.757042,257378.25,6.608805,0.014038086,6.4952254,26605.25,6.9886026,Ship-water-1.bmp,1008,1568
98.27478,6623.1006,6.668711e+07,7.3264213,0.17712402,110.05914,450930.75,6.7267294,0.16467287,128.28801,525578.75,6.7266865,-0.014526367,12.871799,52723.75,7.111056,Ship-water-1.bmp,1120,1568
78.918335,2749.9414,3.677407e+07,7.6105576,-0.10559082,119.040665,487636.25,6.9146276,-0.041381888,113.53497,465046.25,6.864236,-0.0032958966,16.188526,66308.25,6.5409245,Ship-water-1.bmp,1232,1568
80.7135,1799.4208,3.405451e+07,7.9461193,-0.060424816,111.53083,456845.25,7.4694996,-0.21618655,97.01998,397585.25,7.4959373,-0.01794434,10.498274,43002.25,7.4877367,Ship-water-1.bmp,1344,1568
94.63513,1556.594,4.30588e+07,8.07202,-0.06091309,92.65308,379522.25,7.42754,-0.07434083,78.48746,321507.25,7.4762797,-0.0032958968,8.755421,35862.25,7.523857,Ship-water-1.bmp,1456,1568
124.83484,872.0426,6.740287e+07,8.222208,-0.14953613,51.077797,209306.25,7.300227,-0.06359862,42.021896,172138.25,7.2920065,-0.0010986291,7.238096,29647.25,7.466732,Ship-water-1.bmp,1568,1568
156.51074,1493.7292,1.06452344e+08,8.211957,-0.033447266,57.844948,236937.5,7.238287,0.1328124,59.963684,245683.5,7.164104,-0.0021972777,8.173701,33479.5,7.412406,Ship-water-1.bmp,1680,1568
170.87903,3027.7078,1.3200323e+08,8.138324,-0.035034172,90.69353,371485.75,6.827762,-0.01452639,138.2844,566413.75,6.873137,0.014770511,13.553675,55516.75,7.077854,Ship-water-1.bmp,1792,1568
161.01929,8752.096,1.4204645e+08,7.857174,0.04858397,183.3425,750980.5,7.1350136,-0.055663973,232.40279,951934.5,7.0794177,0.044921875,29.630182,121373.5,7.067046,Ship-water-1.bmp,1904,1568
244.07349,17035.46,3.137836e+08,7.9403005,-0.67211914,233.26077,957286.5,7.0163803,-0.059570312,257.29077,1.0538775e+06,6.9545565,-0.023437507,29.40216,120433.5,6.9971304,Ship-water-1.bmp,2016,1568
384.6659,16408.652,6.7328614e+08,8.148108,-0.2730713,273.94586,1.1223878e+06,6.5034075,1.0064697,257.16666,1.0575038e+06,6.834632,0.0030517597,24.833912,101719.75,6.8942404,Ship-water-1.bmp,2128,1568
377.713,18786.95,6.6131584e+08,8.127466,0.6734619,323.0393,1.3250268e+06,6.5584917,0.0511474,314.37988,1.2877108e+06,6.791323,-0.0074462816,29.953985,122691.75,6.7794065,Ship-water-1.bmp,2240,1568
274.00598,17345.525,3.78572e+08,7.975651,0.1607666,341.38522,1.3984198e+06,6.9131994,0.034789935,383.77142,1.5719328e+06,6.9092855,-0.0941162,46.771355,191611.75,6.9435744,Ship-water-1.bmp,2352,1568
243.85547,14160.609,3.015725e+08,7.9843683,0.01977539,221.85997,908740.0,7.0174117,0.15209961,281.83136,1.154476e+06,6.8435097,-0.0034179706,28.700182,117556.0,6.8269777,Ship-water-1.bmp,2464,1568
201.67957,13037.927,2.200067e+08,7.8306403,0.46496582,184.11896,755036.75,7.162991,0.12219247,125.86049,515585.75,7.066231,-0.005981448,13.922022,57024.75,7.353075,Ship-water-1.bmp,2576,1568
135.95691,2063.9514,8.416556e+07,8.138496,0.12902832,103.85829,425471.75,7.111013,0.06970213,80.573204,330047.75,7.1743007,0.017211908,11.026254,45164.75,7.346011,Ship-water-1.bmp,2688,1568
147.01855,920.2899,9.230232e+07,8.243573,-0.022460936,30.415508,124584.0,7.2376413,0.13110353,33.115627,135712.0,7.172389,-0.0031738244,4.584707,18779.0,7.4018817,Ship-water-1.bmp,2800,1568
116.93469,1564.1292,6.241424e+07,8.128066,0.22180176,28.729916,117879.25,6.9525814,0.19616696,26.997955,110741.25,6.7985263,0.009643555,4.5363445,18581.25,7.2806287,Ship-water-1.bmp,2912,1568
78.95679,249.63658,2.6557688e+07,8.225873,0.044921875,23.12127,94713.0,6.3492966,0.021972628,20.971441,85901.0,6.663578,0.0144043,4.6133175,18897.0,7.0221314,Ship-water-1.bmp,0,1680
71.70508,146.7005,2.1660952e+07,8.260356,0.061035156,14.8425865,60810.5,7.0561666,-0.018798845,12.502211,51210.5,7.1925793,-0.017822266,3.8198729,15647.5,7.215663,Ship-water-1.bmp,112,1680
68.881226,433.21326,2.1208418e+07,8.101038,-0.099731445,16.831911,68984.25,6.3762236,-0.15979004,20.72819,85007.25,6.099758,0.009643556,3.2199385,13189.25,7.0080957,Ship-water-1.bmp,224,1680
130.94995,19692.16,1.5089685e+08,7.0214057,-0.2890625,99.947075,409725.5,6.084447,-0.22241205,313.17136,1.2829525e+06,6.0215,0.025878914,17.259462,70697.5,6.278852,Ship-water-1.bmp,336,1680
90.0083,9214.878,7.092786e+07,6.738023,0.3869629,71.61198,293936.0,5.2443333,0.0026855767,153.53151,628865.0,5.367647,-0.00537109,11.199432,45873.0,5.7553663,Ship-water-1.bmp,448,1680
70.21399,1811.2058,2.7611996e+07,7.512142,-0.013061523,20.179577,82656.25,5.798346,-0.38806152,54.555767,224077.25,5.201396,0.0030517592,3.735159,15299.25,6.2467732,Ship-water-1.bmp,560,1680
80.84949,6509.5234,5.343708e+07,6.834865,-0.15319824,25.776518,105676.75,5.6671095,-0.71203613,74.743675,308226.75,5.520233,0.021118164,4.9626284,20328.75,5.8631544,Ship-water-1.bmp,672,1680
97.05286,5242.4487,6.0054344e+07,7.46087,-0.014282227,75.645615,309845.25,6.7921953,-0.600708,93.125046,382918.25,6.6222873,-0.020385746,10.313366,42245.25,6.859909,Ship-water-1.bmp,784,1680
110.983154,1625.2559,5.7108548e+07,8.119115,-0.114990234,106.947586,438111.5,7.4611273,-0.35839838,103.01547,422477.5,7.440055,-0.023437496,13.325989,54585.5,7.5264497,Ship-water-1.bmp,896,1680
118.16638,703.0759,6.007345e+07,8.226196,0.009887691,82.097626,336272.25,7.54549,0.020385716,72.42299,296646.25,7.5117846,0.0074462947,11.51856,47180.25,7.524114,Ship-water-1.bmp,1008,1680
117.23901,1587.728,6.2802796e+07,8.141808,0.12109375,119.86155,491013.0,7.489601,-0.06567384,98.85555,404930.0,7.453022,-0.0048828144,15.680397,64227.0,7.5022693,Ship-water-1.bmp,1120,1680
107.224,2014.5742,5.534335e+07,8.055756,0.042358402,128.71152,527209.75,7.496527,-0.1160889,110.195206,451414.75,7.447803,0.020629883,13.715336,56179.75,7.5220532,Ship-water-1.bmp,1232,1680
115.80945,1323.7891,6.035709e+07,8.162976,-0.06677246,114.90198,470656.75,7.454506,-0.055297866,102.04473,417987.75,7.450858,-0.015014647,12.752155,52233.75,7.4728456,Ship-water-1.bmp,1344,1680
147.46533,9793.855,1.2918735e+08,7.609157,-0.28442383,113.31094,464453.0,7.3472905,-0.52001953,171.87485,705107.0,6.934172,0.0031738207,12.817129,52499.0,7.395995,Ship-water-1.bmp,1456,1680
160.27466,8490.48,1.3999491e+08,7.7891893,0.043701172,124.39958,509548.5,6.8250694,-0.10986325,271.7322,1.1130645e+06,6.7349195,0.012207031,23.20383,95043.5,6.593539,Ship-water-1.bmp,1568,1680
165.57263,6432.788,1.3863766e+08,7.9357557,-0.044067383,230.18158,942831.75,6.558854,-0.2132569,341.1444,1.3975138e+06,6.64052,0.02111816,41.48704,169932.75,6.5072765,Ship-water-1.bmp,1680,1680
192.77417,5900.3486,1.763829e+08,8.0579815,-0.07446289,164.54828,674012.5,6.870965,-0.17285159,208.19193,852876.5,6.813266,-0.017089844,24.11604,98780.5,6.935064,Ship-water-1.bmp,1792,1680
204.95923,12146.342,2.2181734e+08,7.906458,-0.3642578,244.1072,1.0004065e+06,7.0378904,-0.06835939,236.47421,968617.5,7.1272526,0.0031738356,38.140488,156223.5,6.8764577,Ship-water-1.bmp,1904,1680
250.80444,10223.892,2.995272e+08,8.0844345,0.0053710938,206.66951,846518.5,7.0108857,-0.13891612,202.59068,829890.5,7.0419087,0.01611327,26.5045,108563.5,7.005193,Ship-water-1.bmp,2016,1680
234.01587,10499.922,2.6731869e+08,8.024834,-0.16015625,256.18295,1.0494305e+06,7.076319,0.22900388,288.1291,1.1803915e+06,7.095781,0.015380856,30.022104,122971.5,7.1027946,Ship-water-1.bmp,2128,1680
302.02612,18663.596,4.500823e+08,8.027818,0.3305664,296.50452,1.21493e+06,6.849594,-0.041504025,332.68726,1.362694e+06,6.870927,0.050048828,36.47137,149397.0,6.830891,Ship-water-1.bmp,2240,1680
164.75659,14159.457,1.6918197e+08,7.6393967,0.42822266,274.0171,1.123125e+06,7.146042,0.17285153,299.17422,1.22554e+06,6.982944,-0.041259773,36.21363,148338.0,6.8526626,Ship-water-1.bmp,2352,1680
209.66235,13323.333,2.346256e+08,7.8615713,-1.0187988,169.33032,697828.5,7.147827,-0.13305655,150.48389,616454.5,6.837922,-0.016357422,17.104836,70062.5,6.7021065,Ship-water-1.bmp,2464,1680
225.84924,14919.743,2.7003955e+08,7.886284,0.7232666,183.9557,755625.25,7.2649755,-0.35217276,139.75763,572955.25,7.178231,0.0013427706,16.5191,67662.25,7.2950783,Ship-water-1.bmp,2576,1680
144.4082,5801.086,1.0917812e+08,7.861374,0.47583008,95.44913,391887.0,6.694616,0.06958003,58.730267,240579.0,6.86052,-0.0029296896,8.435293,34551.0,7.1213217,Ship-water-1.bmp,2688,1680
87.09778,1186.921,3.5933976e+07,7.9866858,0.04284668,15.312311,62726.75,6.1641865,0.28942868,20.2919,83458.75,6.0886445,0.0015869173,2.1637545,8862.75,6.9493613,Ship-water-1.bmp,2800,1680
77.814575,79.300385,2.5126538e+07,8.287167,0.0072021484,4.081308,16717.25,7.047654,0.01818846,5.0925035,20860.25,6.307868,-0.0015869143,1.1748631,4812.25,7.3712177,Ship-water-1.bmp,2912,1680
82.16223,163.93797,2.832208e+07,8.270178,0.0030517555,13.558767,55536.75,7.2488766,-0.010620128,12.598215,51602.75,7.3683863,-0.013549805,3.4230947,14021.75,7.406637,Ship-water-1.bmp,0,1792
76.697266,194.37758,2.489077e+07,8.253611,0.05517578,10.369514,42486.0,7.241498,0.059814453,9.612634,39388.0,7.271636,-0.0021972663,2.755366,11286.0,7.229583,Ship-water-1.bmp,112,1792
71.999146,1110.8842,2.578334e+07,7.849914,-0.057495117,19.629324,80415.25,5.9025536,0.031616263,37.070347,151844.25,5.3732414,0.00817871,3.275873,13418.25,6.405844,Ship-water-1.bmp,224,1792
106.70715,7817.001,7.86572e+07,7.298829,-0.1463623,119.366936,489014.75,6.3225994,0.35607904,162.7977,667338.75,6.320891,0.016723631,18.695948,76579.75,6.5907006,Ship-water-1.bmp,336,1792
117.876465,3719.115,7.214685e+07,7.89032,0.023193363,122.105286,500145.5,6.227683,-0.39257815,143.00397,586375.5,6.4680624,0.015869139,22.00988,90153.5,6.5047803,Ship-water-1.bmp,448,1792
179.04553,14495.707,1.9068112e+08,7.604544,0.0059814528,192.33609,787808.75,6.358672,-1.1524658,241.9115,996309.75,6.183486,0.024291996,24.012287,98356.75,6.556584,Ship-water-1.bmp,560,1792
143.25769,5015.249,1.0460371e+08,7.822073,0.0838623,74.73143,306128.75,6.6317225,0.11193851,141.5465,579825.75,6.5882964,0.0025634775,10.7919235,44203.75,6.995573,Ship-water-1.bmp,672,1792
154.27478,4566.654,1.1619271e+08,7.961043,0.03918457,100.52526,411757.75,7.077659,0.057006776,120.66051,494238.75,7.13609,-0.0018310556,11.009944,45096.75,7.384583,Ship-water-1.bmp,784,1792
130.57849,1145.0524,7.452997e+07,8.195858,0.028930664,71.88936,294462.25,7.2544136,-0.024536096,99.32025,406818.25,7.2767186,-0.0003662156,9.283507,38025.25,7.443959,Ship-water-1.bmp,896,1792
144.17993,1955.3088,9.315599e+07,8.12951,-0.03100587,72.455956,296783.5,7.314665,-0.14868167,87.9392,360289.5,7.3308783,-0.010498046,10.32008,42271.5,7.4268417,Ship-water-1.bmp,1008,1792
142.00537,1335.4506,8.8068e+07,8.205929,-0.022949219,91.793045,375986.5,7.266854,-0.11669927,95.57733,391540.5,7.3904176,-0.0009765709,13.470091,55173.5,7.425903,Ship-water-1.bmp,1120,1792
155.60815,6602.0576,1.2622215e+08,7.8521204,-0.15576172,114.11258,467504.5,7.414986,-0.28857422,178.34775,730853.5,7.193858,0.009033205,15.676555,64211.5,7.4813476,Ship-water-1.bmp,1232,1792
181.12122,13340.256,1.8901054e+08,7.710291,-0.10827637,118.61615,485899.75,7.3037443,-0.08142087,255.66689,1.04723875e+06,7.168958,-0.006713862,16.209122,66392.75,7.387846,Ship-water-1.bmp,1344,1792
173.80847,12560.894,1.7518707e+08,7.6898756,0.16516113,149.33191,611775.25,6.753749,0.2054444,299.62653,1.2274432e+06,6.790395,-0.011108396,27.44891,112431.25,6.66087,Ship-water-1.bmp,1456,1792
203.15503,9595.947,2.0835498e+08,7.9623303,-0.4169922,212.38615,870646.0,6.706251,-0.5217285,302.77515,1.241282e+06,6.6266,0.009765631,51.98403,212927.0,6.34799,Ship-water-1.bmp,1568,1792
249.14526,6945.9146,2.8270294e+08,8.135006,0.12841797,135.82776,556418.0,6.7235913,-0.33178714,156.71585,642359.0,6.793803,0.009277344,20.66959,84663.0,6.708479,Ship-water-1.bmp,1680,1792
203.57898,7826.424,2.018133e+08,8.018547,0.032348633,164.36182,673230.25,7.071661,0.20544428,248.33382,1.01734825e+06,7.0970006,-0.012084957,34.686924,142078.25,7.0196495,Ship-water-1.bmp,1792,1792
206.22278,10648.464,2.1781011e+08,7.9336143,-0.018432625,243.68002,998114.75,7.0902157,-0.034790054,302.2968,1.2382128e+06,7.141251,0.009155283,57.623146,236024.75,7.099802,Ship-water-1.bmp,1904,1792
245.97327,11559.919,2.951691e+08,8.035109,-0.19616699,267.22354,1.0947052e+06,7.0424633,0.25915536,270.2928,1.1073942e+06,7.0740185,-0.008911135,54.46849,223103.25,7.0355973,Ship-water-1.bmp,2016,1792
230.32458,10316.706,2.5954762e+08,8.035863,0.058471672,236.48358,968650.75,7.0803843,0.12097162,239.86838,982560.75,7.110257,0.03161621,25.760658,105519.75,7.0892982,Ship-water-1.bmp,2128,1792
230.22412,10843.555,2.615161e+08,8.015398,-0.028564453,234.65079,961133.0,6.9027667,0.46020505,231.67249,949798.0,6.818554,0.04589843,32.859955,134603.0,6.7083626,Ship-water-1.bmp,2240,1792
159.19421,5083.7246,1.2462703e+08,7.9940033,0.36853027,180.57481,740190.75,7.2714515,-0.10876469,160.878,659004.75,7.25363,0.004028314,20.755295,85013.75,7.2497873,Ship-water-1.bmp,2352,1792
219.92944,14054.002,2.5568445e+08,7.90716,0.043945312,198.61478,813534.0,7.010435,0.3159179,146.02252,598517.0,7.1520715,0.0051269494,13.481664,55221.0,7.3700147,Ship-water-1.bmp,2464,1792
239.41101,13908.811,2.917435e+08,7.980077,0.24450685,263.91217,1.0812292e+06,7.0796356,0.13952631,135.39148,554643.25,7.1672497,0.02917481,15.810979,64765.25,7.307553,Ship-water-1.bmp,2576,1792
123.753784,7656.4795,9.409118e+07,7.5424657,0.97229004,47.03494,196527.25,6.192499,0.006225586,22.842308,93562.25,6.370203,-0.013061518,4.180798,17125.25,6.7659473,Ship-water-1.bmp,2688,1792
79.553955,16.157246,2.5989076e+07,8.312635,-0.0073242197,3.1476512,12893.0,7.469415,0.003662089,2.905016,11899.0,7.4799204,-0.0087890625,0.94889724,3887.0,7.4808044,Ship-water-1.bmp,2800,1792
79.33789,12.114954,2.58319e+07,8.313904,-0.015380859,2.9827957,12218.5,7.50413,-0.020507831,2.939643,12042.5,7.4714165,-0.0065917964,1.0137504,4152.5,7.4976254,Ship-water-1.bmp,2912,1792
68.28418,410.5241,2.0780046e+07,8.128663,-0.0871582,13.826756,56665.5,5.6874266,-0.030761726,21.338531,87406.5,5.5594435,0.010009763,2.9419162,12050.5,6.392826,Ship-water-1.bmp,0,1904
80.39746,1887.8455,3.4208144e+07,7.6883736,-0.017822266,30.408493,124554.5,5.795467,-0.030761696,83.69473,342817.5,5.1975055,0.0007324228,8.565307,35083.5,5.536868,Ship-water-1.bmp,112,1904
80.42871,558.7273,2.878466e+07,8.168093,-0.045166016,9.569737,39206.0,6.6699347,-0.15405269,25.09248,102876.0,6.200348,0.0048828144,2.2690191,9294.0,6.9045553,Ship-water-1.bmp,224,1904
124.15466,1696.6414,7.0086744e+07,8.115305,-0.25305176,59.5653,244241.75,6.635885,-0.017944306,90.0963,369035.75,6.602096,0.015258795,11.450634,46902.75,6.7814636,Ship-water-1.bmp,336,1904
174.73364,8367.207,1.5933053e+08,7.8099427,-0.18725586,162.12375,664202.5,6.4534974,0.10009772,253.9657,1.0402845e+06,6.453746,0.0141601665,25.521164,104535.5,6.6150637,Ship-water-1.bmp,448,1904
231.94519,23423.14,3.1630013e+08,7.7120733,0.26672363,278.84372,1.1424352e+06,6.494385,0.55920404,384.7098,1.5770522e+06,6.500266,0.0081787165,33.666008,137896.25,6.6117496,Ship-water-1.bmp,560,1904
148.32666,8055.8745,1.2311213e+08,7.688575,0.5095215,190.18509,780061.5,6.8173704,-0.024414033,212.97633,872353.5,6.748354,-0.0026855387,18.137808,74292.5,7.0321565,Ship-water-1.bmp,672,1904
161.39001,5700.4614,1.3003653e+08,7.9353657,-0.18811035,117.0002,479377.75,7.31347,-0.1685791,148.95248,610225.75,7.1199865,0.010620129,14.387033,58929.75,7.3637114,Ship-water-1.bmp,784,1904
197.5404,9604.242,1.9917395e+08,7.905965,-0.111938484,114.317,468293.75,7.147984,-0.40393072,103.9757,426552.75,7.1639633,-0.0050048837,10.3251095,42291.75,7.3478746,Ship-water-1.bmp,896,1904
184.70654,6535.0586,1.665088e+08,7.9757915,-0.07055664,118.68814,486167.0,7.350899,-0.116943374,139.85205,572890.0,7.326877,-0.002929686,14.112295,57804.0,7.3518353,Ship-water-1.bmp,1008,1904
184.55957,6222.328,1.6500557e+08,7.969507,-0.022949219,87.62532,358915.5,7.2413125,0.1105957,163.88412,671319.5,7.2624035,0.0031738319,13.417348,54957.5,7.3671784,Ship-water-1.bmp,1120,1904
178.25195,7638.131,1.614311e+08,7.9017467,0.029052734,147.34265,603519.0,6.678541,0.30908203,259.38007,1.062812e+06,6.9213476,0.0075683603,24.13715,98866.0,6.8462205,Ship-water-1.bmp,1232,1904
149.974,5219.549,1.1350733e+08,7.888575,-0.025268555,152.72525,625565.25,6.2818794,-0.10241699,239.39679,980612.25,6.3812785,0.027709957,23.563503,96519.25,6.386059,Ship-water-1.bmp,1344,1904
155.7688,2813.6475,1.1090971e+08,8.066642,-0.2133789,101.23096,414828.5,6.302679,0.012451265,138.42624,566994.5,6.162388,-0.035156246,17.627058,72205.5,6.5622373,Ship-water-1.bmp,1456,1904
259.92212,6186.4897,3.020636e+08,8.150612,-0.6953125,95.403984,392755.0,6.93994,-0.3422852,92.47196,379245.0,7.027479,-0.048095703,14.781868,60556.0,7.060477,Ship-water-1.bmp,1568,1904
256.0669,9882.691,3.0905526e+08,8.097729,0.4321289,209.14359,857417.0,6.7248554,0.107421875,151.26312,619621.0,6.8613806,-0.01220703,22.219822,91013.0,6.7662997,Ship-water-1.bmp,1680,1904
190.22168,14243.004,2.0655018e+08,7.7830234,0.05371095,324.73773,1.3301375e+06,7.007737,-0.03002917,365.42157,1.4967705e+06,7.023656,-0.02807618,56.13556,229934.5,7.0706205,Ship-water-1.bmp,1792,1904
192.10413,9985.072,1.9205763e+08,7.877321,-0.21203613,188.86746,773785.25,7.1742415,0.14831546,296.3174,1.2138062e+06,7.1852856,-0.012573248,51.607567,211385.25,7.161865,Ship-water-1.bmp,1904,1904
211.25635,9826.361,2.2305018e+08,7.9808245,0.008544922,287.42145,1.1772785e+06,7.0749974,0.28784177,323.18533,1.3241065e+06,7.127225,-0.005859378,57.197353,234280.5,7.0527477,Ship-water-1.bmp,2016,1904
235.0929,9967.633,2.6720787e+08,8.058777,0.14489748,301.37555,1.2345202e+06,6.9496408,0.22741693,317.6427,1.3012762e+06,6.8925414,0.04260253,49.679886,203496.25,6.610657,Ship-water-1.bmp,2128,1904
220.95752,10738.607,2.4396117e+08,8.004585,-0.18286133,288.91235,1.183522e+06,7.056898,-0.20410153,247.16415,1.012555e+06,7.092038,0.012451168,34.433197,141039.0,6.9273257,Ship-water-1.bmp,2240,1904
186.48267,5220.833,1.6382614e+08,8.073664,0.44384766,144.71378,593554.5,7.1985965,-0.29248053,118.58571,486077.5,7.248513,0.011474604,15.394766,63057.5,7.312794,Ship-water-1.bmp,2352,1904
224.07349,11925.865,2.5450411e+08,7.948784,-0.3251953,175.0876,717592.0,7.0606136,-0.39599618,102.51481,420543.0,7.0364456,0.0002441425,13.23999,54231.0,7.1068172,Ship-water-1.bmp,2464,1904
279.53174,7994.0796,3.52797e+08,8.156804,0.7026367,151.961,624454.5,7.082637,-0.2749024,124.88548,511840.5,7.2681026,-0.00048827287,15.632202,64029.5,7.261264,Ship-water-1.bmp,2576,1904
160.37573,5999.6455,1.299252e+08,7.9630966,0.4699707,80.278275,329724.5,7.0316887,0.041503876,76.68663,314115.5,7.186353,-0.0009765634,8.10803,33210.5,7.239773,Ship-water-1.bmp,2688,1904
102.233765,2152.9058,5.1628644e+07,7.923884,0.20300293,27.728504,113744.75,6.4093485,-0.20251465,23.46259,96270.75,6.4607754,-0.00036621024,3.0365598,12437.75,6.932085,Ship-water-1.bmp,2800,1904
78.78162,12.926615,2.5474948e+07,8.313583,-0.013305664,2.714117,11117.75,7.5049276,0.015014647,2.6869693,11006.75,7.511427,0.008178711,1.0274599,4208.75,7.5272923,Ship-water-1.bmp,2912,1904
126.97217,4671.3755,8.5169384e+07,7.8590426,-0.2590332,120.86809,495350.5,6.4848013,-0.28784177,113.72,466136.5,6.5476894,0.016113278,18.58995,76145.5,6.5125275,Ship-water-1.bmp,0,2016
91.75366,1941.9735,4.243746e+07,7.841381,0.16308594,47.667984,195357.0,5.6393843,0.07397464,55.26113,226372.0,5.4907255,-0.004882813,8.476782,34721.0,5.531481,Ship-water-1.bmp,112,2016
113.37488,2426.6943,6.258916e+07,7.9598536,-0.19567871,59.276222,242952.25,6.6258397,-0.24206541,68.40997,280447.25,6.7429996,0.003295899,7.8816414,32283.25,6.8560658,Ship-water-1.bmp,224,2016
134.14331,5172.1006,9.48901e+07,7.8045626,-0.052001953,95.39757,390759.5,6.7490435,-0.30078125,83.907455,344055.5,6.8303924,-0.012207029,12.139622,49724.5,6.9611044,Ship-water-1.bmp,336,2016
127.20044,6945.4834,9.472178e+07,7.683424,0.17016602,176.31137,722290.0,6.8566284,0.01782225,246.30217,1.008855e+06,6.706214,0.0119629,28.09141,115063.0,6.256974,Ship-water-1.bmp,448,2016
138.75232,6222.6343,1.0434494e+08,7.8032374,-0.26989746,110.87924,454459.75,7.2724004,-0.5721436,99.67284,409600.75,7.144209,0.0028076158,9.263847,37944.75,7.377653,Ship-water-1.bmp,560,2016
168.48096,6513.731,1.4294862e+08,7.9061646,0.028564446,140.95328,577348.0,7.1505833,-0.27099612,135.49274,555279.0,7.110548,0.0017089774,13.605953,55730.0,7.330535,Ship-water-1.bmp,672,2016
213.37524,7742.091,2.1819837e+08,8.028353,-0.03979492,172.9491,708406.0,7.265536,0.18798825,184.18391,754562.0,7.2459993,-0.0073242188,18.513376,75831.0,7.3777065,Ship-water-1.bmp,784,2016
198.93616,7210.2773,1.9163494e+08,7.9808884,-0.05505371,137.73007,564154.75,7.1430273,0.082397416,126.68797,518941.75,7.2872586,-0.006469734,13.785297,56464.75,7.292303,Ship-water-1.bmp,896,2016
187.41687,8307.355,1.7789928e+08,7.8941383,0.12145996,165.42757,677651.75,6.5041437,0.10290534,207.89926,851598.75,6.802058,-0.027954098,23.38441,95785.75,6.8399777,Ship-water-1.bmp,1008,2016
163.19543,4161.967,1.2613516e+08,8.000913,0.08483887,149.36847,611842.75,6.6398034,0.07336422,218.75433,896039.75,6.4995384,0.0013427697,26.014584,106555.75,6.7092752,Ship-water-1.bmp,1120,2016
152.60278,2513.6404,1.0568192e+08,8.074291,0.056152344,81.8069,335094.0,6.356988,0.18139648,118.378716,485014.0,6.3002605,0.0014648456,16.148678,66145.0,6.5261164,Ship-water-1.bmp,1232,2016
135.67114,346.86804,7.681444e+07,8.280834,0.12988281,30.449318,124789.5,7.4748554,0.06713864,26.186289,107277.5,7.512391,-0.0014648405,5.067991,20758.5,7.539804,Ship-water-1.bmp,1344,2016
139.17297,1176.9385,8.415664e+07,8.201479,-0.25134277,58.36108,239305.75,7.3712077,0.06384285,48.24782,197639.75,7.3145585,0.011108403,9.0042095,36881.75,7.470333,Ship-water-1.bmp,1456,2016
236.98401,6113.2603,2.5507712e+08,8.123091,-0.34875488,143.39626,587849.25,7.0997505,-0.050659224,153.4516,628548.25,6.9821606,-0.024536122,23.650827,96876.25,7.051051,Ship-water-1.bmp,1568,2016
238.9602,7406.9014,2.6422837e+08,8.10842,0.33251953,181.81717,745176.0,6.997815,-0.08935554,199.78912,818369.0,6.894936,0.0036621066,26.786118,109716.0,6.9896874,Ship-water-1.bmp,1680,2016
216.92615,12521.63,2.4403387e+08,7.958166,-0.012817385,309.08643,1.2660188e+06,6.9792423,-0.03991685,252.8875,1.03583375e+06,6.945183,0.020141605,40.76662,166981.75,6.877592,Ship-water-1.bmp,1792,2016
198.24243,10557.411,2.0421621e+08,7.920167,-0.17749023,232.7782,953588.5,6.8903065,-0.31860358,282.60907,1.1579825e+06,6.8983836,0.005615237,45.58896,186732.5,6.868196,Ship-water-1.bmp,1904,2016
180.9209,9441.834,1.7274554e+08,7.9082117,0.28881836,187.75058,769368.0,7.0603967,0.2731933,211.95758,868484.0,7.0729685,0.005371087,22.631807,92700.0,7.1264324,Ship-water-1.bmp,2016,2016
175.7124,5678.881,1.4972406e+08,8.033379,-0.20410156,176.07272,721364.5,6.923598,-0.031249925,146.47131,599950.5,7.0301094,0.004394524,20.805767,85220.5,6.918733,Ship-water-1.bmp,2128,2016
221.52673,6356.562,2.2704397e+08,8.109782,0.1138916,214.10233,877016.25,6.9495254,-0.023559518,160.47607,657312.25,6.958975,0.0059814425,26.852808,109989.25,6.8996296,Ship-water-1.bmp,2240,2016
241.92395,7395.262,2.700184e+08,8.12561,0.19055176,156.81592,642466.75,7.068051,-0.23571783,139.14139,570150.75,7.0685244,-0.0018310584,16.410091,67215.75,7.1378994,Ship-water-1.bmp,2352,2016
273.59412,10054.115,3.477826e+08,8.0966625,-0.07336426,133.15459,545423.25,6.929821,-0.013549991,97.52014,399443.25,6.918416,-0.0047607506,13.023477,53344.25,6.773555,Ship-water-1.bmp,2464,2016
274.9491,3686.6646,3.2474592e+08,8.232583,0.15563965,107.96631,442329.25,7.2813272,0.031372115,102.15727,418440.25,7.203961,0.008911131,14.9767885,61345.25,7.1021705,Ship-water-1.bmp,2576,2016
217.677,8842.186,2.3029949e+08,8.031223,0.37036133,96.94365,397643.0,7.243203,-0.7211914,99.01187,407683.0,7.29346,0.0063476586,10.692099,43795.0,7.3804307,Ship-water-1.bmp,2688,2016
113.23474,4050.5645,6.911046e+07,7.811768,0.46032715,39.674026,163372.75,6.3978915,-0.1710206,32.574696,133545.75,6.4971786,-0.005981445,4.176417,17106.75,6.8901844,Ship-water-1.bmp,2800,2016
80.46948,815.95447,2.9865132e+07,8.056044,-0.01489258,10.377342,42506.5,6.0887947,-0.18286131,12.053354,49507.5,6.0915956,-0.004150391,1.8143139,7431.5,7.051735,Ship-water-1.bmp,2912,2016
96.12976,4642.912,5.686822e+07,7.5063324,-0.4527588,113.43826,465482.75,6.2136407,0.251831,83.241936,341218.75,6.1962433,0.017456055,14.873657,60923.75,6.3217287,Ship-water-1.bmp,0,2128
106.93945,5202.0083,6.814947e+07,7.53696,0.19116211,126.722374,519204.5,6.1657944,0.16455084,117.23037,480286.5,6.0758142,0.032958977,16.475843,67489.5,6.149788,Ship-water-1.bmp,112,2128
171.2815,10023.447,1.6122182e+08,7.774434,-0.2866211,171.23412,701711.5,6.757404,-0.13232425,171.1772,701213.5,6.4397235,0.014892577,21.620995,88560.5,6.767476,Ship-water-1.bmp,224,2128
176.23462,14629.558,1.8713886e+08,7.6566415,-0.07446289,196.8149,806176.5,6.6897893,0.23388672,153.57089,629250.5,6.721367,-0.015624996,21.184692,86773.5,6.8861523,Ship-water-1.bmp,336,2128
208.0492,9677.273,2.1693128e+08,7.9329996,0.2750244,135.88524,556895.75,6.845967,-0.7454834,124.33897,511568.75,6.9657516,-0.0020751925,16.018978,65613.75,6.37152,Ship-water-1.bmp,448,2128
239.79077,6504.3594,2.6216027e+08,8.114738,-0.29736328,94.67902,388167.5,6.886552,0.018554688,104.553734,428253.5,6.950703,-0.0012206989,10.615355,43480.5,6.9321346,Ship-water-1.bmp,560,2128
184.11658,7080.785,1.6785283e+08,7.9363494,0.41125488,141.26831,579327.75,7.114647,-0.32971188,129.849,532306.75,7.1656494,-0.011596683,14.862109,60875.75,7.3200035,Ship-water-1.bmp,672,2128
186.37195,5105.378,1.6318416e+08,8.04291,0.0057373047,150.58267,616786.75,7.007637,0.034301713,167.76877,687185.75,7.0310326,-0.0037841843,19.665451,80549.75,7.0754776,Ship-water-1.bmp,784,2128
157.67126,3463.8765,1.1601554e+08,8.053514,0.09680176,60.12326,246303.25,7.328373,0.1981201,107.03308,438568.25,7.221465,-0.0130615225,11.743053,48100.25,7.3779407,Ship-water-1.bmp,896,2128
146.65259,2174.536,9.69995e+07,8.085979,-0.016357422,98.319565,402718.0,6.03888,0.17553717,107.58736,440804.0,6.143312,-0.034912106,17.465824,71545.0,6.5482607,Ship-water-1.bmp,1008,2128
134.9469,287.71503,7.576937e+07,8.2864,0.07312012,40.54159,166080.25,7.579052,0.036499016,34.681343,142060.25,7.504174,-0.014526365,8.395603,34389.25,7.5476055,Ship-water-1.bmp,1120,2128
124.99475,309.9622,6.5264228e+07,8.277761,0.01501465,32.14803,131679.25,7.457842,0.028442355,29.509995,120876.25,7.452324,0.0067138686,5.644304,23119.25,7.5418887,Ship-water-1.bmp,1232,2128
142.02722,1011.9136,8.676821e+07,8.223001,-0.15856934,48.147526,197315.25,7.278276,-0.12780762,48.308193,197937.25,7.325369,-0.004028319,6.781539,27777.25,7.480692,Ship-water-1.bmp,1344,2128
197.17603,4740.7085,1.786638e+08,8.102393,-0.23779297,77.324554,316953.0,7.2815304,-0.3334961,101.93443,417979.0,7.2049994,0.0065918043,16.116413,66013.0,7.157105,Ship-water-1.bmp,1456,2128
223.20728,4113.127,2.209162e+08,8.173943,0.18676758,75.83952,310781.5,7.166174,0.30004895,94.78876,388623.5,7.099363,0.023193361,17.046215,69823.5,7.0192347,Ship-water-1.bmp,1568,2128
220.3219,7820.397,2.3085933e+08,8.021837,-0.08898926,104.25911,427077.75,7.0084205,0.079223596,153.89453,630377.75,6.907937,-0.010375979,15.42659,63187.75,7.0360484,Ship-water-1.bmp,1680,2128
260.54272,10302.973,3.2024774e+08,8.081068,0.15576172,198.16226,811772.0,6.9814615,-0.38671872,193.79967,794416.0,7.0542426,0.017333988,25.939642,106250.0,7.06801,Ship-water-1.bmp,1792,2128
217.71729,5504.996,2.167022e+08,8.130471,0.2548828,150.12424,615175.0,6.9628334,-0.03393559,135.98225,556988.0,6.9553723,0.0031738293,19.95287,81727.0,7.149824,Ship-water-1.bmp,1904,2128
197.8009,3904.5793,1.7624995e+08,8.143145,0.14221191,101.70066,416648.75,6.865343,-0.09729004,107.96532,442264.75,6.737713,-0.007446291,11.43299,46829.75,7.154131,Ship-water-1.bmp,2016,2128
209.28113,2849.2834,1.910697e+08,8.186983,0.041625977,65.15995,266902.25,6.683841,-0.24377441,64.719444,265334.25,6.8314886,0.023559567,9.89477,40531.25,6.7909813,Ship-water-1.bmp,2128,2128
234.9447,5229.1455,2.4751374e+08,8.152489,-0.18493652,144.90115,593655.25,6.809503,-0.29553235,185.8666,761667.25,6.705294,0.009399418,35.628876,145936.25,6.458185,Ship-water-1.bmp,2240,2128
262.85425,6475.7046,3.095268e+08,8.173792,0.032958984,130.32947,533834.0,7.0247993,-0.13549803,112.10224,459246.0,7.042368,0.010009765,15.147848,62046.0,6.9629745,Ship-water-1.bmp,2352,2128
214.99402,11170.391,2.3508098e+08,7.956487,-0.071899414,128.42824,526063.25,7.1881995,0.31408685,98.957565,405734.25,7.233221,-0.0042724567,11.859661,48577.25,7.350779,Ship-water-1.bmp,2464,2128
267.73706,4828.205,3.1339043e+08,8.194079,0.24023438,125.17166,512939.5,7.2117643,-0.0073243678,117.38826,480822.5,7.316513,0.0012207078,13.969602,57219.5,7.426147,Ship-water-1.bmp,2576,2128
243.62927,8292.066,2.770833e+08,8.100122,0.25549316,108.25876,443695.25,7.3065434,0.5489503,133.57443,548355.25,7.365222,-0.00061034923,12.992492,53217.25,7.4076176,Ship-water-1.bmp,2688,2128
153.85583,3477.8242,1.1120411e+08,8.054251,0.39318848,81.63623,335015.25,6.982973,-0.11193848,64.4995,264241.25,7.0884514,0.004028322,7.962446,32614.25,7.326803,Ship-water-1.bmp,2800,2128
149.40076,2145.0059,1.00211064e+08,8.145596,-0.041137695,50.35347,206254.75,6.8469486,-0.26037598,52.829357,216666.75,6.923127,-0.0015869155,7.575375,31028.75,7.1353097,Ship-water-1.bmp,2912,2128
63.173584,175.21596,1.7064418e+07,8.215061,-0.029296875,12.309199,50422.0,5.84025,0.120605454,10.003277,41033.0,5.7541137,-0.0056152362,2.2917163,9387.0,6.718853,Ship-water-1.bmp,0,2240
76.84778,2593.988,3.4814236e+07,7.458897,-0.3145752,68.489365,280937.75,5.5518684,-0.1314697,52.00072,213065.75,5.484616,0.011352537,7.75689,31772.75,5.585349,Ship-water-1.bmp,112,2240
185.87537,9276.351,1.795113e+08,7.867714,-0.29748535,166.66534,683023.75,6.5240755,-0.32556146,180.56192,740015.75,6.2269697,-0.029174816,29.508366,120869.75,5.921811,Ship-water-1.bmp,224,2240
206.90149,9516.42,2.1432173e+08,7.958804,-0.1138916,234.0524,958731.75,6.8271513,-0.35412592,231.57132,949029.75,6.7808056,0.015747072,34.932304,143083.75,6.800357,Ship-water-1.bmp,336,2240
288.31995,18992.64,4.1828778e+08,7.973871,0.10119629,326.94614,1.3392132e+06,6.9323134,-0.49255356,314.338,1.2885222e+06,6.909131,0.0040283147,39.365036,161239.25,6.7243695,Ship-water-1.bmp,448,2240
179.92554,2604.9573,1.4327053e+08,8.152334,0.01586914,33.773426,138337.0,7.209959,0.37280264,46.076103,189297.0,7.093776,-0.026123047,5.062306,20738.0,7.405935,Ship-water-1.bmp,560,2240
203.13306,4958.359,1.8932285e+08,8.099216,-0.06298828,91.04046,372918.0,7.014907,-0.027587801,106.388885,435772.0,7.08902,-0.02490234,16.542835,67762.0,7.086281,Ship-water-1.bmp,672,2240
175.69653,3114.101,1.391959e+08,8.134716,0.0847168,110.47098,452518.5,7.024226,0.061279245,132.21854,541582.5,6.943947,0.03002929,16.3271,66879.5,7.06856,Ship-water-1.bmp,784,2240
147.60315,1349.404,9.476544e+07,8.185205,0.14343262,70.57178,289146.25,6.868662,-0.06677243,67.69214,277285.25,6.8323708,-0.013793947,9.858025,40379.25,7.155776,Ship-water-1.bmp,896,2240
139.01147,1082.407,8.358542e+07,8.182476,-0.14892578,49.737465,203815.5,7.3455925,-0.095947236,41.7165,170908.5,7.297826,-0.001953126,9.598261,39314.5,7.514656,Ship-water-1.bmp,1008,2240
133.01038,1428.944,7.83184e+07,8.141901,0.18933105,59.51475,243919.25,7.171646,-0.05480954,53.492176,219116.25,7.23649,-0.0052490183,9.064732,37129.25,7.465416,Ship-water-1.bmp,1120,2240
156.84949,2917.4482,1.1271869e+08,8.101356,-0.23937988,61.067146,250365.75,7.300449,-0.35656735,69.93457,286972.75,7.369541,-0.0059814453,8.619776,35306.75,7.437607,Ship-water-1.bmp,1232,2240
194.16516,3904.117,1.7041091e+08,8.134881,-0.12097168,52.98824,217099.75,7.096053,0.08557126,62.741398,257018.75,7.2092896,-0.0013427711,9.86273,40397.75,7.0405025,Ship-water-1.bmp,1344,2240
165.896,3761.1853,1.281338e+08,8.058648,0.34179688,82.48633,338342.5,6.633005,0.3149414,80.06475,328351.5,6.653738,-0.00634765,18.179525,74463.5,6.65927,Ship-water-1.bmp,1456,2240
161.78833,6098.2383,1.3219308e+08,7.9063244,-0.3359375,96.998825,397769.5,6.438954,0.0007325411,98.848755,404884.5,6.4854603,-0.0024414118,18.737663,76749.5,6.557103,Ship-water-1.bmp,1568,2240
213.64294,5217.7305,2.0832682e+08,8.112305,-0.008911133,64.938095,265986.75,6.951408,-0.048461974,86.02908,352384.75,6.9258447,-0.015747074,12.279718,50298.75,7.0063453,Ship-water-1.bmp,1680,2240
264.43372,8782.128,3.2238515e+08,8.117151,-0.37927246,88.3401,362430.25,6.8906007,0.55944836,86.16632,354219.25,6.784833,-0.029418949,12.742359,52196.25,7.1851377,Ship-water-1.bmp,1792,2240
255.78625,6587.108,2.949682e+08,8.157633,0.12634277,103.14866,422562.25,7.00922,-0.34387207,80.67113,330913.25,7.011489,0.007446285,13.420173,54969.25,7.3375397,Ship-water-1.bmp,1904,2240
250.89893,5020.3545,2.7840768e+08,8.170416,0.16430664,115.5062,473224.0,7.004092,-0.17944345,148.36551,607837.0,6.9238486,-0.013671873,18.041561,73899.0,7.0247993,Ship-water-1.bmp,2016,2240
222.08862,9355.216,2.4034744e+08,8.017429,-0.09033203,212.20595,869229.0,6.9740124,0.22045891,302.1716,1.237894e+06,6.904992,0.013183594,48.798653,199880.0,6.618541,Ship-water-1.bmp,2128,2240
203.23401,13899.119,2.2611222e+08,7.8130636,-0.35949707,355.02524,1.4547128e+06,6.9550505,0.41882318,466.52695,1.9116128e+06,7.011394,0.012329092,80.3594,329152.75,6.8443875,Ship-water-1.bmp,2240,2240
243.45679,10195.877,2.8453715e+08,8.035775,0.045654297,263.02454,1.077357e+06,6.600622,-0.019775353,197.78842,810143.0,6.853266,0.020751953,33.658264,137866.0,6.3995514,Ship-water-1.bmp,2352,2240
208.64673,8686.426,2.1389264e+08,8.011478,0.14404297,152.6913,625508.5,7.1433663,-0.12768555,128.18695,525120.5,7.132739,-0.01806641,14.439249,59144.5,7.260207,Ship-water-1.bmp,2464,2240
197.99878,7713.6245,1.921726e+08,8.001613,-0.15478516,194.16658,795404.5,6.8389177,0.40942383,134.63083,552134.5,7.02658,-0.021484375,14.207423,58195.5,7.132293,Ship-water-1.bmp,2576,2240
167.41919,4280.881,1.32342024e+08,8.067087,0.34594727,85.36554,350147.5,7.250607,-0.31542975,88.61131,363359.5,7.291695,-0.018554691,8.724875,35738.5,7.4618216,Ship-water-1.bmp,2688,2240
147.63855,3102.6091,1.0198938e+08,8.073898,-0.14685059,91.94249,376684.75,7.162219,0.008911207,89.96544,368498.75,7.099226,0.0111084,10.167784,41647.75,7.355235,Ship-water-1.bmp,2800,2240
150.32812,2982.0352,1.0477805e+08,8.091,0.11547853,99.193565,406351.5,7.0781536,0.16845706,116.35162,476692.5,6.971837,-0.008544924,14.21294,58216.5,7.11049,Ship-water-1.bmp,2912,2240
221.53796,31360.682,3.2948125e+08,7.624981,-0.62023926,291.69385,1.1963538e+06,6.5164,-1.0836182,312.5745,1.2851148e+06,6.4170346,0.007202155,41.140266,168510.75,6.5548873,Ship-water-1.bmp,0,2352
188.76624,26133.547,2.529945e+08,7.4815526,0.20300293,358.11743,1.4670178e+06,6.3623705,-0.49328616,314.7224,1.2900998e+06,6.3506136,-0.0076904283,50.07141,205092.75,6.285961,Ship-water-1.bmp,112,2352
230.95422,10543.594,2.616666e+08,7.971206,-0.03479004,203.6579,834187.75,6.3441286,-0.06994629,158.94499,651058.75,6.4084435,0.017700192,25.956657,106319.75,6.2576666,Ship-water-1.bmp,224,2352
226.69202,9533.205,2.4953846e+08,8.017895,0.1583252,253.45337,1.03824775e+06,6.5278373,-0.1639404,264.8112,1.0847768e+06,6.577549,-0.025268555,48.772247,199773.75,6.2854767,Ship-water-1.bmp,336,2352
296.68762,16843.98,4.295374e+08,8.018453,0.09362794,333.31866,1.3653092e+06,6.8502564,0.3341064,385.00684,1.5774452e+06,6.8427277,-0.005004896,55.45096,227127.25,6.537688,Ship-water-1.bmp,448,2352
171.0199,3421.9258,1.33815224e+08,8.103197,0.33068848,105.246185,431536.25,6.488544,0.08044435,139.33221,570731.25,6.4100504,-0.06286621,20.330338,83289.25,6.148039,Ship-water-1.bmp,560,2352
152.9685,2481.4495,1.0600781e+08,8.140192,-0.12524414,113.868576,466470.0,7.2870207,0.11352539,93.79059,384219.0,7.3004985,-0.028076166,15.794135,64696.0,7.259747,Ship-water-1.bmp,672,2352
174.03577,1781.0138,1.3135651e+08,8.197245,-0.06311035,82.146835,336489.75,7.0648823,0.19055173,88.5083,362678.75,6.948757,0.009643551,11.058195,45294.75,7.195198,Ship-water-1.bmp,784,2352
134.67578,996.4302,7.837285e+07,8.198163,0.14526367,52.248306,214095.5,7.159981,-0.007568307,52.32697,214331.5,7.0850115,-0.007812501,8.69342,35608.5,7.3893967,Ship-water-1.bmp,896,2352
156.21826,3913.354,1.1598848e+08,7.9948316,-0.30078125,72.1693,295976.0,7.264168,-0.27246094,68.895004,282498.0,7.25577,-0.009765625,11.915186,48805.0,7.504837,Ship-water-1.bmp,1008,2352
192.52771,4107.957,1.6865229e+08,8.111177,-0.03967285,69.672806,285386.25,7.1314125,-0.2933349,78.16475,320515.25,7.227663,-0.0057373047,11.125271,45569.25,7.383342,Ship-water-1.bmp,1120,2352
185.6637,5916.9365,1.6542902e+08,8.025422,0.22546387,44.17652,181155.25,7.024497,0.32189935,54.648396,224264.25,7.0849557,0.006225585,7.2065654,29518.25,7.1887226,Ship-water-1.bmp,1232,2352
132.40259,1834.6101,7.931926e+07,8.09598,0.010009766,26.851217,109983.0,6.7921753,0.008789077,28.192547,115477.0,6.679368,0.025390625,4.176845,17111.0,7.014023,Ship-water-1.bmp,1344,2352
168.18225,4798.577,1.3551144e+08,7.9919834,-0.17492676,74.064804,303494.75,6.597311,-0.07312013,72.18649,295697.75,6.8355703,0.008178713,13.1043625,53675.75,6.6854477,Ship-water-1.bmp,1456,2352
210.11511,9133.51,2.1824253e+08,7.9828377,0.28308105,139.60217,572138.75,6.698244,-0.037231386,158.01369,647229.75,7.0266547,0.0062255785,23.910545,97937.75,6.935054,Ship-water-1.bmp,1568,2352
192.51453,10179.648,1.9350115e+08,7.9095073,-0.34753418,119.581055,490298.75,6.6924562,-0.42761225,154.66351,634250.75,6.903852,0.016967779,25.54213,104621.75,6.920182,Ship-water-1.bmp,1680,2352
231.7284,10883.564,2.6452627e+08,8.012472,-0.020629883,164.88623,675375.75,7.043448,-0.26452637,191.99246,786687.75,7.003627,0.009399411,21.522312,88155.75,7.242468,Ship-water-1.bmp,1792,2352
236.84985,12472.415,2.808638e+08,8.0089,-0.20874023,163.3628,669312.5,7.0446672,0.18139653,196.5014,805004.5,6.933676,0.013916014,21.747486,89078.5,6.940037,Ship-water-1.bmp,1904,2352
245.74243,8755.515,2.8321734e+08,8.08624,0.26708984,167.586,686724.5,7.043109,0.12158206,197.11913,807460.5,6.9070883,0.010498043,25.85548,105904.5,6.890254,Ship-water-1.bmp,2016,2352
189.28821,8652.372,1.821999e+08,7.936788,0.41003418,487.84683,1.9989092e+06,7.122901,-0.017700186,492.00925,2.0152712e+06,6.9607596,0.013305665,99.3988,407138.25,6.9739914,Ship-water-1.bmp,2128,2352
153.92932,3568.2493,1.1166714e+08,8.035201,-0.0357666,193.90356,794234.25,7.040533,-0.053100668,338.0456,1.3846462e+06,6.933011,0.011108405,54.912292,224921.25,6.8990703,Ship-water-1.bmp,2240,2352
216.12585,12996.49,2.4455936e+08,7.870325,-0.22790527,325.64343,1.3340482e+06,6.8069253,0.3023681,337.17767,1.3814542e+06,6.988656,0.026733391,60.67342,248521.25,6.8086834,Ship-water-1.bmp,2352,2352
210.00061,6970.8994,2.0918746e+08,8.075988,0.20617676,140.16153,574275.75,7.087412,0.07922374,128.55249,526576.75,7.113531,-0.008178715,14.357293,58807.75,7.2088037,Ship-water-1.bmp,2464,2352
192.98792,8150.2915,1.8593638e+08,7.978258,0.27746582,224.53903,920027.25,6.9354076,-0.15905759,191.30484,783688.25,7.0594764,-0.00036620814,22.364563,91605.25,6.9955745,Ship-water-1.bmp,2576,2352
191.3081,6334.996,1.758568e+08,8.045852,0.17651367,115.08969,471535.0,7.0428505,0.27880856,97.45839,399508.0,7.1275425,-0.009033207,10.077066,41276.0,7.297471,Ship-water-1.bmp,2688,2352
130.55627,1998.7344,7.80029e+07,8.124346,0.05847168,67.68402,277247.75,7.0887446,0.1568604,70.033195,286956.75,6.908879,0.0018310538,9.464534,38766.75,7.0541124,Ship-water-1.bmp,2800,2352
137.00586,1915.5927,8.473067e+07,8.162815,0.0012206994,93.213745,381803.5,7.042688,-0.041992165,102.86848,421356.5,6.760912,0.0036621075,15.335556,62814.5,6.908674,Ship-water-1.bmp,2912,2352
201.78772,9017.146,2.0371632e+08,7.946408,0.061889656,727.81384,2.9811412e+06,7.099424,0.09313962,576.57635,2.3616922e+06,7.117045,-0.103881836,195.36572,800262.25,7.0011005,Ship-Water-Cloud-2.bmp,0,0
194.69348,9296.798,1.9334083e+08,7.9152594,-0.1854248,540.8335,2.2153948e+06,7.0405283,0.114868306,448.45767,1.8369368e+06,6.9469895,0.009399412,143.99985,589823.75,6.9318814,Ship-Water-Cloud-2.bmp,112,0
195.82153,8620.332,1.923744e+08,7.946766,-0.063964844,515.1259,2.1099725e+06,6.9440536,-0.17309558,409.67035,1.6781325e+06,7.0929537,0.07080079,113.6062,465351.5,7.0977273,Ship-Water-Cloud-2.bmp,224,0
174.28479,7525.8438,1.5524262e+08,7.906543,-0.5128174,665.6315,2.7275038e+06,7.1052475,0.21569817,528.8821,2.1664918e+06,7.118814,-0.008666994,169.05528,692450.75,7.0460696,Ship-Water-Cloud-2.bmp,336,0
210.12817,9279.432,2.1886272e+08,7.959271,-0.07348633,597.39624,2.446957e+06,7.0553904,-0.35205078,444.5379,1.821335e+06,7.0936418,-0.015625006,146.0857,598368.0,6.9424024,Ship-Water-Cloud-2.bmp,448,0
252.2478,16096.44,3.265552e+08,7.9133487,-0.00195314,510.29053,2.09015e+06,6.8921905,0.13989261,401.3918,1.644181e+06,6.9524317,0.0034179501,124.37401,509436.0,6.7894135,Ship-Water-Cloud-2.bmp,560,0
204.60071,10289.826,2.1361163e+08,7.9321938,0.2244873,1153.0082,4.722928e+06,7.072858,0.2667235,683.7418,2.8008978e+06,7.1118336,0.09948731,218.22882,893905.75,7.0793014,Ship-Water-Cloud-2.bmp,672,0
210.76758,10527.937,2.2507893e+08,7.9470153,-0.1262207,1265.5756,5.1838625e+06,7.1680593,-0.06640618,725.86285,2.9731525e+06,7.200427,0.0031738281,212.32874,869698.5,7.2317853,Ship-Water-Cloud-2.bmp,784,0
217.854,8785.191,2.3038181e+08,8.018912,-0.21240234,733.5714,3.0048935e+06,7.0681014,-0.3059082,548.4305,2.2467545e+06,7.152474,0.027587878,148.40927,607887.5,7.0657554,Ship-Water-Cloud-2.bmp,896,0
223.45618,8391.373,2.3889526e+08,8.042614,0.09631348,494.01556,2.0235258e+06,7.0241365,0.085571304,368.04413,1.5075388e+06,7.108947,0.0020752046,96.2287,394152.75,7.0496035,Ship-Water-Cloud-2.bmp,1008,0
235.58276,6098.584,2.5230469e+08,8.134214,-0.4609375,265.2564,1.0873605e+06,6.8247113,0.3303222,250.49599,1.0264785e+06,6.9018793,0.0029296898,55.021107,225366.5,6.839973,Ship-Water-Cloud-2.bmp,1120,0
380.8828,12178.82,6.440982e+08,8.176912,-0.7192383,49.48563,204812.0,6.7878447,-0.5397951,30.32825,125418.0,7.024823,0.042236328,8.816575,36120.0,6.61203,Ship-Water-Cloud-2.bmp,1232,0
448.6903,3140.06,8.374807e+08,8.28854,0.103149414,27.340494,112030.25,6.715888,0.012329072,22.112457,90573.25,6.983693,-0.01965332,5.799968,23758.25,6.9033403,Ship-Water-Cloud-2.bmp,1344,0
368.12537,5367.711,5.7706086e+08,8.244829,0.6636963,63.659786,262554.75,6.838738,-0.20715319,66.25927,271573.75,6.67789,-0.03894043,12.981089,53176.75,7.056451,Ship-Water-Cloud-2.bmp,1456,0
214.88147,7070.259,2.1808867e+08,8.064291,0.68151855,233.39679,957895.75,6.8658633,0.09094259,289.14178,1.1843588e+06,6.9662137,-0.062133797,52.811752,216332.75,7.0199375,Ship-Water-Cloud-2.bmp,1568,0
180.29175,7573.7715,1.641631e+08,7.9605494,-0.25732422,357.06488,1.462809e+06,6.950679,0.16259763,433.97357,1.777664e+06,7.0855846,-0.04125977,81.2527,332818.0,7.024689,Ship-Water-Cloud-2.bmp,1680,0
181.27136,10574.576,1.7790518e+08,7.8571157,0.14685059,378.69064,1.5512052e+06,6.7895465,-0.19738767,521.1015,2.1345912e+06,6.961802,0.02722169,94.21343,385901.25,6.952292,Ship-Water-Cloud-2.bmp,1792,0
135.1416,7146.786,1.0407952e+08,7.725418,0.14111328,336.88354,1.3799565e+06,6.8767653,-0.06689447,308.21564,1.2624695e+06,6.6549845,-0.022460924,97.52257,399454.5,6.6987605,Ship-Water-Cloud-2.bmp,1904,0
124.62463,7411.1523,9.397228e+07,7.6759925,-0.10241699,239.46393,980887.25,6.38821,-0.14465335,143.64807,588468.25,6.6365805,0.07067871,34.552685,141548.25,6.7232037,Ship-Water-Cloud-2.bmp,2016,0
140.47754,6153.3477,1.0603432e+08,7.846044,-0.016357422,215.79453,883895.5,6.369321,0.12939444,208.16794,852724.5,6.6211033,0.033935547,57.11396,233943.5,6.5381794,Ship-Water-Cloud-2.bmp,2128,0
279.00854,10416.229,3.6152115e+08,8.102012,-0.35302734,207.4431,850197.5,6.520197,-0.614746,194.38687,797756.5,6.57115,0.043701172,54.2636,222271.5,6.491356,Ship-Water-Cloud-2.bmp,2240,0
269.7716,9114.506,3.3542646e+08,8.099598,0.26867676,213.17934,873478.25,6.665011,-0.42199716,201.9155,827775.25,6.624585,-0.024047844,69.75485,285718.25,6.3676243,Ship-Water-Cloud-2.bmp,2352,0
240.60303,16512.162,3.0475053e+08,7.934013,0.86035156,489.48904,2.007979e+06,6.791894,-0.18579113,552.86633,2.264682e+06,6.729557,0.02856446,149.28409,611471.0,6.7965193,Ship-Water-Cloud-2.bmp,2464,0
247.13538,21927.531,3.3998205e+08,7.8708305,0.75964355,963.8751,3.9503962e+06,6.805193,0.02551262,867.5521,3.5534962e+06,6.7296147,-0.05773924,219.26822,898136.25,6.8388267,Ship-Water-Cloud-2.bmp,2576,0
160.33496,13000.016,1.5854517e+08,7.6342335,0.20483398,551.4398,2.2588695e+06,6.732992,-0.39941403,595.0869,2.4381295e+06,6.701925,-0.005126955,110.92612,454353.5,6.892564,Ship-Water-Cloud-2.bmp,2688,0
228.59131,11980.042,2.631026e+08,7.958895,-0.29492188,155.46442,637138.5,6.47366,-0.39770493,146.08926,599029.5,6.379708,-0.06030273,28.676418,117473.5,6.63072,Ship-Water-Cloud-2.bmp,2800,0
226.40393,12078.209,2.5942814e+08,7.9327235,-0.7467041,102.02404,420174.25,6.678722,-0.77087414,76.11894,314217.25,6.5999126,-0.0025634756,16.449516,67377.25,6.7756076,Ship-Water-Cloud-2.bmp,2912,0
430.7511,8980.905,7.9678426e+08,8.235118,-0.46374512,29.187838,120434.25,6.643906,-0.6571045,23.791176,99217.25,6.679454,-0.026733398,5.0196104,20563.25,6.6005416,Ship-Water-Cloud-2.bmp,3024,0
406.19507,8573.143,7.1093286e+08,8.227224,0.29638672,147.40642,604136.5,5.9455924,-0.22119127,73.72341,302171.5,6.273253,-0.046630863,30.668602,125627.5,5.805485,Ship-Water-Cloud-2.bmp,3136,0
325.41162,16457.559,5.0114675e+08,8.076723,0.62646484,163.82703,672643.0,5.9911327,0.6752929,129.34622,531670.0,6.273162,-0.018066414,36.1049,147887.0,5.9145484,Ship-Water-Cloud-2.bmp,3248,0
180.48816,8941.259,1.700546e+08,7.8992147,0.10803223,245.98875,1.00761775e+06,6.6515074,0.19030753,275.10825,1.1269918e+06,6.451785,-0.0076904306,52.894653,216656.75,6.6607037,Ship-Water-Cloud-2.bmp,3360,0
221.31348,14289.058,2.5914864e+08,7.8796597,-1.4006348,569.85156,2.3421475e+06,6.64189,-0.31640625,514.1422,2.1063365e+06,6.5657816,0.045165993,105.33671,431467.5,6.6820393,Ship-Water-Cloud-2.bmp,3472,0
236.6648,17789.387,3.022832e+08,7.878866,0.3215332,772.29175,3.1637305e+06,6.758364,0.0026855841,938.922,3.8458245e+06,6.8093696,0.03198243,176.92757,724699.5,6.7851,Ship-Water-Cloud-2.bmp,3584,0
198.7456,16935.564,2.3115933e+08,7.7464705,0.029296875,949.5748,3.889462e+06,6.8082294,-0.3625488,900.3976,3.688567e+06,6.811419,-0.05346681,173.16803,709308.0,6.9998207,Ship-Water-Cloud-2.bmp,3696,0
220.61035,19059.262,2.7741466e+08,7.7871714,-0.2097168,1192.2563,4.883662e+06,6.659274,-0.07080077,914.9701,3.747738e+06,6.6583004,0.033447266,203.42198,833221.0,6.90036,Ship-Water-Cloud-2.bmp,3808,0
194.84167,17008.707,2.2516525e+08,7.7146397,0.13464355,577.522,2.3656042e+06,6.6255198,-0.1011962,726.17194,2.9744422e+06,6.684129,-0.037719745,125.717636,514945.25,6.886545,Ship-Water-Cloud-2.bmp,3920,0
181.46216,18812.758,2.1193226e+08,7.591384,-0.3239746,826.7151,3.386655e+06,6.4360523,0.3527833,605.92267,2.482369e+06,6.667451,0.0051269475,140.26437,574523.0,6.6952276,Ship-Water-Cloud-2.bmp,4032,0
193.54785,19182.527,2.3201094e+08,7.6562524,0.059814453,905.182,3.70764e+06,6.561837,0.35302734,768.28455,3.147404e+06,6.7142696,0.0925293,178.50804,731204.0,6.7257967,Ship-Water-Cloud-2.bmp,4144,0
191.23657,16822.338,2.1870086e+08,7.7193933,-0.28955078,982.63354,4.0252105e+06,6.841764,-0.13647461,883.5108,3.6189365e+06,6.838971,-0.084960945,177.19165,725806.5,6.9811893,Ship-Water-Cloud-2.bmp,4256,0
182.40637,14414.5625,1.953245e+08,7.7468743,0.41052246,894.35706,3.6639768e+06,6.8900743,-0.27331543,914.62445,3.7466078e+06,6.8118043,0.08679199,195.00803,798783.75,6.901412,Ship-Water-Cloud-2.bmp,4368,0
150.39636,16779.105,1.6137491e+08,7.482376,0.12072754,775.10596,3.1748938e+06,6.5896816,0.3170166,938.78424,3.8456718e+06,6.5620947,-0.039672844,169.05963,692474.75,6.7027845,Ship-Water-Cloud-2.bmp,4480,0
125.95557,8540.025,9.996218e+07,7.6149206,-0.19702148,509.91577,2.088774e+06,6.5348835,0.18579099,381.4069,1.562384e+06,6.7691627,0.051269524,96.499084,395271.0,6.6819425,Ship-Water-Cloud-2.bmp,4592,0
210.83252,11416.791,2.288318e+08,7.9424796,-0.53881836,345.2199,1.41521e+06,6.573915,0.07861334,354.6801,1.452795e+06,6.569644,-0.099365234,71.198135,291668.0,6.524788,Ship-Water-Cloud-2.bmp,4704,0
300.70422,11163.64,4.16099e+08,8.116779,-0.18762207,345.72217,1.4162222e+06,6.6895323,0.77941895,395.83203,1.6238162e+06,6.602624,0.063354485,68.96114,282481.25,6.836375,Ship-Water-Cloud-2.bmp,4816,0
283.05835,11272.496,3.74352e+08,8.094427,0.40698242,699.15656,2.8644235e+06,6.886841,0.44873044,650.3444,2.6646355e+06,6.9239984,0.069824204,147.37439,603665.5,6.935026,Ship-Water-Cloud-2.bmp,4928,0
218.55603,13036.756,2.490511e+08,7.9219384,-0.024047866,790.40955,3.2375198e+06,6.9738016,0.15271007,792.9156,3.2478778e+06,6.951705,0.060913067,154.2516,631829.75,7.041399,Ship-Water-Cloud-2.bmp,5040,0
197.93909,9704.234,2.0022934e+08,7.9243355,0.20593262,978.3561,4.0075202e+06,7.029666,0.045288146,902.63983,3.6972212e+06,7.0584116,0.19250488,187.71912,769049.25,7.1249175,Ship-Water-Cloud-2.bmp,5152,0
197.66553,8923.574,1.9658848e+08,7.9625893,0.061767578,902.4171,3.696316e+06,7.07097,-0.390625,748.08887,3.064797e+06,7.148823,-0.06958009,192.50372,788515.0,7.0974264,Ship-Water-Cloud-2.bmp,5264,0
177.31885,12606.043,1.8042067e+08,7.7885795,-0.16674805,948.1548,3.883756e+06,6.9018393,-0.2141114,791.09644,3.240519e+06,6.821233,-0.039550766,199.56335,817418.0,6.94746,Ship-Water-Cloud-2.bmp,5376,0
194.66406,9618.609,1.9461205e+08,7.9165416,-0.79711914,860.85486,3.528664e+06,6.8778872,-0.37866196,548.7497,2.248266e+06,6.97296,0.03466796,143.30714,586991.0,7.086976,Ship-Water-Cloud-2.bmp,5488,0
242.0918,21652.102,3.2874714e+08,7.8187003,-0.25878906,1109.821,4.5461015e+06,6.539791,-0.23486328,806.745,3.3046535e+06,6.623391,-0.06347655,175.23608,717783.5,6.6808906,Ship-Water-Cloud-2.bmp,5600,0
190.85815,9493.959,1.8809157e+08,7.901726,-0.5402832,1068.81,4.3790415e+06,7.051715,-0.16894533,939.20447,3.8470985e+06,7.0777893,-0.020996109,199.93182,818922.5,7.119254,Ship-Water-Cloud-2.bmp,5712,0
165.42603,8739.48,1.478871e+08,7.85128,-0.37646484,893.5155,3.66042e+06,7.036386,-0.50122076,876.1914,3.589909e+06,7.046217,-0.028808601,182.57022,747811.0,7.088105,Ship-Water-Cloud-2.bmp,5824,0
189.43591,9532.525,1.8603413e+08,7.9145,-0.2689209,995.03516,4.0759602e+06,7.009923,-0.039916962,1100.2908,4.506797e+06,7.0345345,-0.06750488,218.71353,895869.25,7.076358,Ship-Water-Cloud-2.bmp,5936,0
214.49939,8932.719,2.2504531e+08,7.9920945,-0.107055664,887.5723,3.6355432e+06,7.026295,-0.40124506,615.2277,2.5206322e+06,7.145211,0.015747076,179.48737,735181.25,7.049354,Ship-Water-Cloud-2.bmp,0,112
194.90149,9171.798,1.9316075e+08,7.930069,0.27941895,956.3832,3.9176652e+06,7.0677476,0.04235834,681.77386,2.7925532e+06,7.10688,0.03796387,170.70908,699230.25,7.0703278,Ship-Water-Cloud-2.bmp,112,112
172.70166,8114.218,1.5540258e+08,7.878146,0.018066406,712.1692,2.9170465e+06,6.987898,0.2585449,531.5458,2.1774855e+06,7.100078,0.010986313,162.35132,664991.5,6.966851,Ship-Water-Cloud-2.bmp,224,112
179.2649,8673.787,1.6715648e+08,7.886578,0.10205079,831.0449,3.4040025e+06,7.1124105,0.25073248,623.73267,2.5550665e+06,7.2291937,-0.16015626,194.05943,794972.5,7.061726,Ship-Water-Cloud-2.bmp,336,112
187.22595,7559.99,1.7454509e+08,7.9602036,-0.64001465,920.0619,3.7702512e+06,7.1125107,0.2926026,565.56824,2.3169182e+06,7.184431,0.037475593,169.51721,694348.25,7.1610975,Ship-Water-Cloud-2.bmp,448,112
209.9425,9974.8,2.2139149e+08,7.954625,-0.013305657,893.25085,3.6587562e+06,7.1582937,0.260376,589.29,2.4140092e+06,7.19861,-0.07727054,178.58905,731525.25,7.0741816,Ship-Water-Cloud-2.bmp,560,112
216.04333,11030.547,2.3636078e+08,7.941965,0.18835452,1484.5732,6.080957e+06,7.154417,-0.39392096,741.1539,3.0364018e+06,7.2541213,0.044067398,239.8852,982577.75,7.146651,Ship-Water-Cloud-2.bmp,672,112
217.33728,10475.837,2.363856e+08,7.967377,0.4708252,1415.053,5.796965e+06,7.14764,0.08435053,751.4581,3.0780018e+06,7.2012577,0.019653305,227.04105,929961.75,7.1745462,Ship-Water-Cloud-2.bmp,784,112
211.27283,8791.227,2.1883877e+08,7.9908023,-0.18347168,1121.3428,4.593158e+06,7.1123533,0.25451666,584.6903,2.3951568e+06,7.205496,-0.04943846,176.6789,723686.75,7.168295,Ship-Water-Cloud-2.bmp,896,112
203.69763,9937.869,2.1065971e+08,7.936886,0.0059814453,913.44495,3.7414708e+06,7.064556,0.4979248,627.16656,2.5698898e+06,7.1079836,-0.089721665,163.84418,671138.75,7.0690565,Ship-Water-Cloud-2.bmp,1008,112
211.57764,8829.91,2.1952515e+08,7.9965982,-0.40429688,692.2361,2.8360685e+06,7.0786304,0.35986334,544.5415,2.2309725e+06,7.0490537,0.048828118,114.52656,469110.5,7.072282,Ship-Water-Cloud-2.bmp,1120,112
271.19116,12877.664,3.539858e+08,8.035576,0.2211914,565.9561,2.3183565e+06,6.8053904,0.689209,405.40182,1.6624715e+06,6.963231,0.0039062575,89.01597,364609.5,6.9064217,Ship-Water-Cloud-2.bmp,1232,112
298.27515,13248.686,4.186798e+08,8.070844,0.37426758,573.6654,2.3503075e+06,6.765811,0.86938465,381.42154,1.5653985e+06,6.879159,0.0793457,95.91351,392887.5,6.833187,Ship-Water-Cloud-2.bmp,1344,112
284.3186,16209.046,3.975009e+08,8.01711,0.80200195,416.17578,1.7072905e+06,6.4987993,0.63793933,289.94662,1.1892885e+06,6.746823,0.06469728,73.39364,300637.5,6.5268993,Ship-Water-Cloud-2.bmp,1456,112
190.932,9447.037,1.8801488e+08,7.9159613,-0.06970215,900.8616,3.6899488e+06,7.002607,-0.090698324,676.73413,2.7719368e+06,7.1168785,0.04382325,150.50778,616487.75,7.0370693,Ship-Water-Cloud-2.bmp,1568,112
186.00452,9042.417,1.7874984e+08,7.9082193,0.43273926,1144.1228,4.687094e+06,6.993866,-0.119018555,667.2526,2.7331248e+06,7.1042633,0.09143067,165.4176,677584.75,7.0701895,Ship-Water-Cloud-2.bmp,1680,112
160.08923,8668.477,1.4048067e+08,7.810611,0.7515869,825.97144,3.3854928e+06,6.9056478,-0.4215088,510.84985,2.0931688e+06,7.0940056,-0.038940437,123.349976,505247.75,6.99989,Ship-Water-Cloud-2.bmp,1792,112
150.24756,7148.7104,1.2174557e+08,7.8245263,0.18188477,504.34302,2.0659245e+06,7.005113,-0.58764654,353.23633,1.4482705e+06,6.7929854,-0.03710937,78.500946,321545.5,6.850335,Ship-Water-Cloud-2.bmp,1904,112
164.47156,3965.2612,1.2704217e+08,8.056723,-0.19421387,108.75238,445604.25,6.7137165,-0.19934073,79.04065,323913.25,6.781618,-0.011596673,22.126146,90629.25,6.65695,Ship-Water-Cloud-2.bmp,2016,112
263.42944,19316.688,3.6336336e+08,7.92206,-0.7126465,70.329895,290151.5,6.877634,-0.9206543,59.210865,245999.5,6.9689865,0.021728516,18.24257,74723.5,6.589283,Ship-Water-Cloud-2.bmp,2128,112
408.62585,7912.4756,7.1633946e+08,8.235342,-0.3951416,52.958183,217556.25,6.4727573,-0.65832514,38.89479,161088.25,6.6958137,0.002319335,12.823543,52525.25,6.367091,Ship-Water-Cloud-2.bmp,2240,112
326.00403,11487.643,4.8237062e+08,8.131503,0.2208252,150.07678,614914.25,5.3757215,-0.08435045,70.46096,288637.25,6.08212,0.06311035,40.34495,165269.25,5.3088107,Ship-Water-Cloud-2.bmp,2352,112
365.9729,11582.535,5.960446e+08,8.170368,0.49804688,172.30298,706769.0,6.2824287,-0.14013675,125.010635,512124.0,6.563577,-0.19555664,41.63998,170714.0,6.2111955,Ship-Water-Cloud-2.bmp,2464,112
235.62207,15227.217,2.897714e+08,7.914572,0.29956055,759.9281,3.113033e+06,6.888644,-0.4362793,600.28326,2.45954e+06,6.880069,-0.14550781,170.56915,698738.0,6.885326,Ship-Water-Cloud-2.bmp,2576,112
205.47888,19775.82,2.5394133e+08,7.7367253,0.12683105,912.4784,3.7375772e+06,6.763973,-0.030639663,818.6659,3.3532592e+06,6.8579926,-0.15515137,167.89737,687806.25,6.8410497,Ship-Water-Cloud-2.bmp,2688,112
231.64087,12417.3955,2.7064275e+08,7.9746637,-0.65478516,582.5614,2.3879275e+06,6.635307,-0.030517578,414.63248,1.6983385e+06,6.755517,-0.027832031,97.375565,398853.5,6.694493,Ship-Water-Cloud-2.bmp,2800,112
361.8214,7989.7065,5.689526e+08,8.211485,-0.99645996,141.62602,584167.25,6.200556,-0.04577618,96.93596,397058.25,6.19535,0.036743168,22.16204,90781.25,6.200819,Ship-Water-Cloud-2.bmp,2912,112
477.87634,1785.4255,9.426994e+08,8.302849,-0.0513916,17.703598,72524.75,6.6951594,0.101196356,18.409132,75445.75,6.4529057,0.017700195,3.9803386,16304.75,6.654587,Ship-Water-Cloud-2.bmp,3024,112
406.87415,7330.9253,7.0810624e+08,8.239881,0.61291504,170.62256,700408.75,6.0109262,0.2576905,131.10736,537287.75,5.800223,0.056518555,32.428143,132838.75,5.9393406,Ship-Water-Cloud-2.bmp,3136,112
330.68115,12794.17,5.0030262e+08,8.125313,0.22485352,252.18564,1.0331595e+06,6.5113683,-0.54833984,150.36963,617145.5,6.525485,-0.018310547,52.314972,214283.5,6.1857405,Ship-Water-Cloud-2.bmp,3248,112
216.32019,15528.861,2.552762e+08,7.819253,0.23815918,187.61852,768717.75,7.03329,-0.6068116,140.33705,576328.75,7.0581894,-0.012084965,35.467075,145273.75,6.7654676,Ship-Water-Cloud-2.bmp,3360,112
355.6671,10910.578,5.628301e+08,8.173897,-0.20349121,189.8168,777659.25,6.2992525,-0.5440673,165.56903,679383.25,6.322047,0.026733398,34.6241,141823.25,6.349945,Ship-Water-Cloud-2.bmp,3472,112
217.29382,13885.02,2.5027226e+08,7.894832,0.35827634,481.11633,1.9711782e+06,6.5977817,0.20178227,570.06726,2.3351622e+06,6.680503,0.00939941,101.15524,414332.25,6.7426395,Ship-Water-Cloud-2.bmp,3584,112
194.98938,18016.316,2.2952827e+08,7.7038107,0.20324707,828.5554,3.3939322e+06,6.6733084,-0.041870058,779.54126,3.1930082e+06,6.8162637,-0.024291994,151.0688,618780.25,6.9024644,Ship-Water-Cloud-2.bmp,3696,112
205.29285,17408.066,2.4392998e+08,7.7711573,-0.037475586,938.58093,3.8444332e+06,6.7555385,-0.11437988,1013.89154,4.1529532e+06,6.80903,0.089477554,199.01575,815201.25,6.9195013,Ship-Water-Cloud-2.bmp,3808,112
209.5935,14997.318,2.41364e+08,7.8498707,0.19555664,751.43994,3.0780545e+06,6.875208,0.2065432,609.832,2.4980465e+06,6.7130795,0.04541015,148.12793,606740.5,6.9866567,Ship-Water-Cloud-2.bmp,3920,112
215.44421,19228.111,2.688791e+08,7.7897873,0.2869873,661.2687,2.7088938e+06,6.8255167,-0.3734131,635.3454,2.6029458e+06,6.6705637,-0.04626464,115.8064,474351.75,6.9750495,Ship-Water-Cloud-2.bmp,4032,112
166.22168,12650.569,1.6498778e+08,7.723914,0.44726562,599.6765,2.4570945e+06,6.741283,-0.3164063,580.4083,2.3777625e+06,6.7954636,-0.100097656,125.48694,514035.5,6.8317275,Ship-Water-Cloud-2.bmp,4144,112
174.51587,12651.231,1.7656635e+08,7.758338,-0.30908203,761.88275,3.121063e+06,6.7862983,-0.05615236,583.42993,2.389742e+06,6.869886,0.067626946,143.71149,588661.0,6.8698864,Ship-Water-Cloud-2.bmp,4256,112
199.453,13181.385,2.1693597e+08,7.8461895,0.091918945,1045.5355,4.282548e+06,7.0029535,0.0670166,836.78296,3.4274812e+06,7.0104647,-0.029418953,186.21233,762729.25,7.0631356,Ship-Water-Cloud-2.bmp,4368,112
198.60303,15330.781,2.2435406e+08,7.7837706,0.17871094,891.10223,3.6500855e+06,6.900493,0.47363287,839.4081,3.4391345e+06,6.990752,0.024902351,194.48315,796605.5,6.8723392,Ship-Water-Cloud-2.bmp,4480,112
180.65247,10569.482,1.7696685e+08,7.854088,-0.5975342,450.84174,1.8481102e+06,6.8153086,-0.20617688,390.86575,1.6011602e+06,6.9523077,0.027221687,112.891655,462407.25,6.7432566,Ship-Water-Cloud-2.bmp,4592,112
305.67822,4407.997,4.00782e+08,8.235796,-0.055664062,129.13557,528952.0,6.7203503,0.016601562,114.552704,469209.0,6.566255,-0.03027343,29.938536,122632.0,6.749258,Ship-Water-Cloud-2.bmp,4704,112
288.87097,6354.5024,3.6782464e+08,8.187548,0.5640869,426.29993,1.7474278e+06,6.6904516,-0.036499076,372.2779,1.5248558e+06,6.627226,0.09753419,85.012886,348251.75,6.755837,Ship-Water-Cloud-2.bmp,4816,112
231.34204,10831.549,2.6358043e+08,7.996191,0.25024414,856.3681,3.50794e+06,6.918049,0.31152344,786.19446,3.22065e+06,7.009166,0.06884764,171.38734,702022.0,7.059556,Ship-Water-Cloud-2.bmp,4928,112
200.44641,9146.212,2.020351e+08,7.950764,0.59729004,918.94006,3.7654398e+06,7.0815597,-0.053100616,846.2615,3.4662988e+06,7.078082,-0.0018310621,192.62567,788994.75,7.148004,Ship-Water-Cloud-2.bmp,5040,112
172.49597,9555.77,1.6101635e+08,7.818328,-0.08874509,926.536,3.7951238e+06,6.9992833,-0.032104492,785.65393,3.2180428e+06,7.0294824,-0.05187989,167.50214,686099.75,7.1353126,Ship-Water-Cloud-2.bmp,5152,112
178.61707,8761.8125,1.665674e+08,7.8760405,0.06530762,702.4637,2.8773088e+06,7.1094456,0.3184815,626.08154,2.5648458e+06,7.0708,-0.15856934,155.65057,637647.75,7.1336412,Ship-Water-Cloud-2.bmp,5264,112
174.42651,13179.9,1.7860406e+08,7.743287,-0.27001953,726.8684,2.9775515e+06,6.912176,-0.1762695,725.61707,2.9722545e+06,6.854809,-0.08666992,159.04195,651466.5,7.019651,Ship-Water-Cloud-2.bmp,5376,112
195.104,8951.542,1.9258211e+08,7.923402,0.019042969,614.6741,2.5177065e+06,7.077277,0.15478517,548.0746,2.2450115e+06,6.995779,0.002929693,135.22618,553886.5,7.1895223,Ship-Water-Cloud-2.bmp,5488,112
185.25952,9424.692,1.7918272e+08,7.8840256,0.2927246,763.0581,3.125837e+06,7.0908985,0.2768555,659.187,2.700344e+06,6.9482493,-0.03906252,176.05583,721131.0,6.900758,Ship-Water-Cloud-2.bmp,5600,112
193.33374,10223.108,1.9497387e+08,7.8952026,-0.65283203,974.7673,3.9943925e+06,7.028855,-0.01000984,729.1218,2.9864835e+06,7.0704117,-0.024414062,171.7273,703397.5,7.00935,Ship-Water-Cloud-2.bmp,5712,112
228.49097,13813.403,2.7042416e+08,7.9124904,-0.118652344,907.9449,3.719e+06,6.893448,0.014404267,894.0442,3.662006e+06,6.945594,-0.091796875,159.55115,653556.0,6.955248,Ship-Water-Cloud-2.bmp,5824,112
206.99146,10411.518,2.1814059e+08,7.9347844,0.06884766,831.01355,3.403851e+06,6.9131145,-0.43334958,743.6645,3.046819e+06,6.9851427,-0.171875,143.84863,589325.0,6.9683123,Ship-Water-Cloud-2.bmp,5936,112
177.49146,8833.191,1.6521794e+08,7.88226,0.0029296875,761.01025,3.117098e+06,6.9399157,0.078125045,559.9304,2.2935e+06,7.1814117,0.14819333,174.60622,715277.0,6.794864,Ship-Water-Cloud-2.bmp,0,224
212.85657,9393.266,2.2405605e+08,7.980442,0.28430176,1019.91754,4.1779132e+06,7.0754547,-0.12976077,664.9947,2.7238872e+06,7.174165,0.15881348,204.46239,837581.25,6.9836006,Ship-Water-Cloud-2.bmp,112,224
185.17627,8888.359,1.7685958e+08,7.9053826,0.103515625,728.50195,2.983988e+06,7.0768685,-0.04492192,564.6269,2.31272e+06,7.0520377,-0.01757812,169.18842,692997.0,6.9768157,Ship-Water-Cloud-2.bmp,224,224
167.83508,10477.173,1.5829315e+08,7.7476597,0.0753174,538.8932,2.2073298e+06,6.850996,0.11682129,456.38934,1.8694268e+06,6.880824,-0.019409182,132.03813,540829.75,6.8492775,Ship-Water-Cloud-2.bmp,336,224
204.94409,14114.668,2.298542e+08,7.809786,-0.21166992,840.166,3.4415035e+06,6.919394,-0.1123047,640.00854,2.6215265e+06,7.0336366,-0.03369142,151.8508,621985.5,7.062902,Ship-Water-Cloud-2.bmp,448,224
198.1648,14058.464,2.1843046e+08,7.79638,0.2199707,885.0597,3.6254025e+06,6.9987073,0.25903314,621.3219,2.5452095e+06,7.082233,-0.032958984,168.30202,689369.5,7.0009956,Ship-Water-Cloud-2.bmp,560,224
203.5498,12952.574,2.2276134e+08,7.85104,-0.40795898,1182.1753,4.842872e+06,7.0395327,0.031005792,677.5635,2.775304e+06,7.103015,0.04101563,187.27664,767092.0,7.093631,Ship-Water-Cloud-2.bmp,672,224
199.91699,10355.777,2.0612128e+08,7.9194145,0.051513672,1091.0847,4.469094e+06,7.065097,0.13500974,643.85657,2.637311e+06,7.190766,0.07226563,184.43228,755456.0,7.080969,Ship-Water-Cloud-2.bmp,784,224
218.23315,10452.326,2.3788763e+08,7.964852,-0.23608398,1055.5258,4.323662e+06,7.1546535,-0.33691412,634.33887,2.598717e+06,7.2435684,0.08203124,181.53674,743602.0,7.157996,Ship-Water-Cloud-2.bmp,896,224
170.10327,7598.3877,1.4964126e+08,7.9037995,0.30737305,744.4728,3.0497475e+06,6.9622574,0.18505847,507.51105,2.0789055e+06,7.0715423,0.035156243,130.99277,536551.5,7.0769176,Ship-Water-Cloud-2.bmp,1008,224
151.23022,6517.5195,1.2037366e+08,7.8595867,-0.43017578,649.34656,2.6604815e+06,7.0289145,0.2856445,392.2652,1.6070525e+06,7.109479,0.028564455,112.22978,459696.5,7.084681,Ship-Water-Cloud-2.bmp,1120,224
213.41455,9973.575,2.2740723e+08,7.9573097,0.3828125,910.186,3.728722e+06,7.0221934,0.29907233,725.9526,2.973868e+06,7.1301637,-0.04663086,152.56033,624896.0,7.0787215,Ship-Water-Cloud-2.bmp,1232,224
224.0592,11034.607,2.508273e+08,7.9634743,0.5670166,1138.9083,4.666286e+06,7.128036,-0.24377453,812.1683,3.3268848e+06,7.1657023,-0.00061035156,171.22089,701320.75,7.200032,Ship-Water-Cloud-2.bmp,1344,224
199.8053,9959.249,2.0431422e+08,7.923484,-0.45153806,972.8758,3.9857342e+06,6.985849,-0.20056155,685.7577,2.8090282e+06,7.0873203,-0.14196777,143.1591,586462.25,7.049927,Ship-Water-Cloud-2.bmp,1456,224
194.3894,10228.662,1.9667314e+08,7.8982906,-0.43847656,1116.0491,4.572124e+06,7.070932,-0.26635742,731.17883,2.995199e+06,7.0997157,0.1459961,167.83781,687551.0,7.110276,Ship-Water-Cloud-2.bmp,1568,224
226.0564,10825.112,2.5365138e+08,7.981167,0.40014648,1097.3984,4.4956e+06,7.041758,0.27294925,799.69775,3.275867e+06,7.0810823,0.025390629,162.59848,666006.0,7.1078153,Ship-Water-Cloud-2.bmp,1680,224
207.6217,11501.65,2.236761e+08,7.905167,-0.35876465,1146.8264,4.697928e+06,7.083388,0.076538146,718.0409,2.9411192e+06,7.148144,-0.08654785,168.74184,691197.25,7.144542,Ship-Water-Cloud-2.bmp,1792,224
240.82703,11145.327,2.8320966e+08,8.002552,-0.78356934,664.2401,2.7232422e+06,6.8360777,-0.38391113,371.93936,1.5240672e+06,6.9559994,-0.08288574,80.324974,329039.25,6.935539,Ship-Water-Cloud-2.bmp,1904,224
265.08228,8220.188,3.2149014e+08,8.116151,-0.10595703,225.276,922776.5,6.623001,-0.6010744,158.7089,651551.5,6.70244,0.022705074,45.43515,186104.5,6.7296104,Ship-Water-Cloud-2.bmp,2016,224
363.5841,12088.975,5.909806e+08,8.162711,-0.87854004,117.44661,484222.75,5.8537016,0.20593266,85.05324,348551.75,6.019617,0.04064941,43.037598,176288.75,5.340405,Ship-Water-Cloud-2.bmp,2128,224
436.62952,5672.4043,8.0411744e+08,8.264704,0.08972168,40.794746,167128.25,6.883142,0.027465574,25.420938,104127.25,7.1186323,-0.025512693,6.5299273,26749.25,7.2111692,Ship-Water-Cloud-2.bmp,2240,224
304.65662,16710.875,4.4862067e+08,8.037521,0.37561035,275.49484,1.1290048e+06,5.678382,-0.67834485,154.34814,634094.75,6.208544,0.099243164,66.044044,270556.75,5.7937937,Ship-Water-Cloud-2.bmp,2352,224
404.27136,11441.327,7.162948e+08,8.199501,-0.5003662,76.01276,312373.75,6.32378,-0.33215326,67.31979,276193.75,6.4424167,-0.008178711,17.37951,71186.75,6.3792434,Ship-Water-Cloud-2.bmp,2464,224
438.8352,10017.611,8.2982483e+08,8.236485,0.87841797,108.332504,446890.5,5.8786387,-1.1535645,97.96238,406704.5,5.766434,-0.11230469,24.453573,100213.5,5.988672,Ship-Water-Cloud-2.bmp,2576,224
264.6787,18559.953,3.629661e+08,7.9585004,0.76904297,876.6764,3.593289e+06,6.6368723,-0.84521484,845.47095,3.465975e+06,6.7484574,0.105957024,140.0354,573631.0,6.806995,Ship-Water-Cloud-2.bmp,2688,224
216.44165,16434.396,2.5920056e+08,7.8460317,0.23779297,863.8501,3.5385615e+06,6.7335844,0.54760736,908.3819,3.7219605e+06,6.681516,0.06640627,157.26523,644176.5,6.8228736,Ship-Water-Cloud-2.bmp,2800,224
275.07886,17627.5,3.821399e+08,7.9725475,-0.6118164,453.44464,1.8588425e+06,6.5389338,0.439209,402.9593,1.6513115e+06,6.5457544,0.010253916,77.94972,319282.5,6.694818,Ship-Water-Cloud-2.bmp,2912,224
396.7262,15389.861,7.0771315e+08,8.168171,-0.38610843,236.04155,967436.75,6.0516067,0.5389403,124.541275,511310.75,6.2528896,0.032592762,29.016455,118855.75,6.349481,Ship-Water-Cloud-2.bmp,3024,224
396.12964,14249.752,7.011059e+08,8.172051,0.32861328,184.54706,756347.0,6.0043674,0.27905262,177.63232,727901.0,6.225993,0.005859375,35.676964,146133.0,5.9616385,Ship-Water-Cloud-2.bmp,3136,224
314.82068,9154.947,4.4346166e+08,8.1600685,0.2677002,287.31378,1.1771308e+06,6.7262316,-0.024047807,292.29428,1.1972398e+06,6.5568533,0.013793949,68.450424,280373.75,6.393261,Ship-Water-Cloud-2.bmp,3248,224
277.14246,13015.459,3.6791667e+08,8.053766,-0.6654053,362.08575,1.4849168e+06,6.600195,-0.09606928,475.08542,1.9459878e+06,6.6305428,0.047729503,83.040634,340143.75,6.5597563,Ship-Water-Cloud-2.bmp,3360,224
310.57776,14009.528,4.5247722e+08,8.080701,0.49816895,281.90265,1.1556898e+06,6.3823075,0.46716315,298.03217,1.2216338e+06,6.4128275,-0.044555664,54.204254,222028.75,6.430291,Ship-Water-Cloud-2.bmp,3472,224
142.87854,11060.322,1.2891996e+08,7.581647,0.3326416,338.90723,1.3886172e+06,6.548133,0.09020999,309.92917,1.2695032e+06,6.6366735,0.09362793,61.21151,250758.25,6.6835203,Ship-Water-Cloud-2.bmp,3584,224
200.755,14187.124,2.2318981e+08,7.8374424,-0.3355713,630.0873,2.5812988e+06,6.58424,-0.78137195,511.8484,2.0990318e+06,6.710513,-0.055053696,99.72347,408479.75,6.8810644,Ship-Water-Cloud-2.bmp,3696,224
254.07007,15719.074,3.2878867e+08,7.9517574,-0.3486328,774.88184,3.174414e+06,6.8606615,-0.41943368,788.901,3.232059e+06,6.9301295,0.030517569,146.70001,600887.0,7.0250273,Ship-Water-Cloud-2.bmp,3808,224
247.13928,19323.344,3.293232e+08,7.8845377,0.19763184,888.6778,3.6401842e+06,6.708607,0.56286615,781.1493,3.2008852e+06,6.6289716,-0.03845214,156.55914,641272.25,6.899709,Ship-Water-Cloud-2.bmp,3920,224
221.1112,18533.617,2.761678e+08,7.8320227,0.02746582,921.96027,3.7763522e+06,6.656787,0.6097411,652.6998,2.6749812e+06,6.7089233,-0.08581542,151.72684,621503.25,6.890172,Ship-Water-Cloud-2.bmp,4032,224
213.99219,15779.48,2.5219949e+08,7.8435035,0.08691406,1010.44666,4.1388205e+06,6.8086743,0.6779784,768.3764,3.1491525e+06,6.9550376,-0.22436522,168.1065,688770.5,6.9780254,Ship-Water-Cloud-2.bmp,4144,224
220.6853,11290.895,2.457309e+08,7.967422,-0.0007324442,641.24585,2.626543e+06,6.8231034,0.07739261,551.93884,2.260766e+06,6.980463,0.03930664,119.002365,487440.0,6.896641,Ship-Water-Cloud-2.bmp,4256,224
230.58887,10525.623,2.6090229e+08,8.022751,0.44311523,718.8417,2.9451795e+06,6.965947,0.033691376,636.56464,2.6073735e+06,6.9082394,-0.1574707,150.00853,614536.5,6.909396,Ship-Water-Cloud-2.bmp,4368,224
178.0946,9742.372,1.698204e+08,7.862086,0.3416748,919.54376,3.7669292e+06,7.0861907,0.0028076023,770.2898,3.1551072e+06,6.9800797,0.009643564,196.83615,806241.25,7.078936,Ship-Water-Cloud-2.bmp,4480,224
120.78088,7656.809,9.111483e+07,7.6057115,-0.17224121,442.9472,1.8144332e+06,6.782006,0.11706543,340.70633,1.3955892e+06,6.732645,-0.011840824,104.30558,427236.25,6.6316767,Ship-Water-Cloud-2.bmp,4592,224
221.8097,6456.248,2.2796611e+08,8.101145,0.10266113,214.27834,877727.25,6.632618,0.1658935,177.23793,726079.25,6.574457,0.06726074,40.845634,167322.25,6.6565266,Ship-Water-Cloud-2.bmp,4704,224
196.70898,6443.2056,1.8488374e+08,8.0355015,0.26586914,428.60522,1.7558565e+06,6.6607294,0.060790867,293.1434,1.2007305e+06,6.87306,-0.0014648512,78.977905,323493.5,6.7749763,Ship-Water-Cloud-2.bmp,4816,224
189.46106,5737.4644,1.7052859e+08,8.0410595,0.1361084,397.3742,1.6277208e+06,6.969592,0.030883715,391.46066,1.6034268e+06,7.008356,0.028686536,84.22739,344998.75,7.1178026,Ship-Water-Cloud-2.bmp,4928,224
197.84998,7751.229,1.9208536e+08,7.989032,0.12585449,566.3224,2.3197212e+06,6.913034,0.06018065,595.14246,2.4377182e+06,6.895446,0.0093994215,121.03195,495747.25,7.0683136,Ship-Water-Cloud-2.bmp,5040,224
216.1543,9692.63,2.3107712e+08,7.973458,-0.14208984,636.4445,2.6069595e+06,6.7572575,-0.0068359375,884.51917,3.6229905e+06,6.738129,-0.015136711,157.97375,647061.5,6.8818455,Ship-Water-Cloud-2.bmp,5152,224
179.60779,10148.099,1.736993e+08,7.8431854,-0.049926758,665.3849,2.7254268e+06,6.934465,-0.28747547,603.64923,2.4728858e+06,7.051573,-0.053100586,122.472946,501660.75,7.110736,Ship-Water-Cloud-2.bmp,5264,224
199.0924,26646.629,2.7150096e+08,7.578796,-1.2630615,727.7504,2.9874002e+06,6.4010463,-0.72351086,775.0161,3.1766102e+06,6.712214,0.08898927,133.3813,546362.25,6.65656,Ship-Water-Cloud-2.bmp,5376,224
237.17151,19364.748,3.0971936e+08,7.8311467,0.36853027,887.4664,3.6356188e+06,6.5549054,0.1514892,871.60535,3.5701898e+06,6.8612585,0.06677247,147.1278,602653.75,6.6899595,Ship-Water-Cloud-2.bmp,5488,224
228.24243,21005.832,2.994194e+08,7.731922,0.97753906,555.3895,2.2787895e+06,6.712967,-0.22265613,655.90295,2.6867815e+06,6.5134177,0.02221679,108.80358,445661.5,6.613992,Ship-Water-Cloud-2.bmp,5600,224
139.39404,12021.596,1.2882861e+08,7.529068,0.8688965,508.9695,2.0878315e+06,6.2551336,0.4008789,462.65143,1.8956785e+06,6.5579615,-0.10473633,82.71278,338836.5,6.450939,Ship-Water-Cloud-2.bmp,5712,224
122.45264,13367.707,1.1617221e+08,7.265624,0.24365234,327.0732,1.339935e+06,5.694753,0.6557617,541.4477,2.219531e+06,6.2904797,0.017089836,49.09834,201108.0,6.250456,Ship-Water-Cloud-2.bmp,5824,224
153.17224,20969.104,1.8198872e+08,7.3715844,-0.5452881,455.37045,1.8664152e+06,5.985977,0.5062256,732.9247,3.0031092e+06,6.2786283,-0.046264626,72.5968,297365.25,6.219647,Ship-Water-Cloud-2.bmp,5936,224
211.42957,9063.17,2.2022402e+08,7.992011,-0.08850096,655.3013,2.6841462e+06,7.007985,-0.2152098,465.78214,1.9080332e+06,7.0425386,0.055786125,138.84924,568739.25,7.006151,Ship-Water-Cloud-2.bmp,0,336
247.68799,8728.482,2.870388e+08,8.070244,0.46166992,907.625,3.718505e+06,7.0197134,0.1259765,505.83908,2.071982e+06,7.15781,0.07934569,192.53131,788634.0,7.0038996,Ship-Water-Cloud-2.bmp,112,336
208.39478,9687.744,2.1756365e+08,7.9564776,0.38134766,827.8637,3.3915255e+06,7.132106,0.42871082,636.58093,2.6081885e+06,7.200366,0.014892573,215.32047,881953.5,7.084305,Ship-Water-Cloud-2.bmp,224,336
202.38538,7216.282,1.973294e+08,8.019377,-0.15002441,593.68695,2.4318338e+06,7.0627046,0.015747026,505.4096,2.0701588e+06,7.119731,-0.053833015,172.44992,706366.75,6.9595027,Ship-Water-Cloud-2.bmp,336,336
224.25427,12294.978,2.5634797e+08,7.9506273,-0.19299316,546.4599,2.2384522e+06,6.826846,0.07727051,453.55368,1.8577802e+06,6.7991767,0.03186036,126.247086,517112.25,6.8241158,Ship-Water-Cloud-2.bmp,448,336
204.67444,13264.1,2.2591786e+08,7.8527317,0.52770996,842.0904,3.4503428e+06,6.8977757,0.04577622,641.4541,2.6274048e+06,6.9215136,0.10070802,154.69904,633688.75,6.985969,Ship-Water-Cloud-2.bmp,560,336
192.3645,10100.988,1.9294245e+08,7.8957033,-0.89697266,899.19006,3.686378e+06,7.0671945,-0.01977542,658.7418,2.698208e+06,7.0107546,-0.027343731,146.95848,601945.0,7.0962634,Ship-Water-Cloud-2.bmp,672,336
200.59949,8606.525,2.00076e+08,7.992713,-0.3902588,468.16122,1.9182122e+06,6.8365064,-0.2879639,388.14542,1.5901832e+06,7.003828,-0.047241203,85.05325,348387.25,7.0530114,Ship-Water-Cloud-2.bmp,784,336
195.0531,9214.295,1.9357698e+08,7.941079,-0.22839355,544.17053,2.2291362e+06,6.8573885,-0.3450929,481.11023,1.9711152e+06,7.0092945,0.009155273,105.95238,433981.25,7.0105247,Ship-Water-Cloud-2.bmp,896,336
167.10901,8599.2705,1.4960514e+08,7.845107,0.60583496,750.09784,3.0739042e+06,7.0504313,-0.34924328,509.8813,2.0889732e+06,7.1743097,-0.0062255934,137.3528,562597.25,7.0866857,Ship-Water-Cloud-2.bmp,1008,336
172.12158,10948.807,1.6619374e+08,7.7531667,0.013183594,641.47754,2.6274925e+06,7.170248,-0.36523438,500.59424,2.0509805e+06,7.11852,-0.037597664,110.02948,450686.5,7.29056,Ship-Water-Cloud-2.bmp,1120,336
160.51892,5534.5605,1.28208424e+08,7.99037,-0.21911621,517.85,2.1213102e+06,7.280581,0.10607907,464.0874,1.9009482e+06,7.2582984,0.012084967,101.03458,413838.25,7.27966,Ship-Water-Cloud-2.bmp,1232,336
135.29956,7867.0454,1.0720468e+08,7.71471,0.095214844,569.8948,2.334326e+06,7.0404315,0.53515625,438.6025,1.797689e+06,7.035816,-0.027587892,87.20773,357206.0,7.072687,Ship-Water-Cloud-2.bmp,1344,336
173.6626,13360.027,1.7825269e+08,7.755721,-0.7890625,811.6813,3.3271965e+06,6.749702,0.26342767,731.0563,2.9946905e+06,6.9014626,-0.053955086,144.75772,592939.5,6.6933174,Ship-Water-Cloud-2.bmp,1456,336
208.33813,12238.948,2.279167e+08,7.8873267,-0.78393555,940.23346,3.8537135e+06,6.931179,0.017822176,698.5261,2.8611645e+06,7.005949,0.013916016,138.16986,565944.5,7.0719314,Ship-Water-Cloud-2.bmp,1568,336
238.29578,9353.774,2.709039e+08,8.041043,0.009155303,1049.3451,4.298118e+06,7.089635,-0.29235846,721.46356,2.9554648e+06,7.1394415,-0.068237305,177.69499,727857.75,7.105252,Ship-Water-Cloud-2.bmp,1680,336
231.2312,13780.972,2.7545126e+08,7.9155226,0.3708496,1244.1313,5.096525e+06,7.117192,-0.20385753,878.46674,3.59837e+06,7.1504083,0.052490234,228.91644,937653.0,7.17179,Ship-Water-Cloud-2.bmp,1792,336
225.20483,14677.162,2.6785536e+08,7.881901,-0.3569336,868.89905,3.5595325e+06,6.90818,-0.21069339,588.85516,2.4121325e+06,6.9616957,0.08447264,166.65851,682662.5,6.909675,Ship-Water-Cloud-2.bmp,1904,336
209.75952,11017.818,2.2534912e+08,7.918812,0.56274414,223.35056,916141.0,6.806774,0.48559564,188.94681,774892.0,6.6651063,0.088134766,73.85967,302561.0,6.5743313,Ship-Water-Cloud-2.bmp,2016,336
200.60437,12537.681,2.1618603e+08,7.8191586,-0.40563965,116.71735,478748.25,6.8046246,1.1724854,112.31064,465655.25,6.8098426,0.052124027,46.047394,188621.25,6.5295963,Ship-Water-Cloud-2.bmp,2128,336
247.90588,21553.73,3.4001328e+08,7.8369937,-0.6876221,121.81031,500871.75,6.663021,1.6187742,127.56554,533241.75,6.575212,0.007202152,56.53846,231581.75,6.330374,Ship-Water-Cloud-2.bmp,2240,336
437.21277,9594.789,8.222711e+08,8.234445,-0.62072754,102.576805,421732.75,5.933954,0.28137195,88.40978,362450.75,5.9843082,-0.12536621,36.449314,149360.75,5.368993,Ship-Water-Cloud-2.bmp,2352,336
501.88098,880.14246,1.035324e+09,8.311448,-0.039916992,6.7948537,27838.25,5.05511,-0.21936026,3.8733284,16062.248,5.311856,0.010620117,1.2243135,5015.25,5.1021695,Ship-Water-Cloud-2.bmp,2464,336
468.12683,2609.5234,9.082972e+08,8.295379,0.25549316,29.782074,122254.75,6.606052,0.13562001,30.519875,125084.75,6.532984,-0.0062255845,7.981834,32693.75,6.610733,Ship-Water-Cloud-2.bmp,2576,336
300.5442,15952.058,4.3531824e+08,8.057623,1.1726074,589.4486,2.4200135e+06,6.5478983,-0.2138673,572.06134,2.3433505e+06,6.5058775,0.125,104.2616,427119.5,6.7343082,Ship-Water-Cloud-2.bmp,2688,336
218.7627,20698.164,2.8080243e+08,7.7558045,-0.5332031,858.89246,3.519188e+06,6.80732,-0.27026367,920.01636,3.768686e+06,6.8056607,0.024169922,170.72232,699281.0,6.924759,Ship-Water-Cloud-2.bmp,2800,336
216.06506,20190.69,2.7391917e+08,7.757661,0.21960449,1050.3877,4.302585e+06,6.6695843,-0.4241944,981.60913,4.0214082e+06,6.7444067,0.072631836,201.82852,826711.25,6.7415056,Ship-Water-Cloud-2.bmp,2912,336
234.90857,17149.62,2.9627046e+08,7.884773,0.17712402,686.8781,2.8135812e+06,6.5352936,-0.11486822,696.0938,2.8512542e+06,6.7811484,0.17321776,144.97543,593942.25,6.7716703,Ship-Water-Cloud-2.bmp,3024,336
233.2428,16877.732,2.9196262e+08,7.888999,-0.4888916,779.4624,3.1936572e+06,6.6834993,0.1795654,748.89185,3.0675932e+06,6.8591013,-0.0633545,146.51875,600157.25,6.8741155,Ship-Water-Cloud-2.bmp,3136,336
262.47083,13727.87,3.3840666e+08,8.023045,0.43933105,584.78455,2.3960682e+06,6.4382753,0.5338135,397.34326,1.6286852e+06,6.6061034,-0.119750984,103.97253,425930.25,6.4694695,Ship-Water-Cloud-2.bmp,3248,336
220.51392,15135.975,2.6117064e+08,7.8701715,-0.064208984,915.39197,3.7494625e+06,6.7215223,0.117187545,942.91235,3.8622255e+06,6.9197693,0.04833985,186.24438,762866.5,6.9208074,Ship-Water-Cloud-2.bmp,3360,336
258.95203,16105.316,3.4062938e+08,7.961294,0.23498535,745.9916,3.0558078e+06,6.609971,-0.33166495,551.8084,2.2606578e+06,6.712582,0.10803223,114.16136,467652.75,6.72826,Ship-Water-Cloud-2.bmp,3472,336
116.15881,8152.882,8.866099e+07,7.549062,0.12097168,210.3481,861645.75,6.3212686,-0.01965323,254.56595,1.04270375e+06,6.3218603,0.014770515,41.193085,168727.75,6.6007957,Ship-Water-Cloud-2.bmp,3584,336
329.8186,14580.535,5.0528605e+08,8.109822,-0.56762695,266.2127,1.091727e+06,6.1519284,-0.81396496,273.36993,1.122437e+06,6.0872536,-0.031738278,57.85153,236964.0,6.0279036,Ship-Water-Cloud-2.bmp,3696,336
268.00305,12048.094,3.435468e+08,8.04492,0.35510254,474.6275,1.9445908e+06,6.6548524,0.12219229,521.92615,2.1378708e+06,6.705488,-0.09899902,108.35171,443848.75,6.6566067,Ship-Water-Cloud-2.bmp,3808,336
220.2539,17587.29,2.7074182e+08,7.8204927,0.75512695,995.0925,4.0782345e+06,6.796543,0.26538077,923.9719,3.7848775e+06,6.80608,0.079589844,196.06851,803122.5,6.897006,Ship-Water-Cloud-2.bmp,3920,336
203.4563,15164.798,2.3166675e+08,7.8186846,-0.06542968,886.4967,3.631108e+06,6.7342854,0.12695318,956.4783,3.917801e+06,6.834448,0.080322266,187.78725,769203.0,6.940511,Ship-Water-Cloud-2.bmp,4032,336
181.91455,11375.537,1.8214274e+08,7.803474,0.6879883,870.97064,3.5694345e+06,7.072324,-0.27490234,761.3003,3.1185955e+06,6.974606,0.0034179688,175.90929,720524.5,7.1032104,Ship-Water-Cloud-2.bmp,4144,336
187.4513,11019.276,1.8906016e+08,7.843329,0.30651855,819.43884,3.3568062e+06,6.976822,0.118286155,706.986,2.8958722e+06,6.9248457,-0.09533693,162.21558,664472.25,7.0079384,Ship-Water-Cloud-2.bmp,4256,336
181.32507,11700.49,1.825967e+08,7.811387,0.10314941,774.0295,3.1704682e+06,6.979782,0.26281714,830.047,3.4001552e+06,6.9394608,0.05310058,191.70038,785216.25,7.0491667,Ship-Water-Cloud-2.bmp,4368,336
196.29712,12617.475,2.0951053e+08,7.850832,-0.040283218,678.07166,2.777388e+06,7.049021,0.07910159,829.94415,3.399477e+06,7.0403385,0.051269535,163.9378,671500.0,7.1835694,Ship-Water-Cloud-2.bmp,4480,336
148.35168,9895.853,1.3067909e+08,7.694763,0.33288574,478.62433,1.9608992e+06,6.7938747,-0.6346435,485.4171,1.9899182e+06,6.843055,-0.0025634747,97.502495,399370.25,6.96165,Ship-Water-Cloud-2.bmp,4592,336
256.77917,8619.244,3.0537645e+08,8.10267,-0.6529541,129.98875,534180.25,6.823954,-0.027221724,129.41925,530104.25,6.866105,-0.030151363,26.646858,109149.25,6.9774456,Ship-Water-Cloud-2.bmp,4704,336
270.88086,5768.02,3.241757e+08,8.177731,0.0036621094,232.72058,953223.5,6.388382,-0.04711908,148.93808,610059.5,6.6982327,-0.041015625,36.05386,147683.5,6.57849,Ship-Water-Cloud-2.bmp,4816,336
265.92957,7432.964,3.2010854e+08,8.14183,0.27697754,123.31213,505400.75,6.3828764,-0.09094247,166.82321,683341.75,6.2875385,-0.057006843,25.128036,102937.75,6.677843,Ship-Water-Cloud-2.bmp,4928,336
202.10876,12512.695,2.1856522e+08,7.860412,0.52038574,138.99951,570451.25,6.208323,0.39807132,247.28568,1.01353125e+06,6.3484592,0.009887693,37.570763,153890.25,6.312008,Ship-Water-Cloud-2.bmp,5040,336
96.5918,4784.2534,5.781188e+07,7.586904,0.118652344,119.35531,488937.0,6.3423686,0.48657227,129.06549,529622.0,6.3479395,0.1081543,26.72976,109533.0,6.5895824,Ship-Water-Cloud-2.bmp,5152,336
94.326904,7514.572,6.722411e+07,7.3457446,-0.122558594,268.25443,1.0988315e+06,6.628481,0.47583005,241.44095,989869.5,6.6017466,0.067871094,60.10807,246221.5,6.715694,Ship-Water-Cloud-2.bmp,5264,336
53.79016,6507.1875,3.8504736e+07,6.5247684,0.10925293,79.20932,324490.25,5.6580853,0.33361816,257.98447,1.0571602e+06,5.6830482,-0.024536137,16.253366,66576.25,6.0884604,Ship-Water-Cloud-2.bmp,5376,336
75.23218,7901.9873,5.554941e+07,7.041392,-0.05444336,190.46848,780171.0,5.1111274,0.46386725,274.13422,1.123735e+06,5.961223,-0.075683594,34.634407,141886.0,5.3665633,Ship-Water-Cloud-2.bmp,5488,336
99.42786,16402.756,1.0767833e+08,6.7135334,0.321167,128.18951,525486.75,4.8034396,0.8594971,153.29807,630934.75,5.40295,0.012084957,26.489052,108499.75,5.2233925,Ship-Water-Cloud-2.bmp,5600,336
51.548218,1708.5165,1.7882052e+07,6.938368,0.12780762,39.386074,161392.25,4.319223,0.15075684,82.68363,338765.25,4.5318255,-0.05432129,10.331095,42328.25,4.8953557,Ship-Water-Cloud-2.bmp,5712,336
42.26062,1413.1675,1.3103627e+07,6.665213,0.008666993,42.70616,174924.75,3.973009,0.13977051,62.046806,254223.75,4.2292438,-0.024291988,6.2273765,25509.75,5.2492642,Ship-Water-Cloud-2.bmp,5824,336
33.83496,1249.9138,9.808766e+06,6.314046,0.055419922,39.2711,160867.0,3.9188557,0.07031247,45.70867,187243.0,4.2869673,0.035888672,5.017023,20555.0,5.729329,Ship-Water-Cloud-2.bmp,5936,336
261.41443,7364.701,3.1007622e+08,8.1329,0.02453614,617.6104,2.5297348e+06,6.9463043,0.25158694,437.58047,1.7925888e+06,7.0277214,0.044799805,142.06165,581892.75,6.976403,Ship-Water-Cloud-2.bmp,0,448
231.12268,8951.572,2.5546451e+08,8.037103,0.4498291,713.63245,2.9238672e+06,6.9962797,0.43688953,511.97888,2.0978472e+06,7.1140695,-0.027954107,176.71802,723840.25,6.88642,Ship-Water-Cloud-2.bmp,112,448
187.65552,9364.567,1.8259624e+08,7.9051456,-0.2053223,725.54047,2.9719865e+06,7.101658,0.43041998,619.1107,2.5366365e+06,7.1661143,0.012451161,192.25485,787476.5,7.0426307,Ship-Water-Cloud-2.bmp,224,448
175.94153,8912.842,1.6330042e+08,7.8735104,0.03186035,696.49994,2.8528678e+06,7.1518145,0.26818848,609.9597,2.4986898e+06,7.1807747,-0.12634277,193.16684,791276.75,6.9722586,Ship-Water-Cloud-2.bmp,336,448
211.78845,11761.221,2.3189738e+08,7.911626,-0.2581787,714.4693,2.9267392e+06,7.000969,0.36682135,645.7198,2.6454192e+06,7.0507665,-0.0484619,217.9274,892640.25,6.8472095,Ship-Water-Cloud-2.bmp,448,448
180.27966,6757.379,1.6080133e+08,7.977673,0.0045166016,671.97284,2.7524008e+06,7.146812,0.27673334,528.45874,2.1648808e+06,7.1512785,0.06750488,144.37698,591386.75,7.1106653,Ship-Water-Cloud-2.bmp,560,448
181.80786,9034.267,1.7239395e+08,7.899323,0.23364258,1023.2687,4.191532e+06,6.964999,0.78466797,623.50244,2.556388e+06,7.0069327,-0.06542968,134.401,550524.0,7.050276,Ship-Water-Cloud-2.bmp,672,448
197.24402,8459.683,1.9400658e+08,7.964366,0.2935791,861.9436,3.5308738e+06,6.9593077,0.21960449,535.5367,2.1937558e+06,7.107491,-0.07214354,113.29454,464075.75,7.098508,Ship-Water-Cloud-2.bmp,784,448
179.02087,9401.789,1.6978027e+08,7.8636208,-0.43371582,645.8456,2.6461542e+06,7.0879745,0.1383057,510.13327,2.0895842e+06,7.1168137,0.008911127,166.27367,681057.25,6.9519176,Ship-Water-Cloud-2.bmp,896,448
182.55542,10244.655,1.784674e+08,7.8378396,0.14404297,757.63806,3.1033705e+06,7.12578,0.17504884,543.3313,2.2256105e+06,7.2003183,0.052734375,174.09378,713099.5,7.080221,Ship-Water-Cloud-2.bmp,1008,448
190.30823,10848.539,1.9278136e+08,7.8511972,-0.19641113,1028.1261,4.211362e+06,6.9592524,-0.09313959,633.87006,2.5963672e+06,7.224209,-0.04016114,186.8981,765541.25,6.993277,Ship-Water-Cloud-2.bmp,1120,448
162.02551,9149.755,1.4500669e+08,7.785097,0.5687256,606.0665,2.4837732e+06,6.6775665,0.031127915,438.8006,1.7973312e+06,6.99733,0.022094738,115.602844,473511.25,6.89023,Ship-Water-Cloud-2.bmp,1232,448
96.0603,5593.913,6.070885e+07,7.4826407,0.13793945,203.89308,835224.0,6.770697,-0.40332034,147.85565,606283.0,6.8051634,0.03955078,32.984276,135110.0,6.908987,Ship-Water-Cloud-2.bmp,1344,448
208.59106,11235.914,2.2424022e+08,7.9544997,-0.78759766,493.68622,2.0246795e+06,6.76011,-0.56811523,402.94058,1.6517665e+06,6.669443,-0.028320307,74.679985,305892.5,6.93567,Ship-Water-Cloud-2.bmp,1456,448
265.03357,15184.218,3.4990902e+08,7.9830513,0.0435791,542.5935,2.2224708e+06,6.6432543,-0.44323736,527.9839,2.1634268e+06,6.7971454,-0.041137695,97.05978,397563.75,6.8700957,Ship-Water-Cloud-2.bmp,1568,448
232.93347,10713.236,2.6612219e+08,8.000172,-0.0826416,1216.0348,4.980907e+06,7.1933184,0.013305597,886.38696,3.6306418e+06,7.249667,0.01721193,251.24988,1.02912075e+06,7.1779776,Ship-Water-Cloud-2.bmp,1680,448
209.83447,10391.258,2.2291155e+08,7.9422073,0.28222656,912.5698,3.738212e+06,7.148885,0.2629395,755.70917,3.095668e+06,7.2258625,0.15112305,229.15468,938711.0,7.1534634,Ship-Water-Cloud-2.bmp,1792,448
220.87854,11020.137,2.449714e+08,7.9632545,0.1932373,923.6409,3.7833862e+06,7.1048083,0.31799304,774.0437,3.1708972e+06,7.199508,0.1678467,247.58932,1.01424125e+06,7.1206512,Ship-Water-Cloud-2.bmp,1904,448
166.54248,10514.273,1.5667475e+08,7.734021,0.5505371,423.3203,1.7351615e+06,6.653384,0.24121097,326.79083,1.3387735e+06,6.723341,-0.11010744,129.56198,530735.5,6.6146884,Ship-Water-Cloud-2.bmp,2016,448
141.2085,4713.977,1.0098203e+08,7.9453034,-0.41625977,60.769966,249623.5,7.0006995,-0.11279304,56.106297,229863.5,6.916067,0.05834961,19.739151,80865.5,6.5851936,Ship-Water-Cloud-2.bmp,2128,448
219.92542,13015.39,2.5142304e+08,7.91318,-0.3927002,71.432274,293218.25,6.866847,-0.9639894,58.88109,244983.25,6.8889146,0.05578614,23.986938,98263.25,6.4132886,Ship-Water-Cloud-2.bmp,2240,448
306.2002,16183.917,4.5032435e+08,8.053574,-0.4140625,123.61981,507049.0,6.50561,-0.39306647,111.10405,455715.0,6.5388136,-0.08544922,42.626488,174628.0,6.1388183,Ship-Water-Cloud-2.bmp,2352,448
373.7964,15345.775,6.3516474e+08,8.136704,0.035888672,73.7232,301975.5,6.328801,0.5478517,53.867706,221871.5,6.6798143,-0.04272461,19.333014,79195.5,6.1839848,Ship-Water-Cloud-2.bmp,2464,448
399.7212,9152.777,6.919365e+08,8.218161,0.087646484,169.58191,694639.0,6.2210593,0.46337885,179.83803,737496.0,6.3806643,0.042724602,50.031136,204935.0,6.2324815,Ship-Water-Cloud-2.bmp,2576,448
249.2992,15907.545,3.1972406e+08,7.9491386,0.8494873,599.7472,2.4595202e+06,6.7287145,-0.040893495,760.3219,3.1142852e+06,6.918496,0.018676776,140.87741,577035.25,6.9091024,Ship-Water-Cloud-2.bmp,2688,448
210.17139,18708.174,2.5755725e+08,7.7567644,-0.37036133,908.98486,3.723764e+06,6.8334465,-0.26782224,1020.7923,4.181459e+06,6.8506727,-0.11767579,184.06671,753994.0,6.95383,Ship-Water-Cloud-2.bmp,2800,448
229.16211,17905.137,2.88442e+08,7.8474345,0.39111328,1124.1265,4.6050485e+06,6.937369,-0.14233406,1082.2015,4.4327805e+06,6.902315,-0.18530273,235.51584,964813.5,6.960223,Ship-Water-Cloud-2.bmp,2912,448
180.45251,15038.18,1.9497488e+08,7.7076807,0.08117676,1016.6083,4.1640542e+06,6.758756,-0.19274905,878.2019,3.5972672e+06,6.8326488,-0.06945802,198.77405,814198.25,6.9171743,Ship-Water-Cloud-2.bmp,3024,448
186.93823,15502.232,2.0663555e+08,7.733927,-0.77124023,920.2755,3.771885e+06,6.8431864,-0.2668457,800.07477,3.277398e+06,6.973629,0.010009747,173.38808,710198.0,7.003561,Ship-Water-Cloud-2.bmp,3136,448
221.72205,16748.488,2.699639e+08,7.829225,0.48156738,787.8432,3.2279558e+06,6.6552567,0.02893079,933.80646,3.8248748e+06,6.6773014,-0.07678224,184.69717,756543.75,6.718832,Ship-Water-Cloud-2.bmp,3248,448
247.26978,16879.656,3.195781e+08,7.9150105,-0.5234375,637.95166,2.6141725e+06,6.5173674,-0.28735343,1006.1846,4.1216705e+06,6.680086,0.0014648438,165.20544,676681.5,6.6508117,Ship-Water-Cloud-2.bmp,3360,448
293.00842,18045.508,4.2557213e+08,8.018783,0.77697754,854.01965,3.5005372e+06,6.7386365,-0.61535645,965.2308,3.9551362e+06,6.7903013,0.11853028,193.11029,791037.25,6.7684226,Ship-Water-Cloud-2.bmp,3472,448
209.30737,18634.707,2.5577179e+08,7.7366652,-0.12817383,581.7639,2.382972e+06,6.429407,-0.44555658,666.5376,2.730951e+06,6.5564537,0.013427737,142.82574,585015.0,6.4798913,Ship-Water-Cloud-2.bmp,3584,448
445.37512,10435.389,8.552218e+08,8.238731,-0.5767822,117.03177,480724.75,5.7958975,0.14855963,116.415855,476929.75,5.3570776,0.016967773,29.88222,122398.75,5.1702957,Ship-Water-Cloud-2.bmp,3696,448
313.30432,16421.867,4.693257e+08,8.069302,0.25842285,328.68488,1.3465668e+06,6.493929,-0.45422363,315.41592,1.2927888e+06,6.5059466,0.051635746,71.07931,291151.75,6.401849,Ship-Water-Cloud-2.bmp,3808,448
287.00256,17700.605,4.0989114e+08,8.001659,0.88220215,656.64526,2.6928068e+06,6.595168,-0.029419072,661.7486,2.7105258e+06,6.7503834,-0.052124027,141.37637,579088.75,6.6853166,Ship-Water-Cloud-2.bmp,3920,448
219.32422,18630.191,2.7333962e+08,7.815776,0.11303712,797.1853,3.2653235e+06,6.8080044,0.22729492,605.2178,2.4791835e+06,6.7479305,0.014648423,156.89078,642625.5,6.8768144,Ship-Water-Cloud-2.bmp,4032,448
197.69568,15344.605,2.2293786e+08,7.7648067,0.46691895,637.54846,2.6122918e+06,7.051811,-0.2816162,622.2397,2.5490188e+06,7.0116625,0.13952637,155.48096,636929.75,7.0117574,Ship-Water-Cloud-2.bmp,4144,448
163.67944,8311.609,1.4378013e+08,7.855593,0.14282227,684.16003,2.802403e+06,7.0832615,0.184082,582.7866,2.387233e+06,7.1415505,0.111816406,155.12152,635429.0,7.086783,Ship-Water-Cloud-2.bmp,4256,448
155.27307,11315.644,1.4510232e+08,7.74554,0.10266113,716.0067,2.9328068e+06,6.731106,0.35607913,580.0763,2.3765118e+06,6.923539,0.042114254,149.62756,612881.75,6.8974833,Ship-Water-Cloud-2.bmp,4368,448
118.16113,11646.549,1.0489284e+08,7.3733373,0.071777344,319.0149,1.306706e+06,6.511258,0.5908204,411.6133,1.687398e+06,6.631028,-0.061035164,89.2121,365428.0,6.5435424,Ship-Water-Cloud-2.bmp,4480,448
69.31067,5415.5513,4.1859156e+07,7.0499125,0.26672363,93.72347,384182.75,5.770988,0.5015869,155.63509,638511.75,5.996178,0.029907225,27.567892,112921.75,5.936213,Ship-Water-Cloud-2.bmp,4592,448
148.9076,11043.188,1.3605544e+08,7.7082796,-0.2376709,31.71518,130136.75,6.835294,0.6512451,42.384903,175345.75,6.1353083,-0.015991211,6.0192146,24655.75,6.723558,Ship-Water-Cloud-2.bmp,4704,448
154.96533,3951.119,1.1454617e+08,8.049562,-0.07397461,27.99831,114703.5,7.1619945,0.48974612,26.768818,110627.5,6.7312202,0.022705078,4.9280734,20187.5,7.319808,Ship-Water-Cloud-2.bmp,4816,448
163.0747,4494.545,1.27336056e+08,8.034607,0.39086914,32.988575,135747.0,5.954523,0.13916008,66.621506,272961.0,5.2810287,0.0075683603,8.63715,35378.0,5.5230985,Ship-Water-Cloud-2.bmp,4928,448
92.06348,2171.282,4.3609972e+07,7.868352,0.37402344,20.501465,84547.0,5.4756174,-0.2331543,41.023273,168254.0,4.3700237,0.018798828,5.4498425,22324.0,5.1946898,Ship-Water-Cloud-2.bmp,5040,448
53.256226,375.81207,1.3156506e+07,8.034084,0.005004883,4.4538937,18243.25,6.9583893,-0.041137706,4.237627,17364.25,7.0681257,0.017700195,2.0317297,8323.25,7.5135846,Ship-Water-Cloud-2.bmp,5152,448
59.8291,1062.081,1.9012004e+07,7.782314,-0.0007324219,6.1485586,25184.5,7.041552,-0.08447267,5.5999203,22966.5,7.081742,0.033935547,2.1295857,8727.5,7.4687443,Ship-Water-Cloud-2.bmp,5264,448
45.348267,3511.3293,2.2805686e+07,6.6705513,0.14001465,18.07494,74115.25,5.3048735,-0.18273929,45.36633,185957.25,4.632913,-0.002807621,4.3464885,17803.25,5.452899,Ship-Water-Cloud-2.bmp,5376,448
166.1272,15502.721,1.7654157e+08,7.7166233,-0.9030762,41.800056,174553.5,6.296042,-0.7905274,48.880566,202774.5,5.7988405,-0.026367191,7.8758907,32262.5,5.9541216,Ship-Water-Cloud-2.bmp,5488,448
186.67676,8071.5303,1.7579926e+08,7.947799,0.36499023,28.492882,117252.5,7.4034295,-0.7824707,21.092941,88904.5,7.4158044,-0.032714844,5.081083,20816.5,7.5143595,Ship-Water-Cloud-2.bmp,5600,448
135.00317,5504.9453,9.720136e+07,7.8399115,0.3515625,97.16204,398482.0,6.637458,-0.5163575,75.31418,309579.0,6.66951,-0.0390625,26.416931,108210.0,6.577427,Ship-Water-Cloud-2.bmp,5712,448
89.62048,3160.8105,4.584506e+07,7.792344,-0.15759277,261.26855,1.0702578e+06,6.96466,-0.26696777,207.43552,849947.75,6.9579377,-0.017211907,68.38147,280091.75,6.941057,Ship-Water-Cloud-2.bmp,5824,448
99.812744,3744.5725,5.614451e+07,7.860553,0.33813477,360.5701,1.4773635e+06,7.1618795,-0.4328613,248.8911,1.0202255e+06,7.1702414,-0.10571288,101.82368,417115.5,7.181992,Ship-Water-Cloud-2.bmp,5936,448
211.96252,9307.429,2.2214877e+08,7.9749517,-0.04650878,1126.5721,4.614448e+06,7.1774607,0.39318842,728.11914,2.9830092e+06,7.1983356,0.033569347,241.13712,987702.25,7.140005,Ship-Water-Cloud-2.bmp,0,560
199.495,8943.382,1.9964573e+08,7.9536653,-0.2064209,977.9324,4.0057858e+06,7.0480947,0.0504151,753.07153,3.0845918e+06,7.1220083,-0.10754393,179.49301,735250.75,7.065837,Ship-Water-Cloud-2.bmp,112,560
177.93506,8672.422,1.6520522e+08,7.881312,0.29418945,879.1521,3.6013615e+06,6.9961667,-0.32885748,746.527,3.0582175e+06,7.1335926,-0.081542954,162.3487,665007.5,7.1555333,Ship-Water-Cloud-2.bmp,224,560
169.86267,9114.374,1.555157e+08,7.8303075,0.6119385,698.6582,2.8632378e+06,6.939641,-0.37365723,556.01904,2.2780258e+06,7.0558424,-0.0067138635,141.34119,578933.75,7.064055,Ship-Water-Cloud-2.bmp,336,560
194.5332,11014.951,2.0012285e+08,7.8645935,-0.030517578,895.6107,3.6684255e+06,7.0510063,0.142578,666.3743,2.7295525e+06,7.161129,-0.024658222,213.23413,873409.5,7.003367,Ship-Water-Cloud-2.bmp,448,560
158.37561,8977.088,1.3950944e+08,7.797966,0.29040527,756.7403,3.0999538e+06,7.0443854,-0.14343269,567.86633,2.3260648e+06,7.111083,-0.13830566,213.48447,874510.75,6.9674463,Ship-Water-Cloud-2.bmp,560,560
164.01917,11479.817,1.5721309e+08,7.7215266,-0.37512207,747.1238,3.0607952e+06,6.9261346,0.3604736,614.13135,2.5160142e+06,6.932803,-0.01916505,131.78363,539787.25,6.9106264,Ship-Water-Cloud-2.bmp,672,560
198.90845,9071.844,1.9921475e+08,7.934887,-0.041992188,704.7875,2.8868165e+06,7.0671463,-0.0061035827,584.40607,2.3937275e+06,7.1084595,0.06542969,164.63892,674378.5,7.009675,Ship-Water-Cloud-2.bmp,784,560
215.49304,12323.744,2.4068504e+08,7.901531,0.49694824,993.997,4.0724232e+06,7.092341,0.18688972,802.1123,3.2855952e+06,7.1211057,0.0076904446,252.54028,1.03440525e+06,7.024814,Ship-Water-Cloud-2.bmp,896,560
174.33911,10088.922,1.6581856e+08,7.8106556,-0.13696289,1073.2802,4.3962325e+06,7.0627475,-0.030273408,692.73676,2.8374535e+06,7.159189,0.14501953,243.86996,998977.5,6.96574,Ship-Water-Cloud-2.bmp,1008,560
194.87305,10118.639,1.9699362e+08,7.8963456,-0.5288086,938.03265,3.843327e+06,7.125785,0.19042975,734.3634,3.008101e+06,7.136731,0.007812504,250.21794,1.024893e+06,7.001231,Ship-Water-Cloud-2.bmp,1120,560
120.52319,7876.066,9.175821e+07,7.5457873,0.28735352,331.05463,1.356338e+06,6.799251,0.2751465,287.47607,1.177812e+06,6.8661427,0.011474609,88.23034,361392.0,6.746807,Ship-Water-Cloud-2.bmp,1232,560
191.81738,9866.177,1.9111971e+08,7.9160147,-0.74365234,254.86653,1.0461985e+06,6.4723177,-0.43774402,161.76651,663380.5,6.8012714,-0.010009768,46.450954,190263.5,6.673136,Ship-Water-Cloud-2.bmp,1344,560
343.81458,9839.271,5.2448355e+08,8.172659,-0.23571777,107.33499,439871.75,6.4662046,-0.28308108,103.08655,422570.75,6.3633447,-0.009155274,23.546486,96446.75,6.4772377,Ship-Water-Cloud-2.bmp,1456,560
298.21948,11505.305,4.114029e+08,8.110136,0.6777344,368.67114,1.5119585e+06,6.3841248,0.50634754,318.23688,1.3045485e+06,6.6458063,-0.068603516,70.678276,289517.5,6.536127,Ship-Water-Cloud-2.bmp,1568,560
227.57605,10775.459,2.5627165e+08,7.978427,0.39440918,790.4591,3.2383578e+06,6.963459,0.035034195,685.24384,2.8067638e+06,7.156221,-0.055297855,173.51398,710725.75,7.061926,Ship-Water-Cloud-2.bmp,1680,560
208.80481,11228.443,2.2457504e+08,7.917943,0.091918945,947.1186,3.8794322e+06,7.0370035,0.085815474,786.4697,3.2214102e+06,7.171442,-0.001098644,190.16583,778919.25,7.19176,Ship-Water-Cloud-2.bmp,1792,560
211.57434,11339.527,2.2979882e+08,7.928348,0.31726074,1216.0055,4.981171e+06,7.076092,-0.15100098,888.07526,3.6376498e+06,7.257971,0.12512207,267.20013,1.0945158e+06,7.1662965,Ship-Water-Cloud-2.bmp,1904,560
136.02173,6498.7207,1.02402584e+08,7.7546606,0.046630878,448.88525,1.838643e+06,6.7341895,-0.26416022,328.31573,1.345067e+06,6.792827,0.029296868,108.50159,444426.0,6.6604605,Ship-Water-Cloud-2.bmp,2016,560
193.04419,15381.351,2.156438e+08,7.7266207,-1.0791016,210.93869,868774.5,6.5206957,-0.40014648,131.39029,538830.5,6.860653,0.0126953125,44.823936,183599.5,6.6587334,Ship-Water-Cloud-2.bmp,2128,560
419.77954,8271.423,7.556558e+08,8.235774,-0.7224121,43.820522,181626.5,7.0405045,-0.68896484,41.717834,172820.52,6.6898623,0.0126953125,8.658408,35465.5,7.0024786,Ship-Water-Cloud-2.bmp,2240,560
474.22693,2580.941,9.317258e+08,8.296592,0.19909668,24.234468,99426.75,6.743653,-0.44860834,24.349714,100560.75,6.590954,-0.02624512,5.1904116,21262.75,6.8310413,Ship-Water-Cloud-2.bmp,2352,560
442.11206,8252.302,8.344182e+08,8.245374,0.34545898,30.687788,126186.0,6.694482,-0.7358398,25.987835,108664.0,6.578202,0.0004882794,5.670654,23227.0,6.737783,Ship-Water-Cloud-2.bmp,2464,560
380.2246,9733.967,6.320321e+08,8.198963,-0.010986328,240.41258,984730.5,6.2527957,-0.17285153,171.51201,702635.5,6.372274,0.14086913,87.12651,356951.5,6.0848346,Ship-Water-Cloud-2.bmp,2576,560
312.59973,12330.66,4.5076173e+08,8.12149,0.51013184,463.5572,1.8997962e+06,6.6929803,-0.4176026,421.72363,1.7280942e+06,6.6526775,0.09973143,122.82018,503112.25,6.783195,Ship-Water-Cloud-2.bmp,2688,560
197.37769,15478.559,2.2297194e+08,7.786022,0.024414062,966.46924,3.9586605e+06,6.8307977,-0.75463873,824.9851,3.3814715e+06,6.864519,-0.00537109,187.21004,766812.5,6.979555,Ship-Water-Cloud-2.bmp,2800,560
147.94458,12174.022,1.395164e+08,7.602826,0.29736328,742.735,3.0426045e+06,6.678101,0.5332031,744.3198,3.0498985e+06,6.735053,-0.010986332,163.88452,671271.5,6.8037553,Ship-Water-Cloud-2.bmp,2912,560
162.50061,11346.363,1.5463552e+08,7.7336483,0.20446777,825.5824,3.3817568e+06,6.749504,0.5714112,791.005,3.2412938e+06,6.9091797,-0.03479003,167.7204,686987.75,6.936975,Ship-Water-Cloud-2.bmp,3024,560
191.79736,14445.387,2.0984469e+08,7.7875357,-0.4645996,992.7257,4.0670885e+06,6.7959185,0.09570311,949.7739,3.8903115e+06,6.911832,0.092529304,209.7777,859284.5,6.920282,Ship-Water-Cloud-2.bmp,3136,560
183.16052,13918.354,1.9442126e+08,7.7669554,0.51672363,750.4619,3.0749858e+06,6.5239763,0.19152832,897.9269,3.6780588e+06,6.8040724,-0.013305664,165.4226,677571.75,6.7435274,Ship-Water-Cloud-2.bmp,3248,560
235.37842,21089.035,3.1331136e+08,7.7940316,-0.9333496,832.2746,3.412565e+06,6.5300584,0.28125,782.9082,3.207116e+06,6.6943626,-0.048095703,173.47693,710571.0,6.664848,Ship-Water-Cloud-2.bmp,3360,560
230.69568,20688.701,3.0273206e+08,7.7914915,0.80651855,812.5292,3.3307838e+06,6.5191193,0.5726318,858.7169,3.5186478e+06,6.5596857,-0.053833008,197.77242,810087.75,6.5377893,Ship-Water-Cloud-2.bmp,3472,560
180.27429,15873.179,1.9813171e+08,7.653166,0.16101074,940.74316,3.8533902e+06,6.705025,0.24963379,950.87695,3.8950472e+06,6.8474984,-0.048706032,211.61682,866792.25,6.8145447,Ship-Water-Cloud-2.bmp,3584,560
295.7704,18494.34,4.340714e+08,8.011372,-0.9744873,634.2849,2.6019208e+06,6.8809614,0.82214355,621.1631,2.5470528e+06,6.674874,0.1060791,138.90738,569010.75,6.759411,Ship-Water-Cloud-2.bmp,3696,560
325.00586,19164.324,5.1115267e+08,8.0564785,0.15112305,321.09814,1.3153115e+06,6.4904366,0.7749024,327.21753,1.3427425e+06,6.4322243,0.022216795,71.66735,293551.5,6.616425,Ship-Water-Cloud-2.bmp,3808,560
231.87329,16956.488,2.896761e+08,7.865033,0.4958496,596.02673,2.4423325e+06,6.825724,0.77246094,577.49866,2.3678785e+06,6.79311,0.05371093,131.42279,538319.5,6.9043036,Ship-Water-Cloud-2.bmp,3920,560
251.74976,16673.92,3.278924e+08,7.9332833,-0.5908203,802.48474,3.2884075e+06,6.8158092,-0.12622066,555.8958,2.2770145e+06,6.6189575,0.044433586,179.20125,734016.5,6.850442,Ship-Water-Cloud-2.bmp,4032,560
182.02283,16840.223,2.0468749e+08,7.7181454,0.83532715,468.1468,1.9203872e+06,6.8698797,0.45446777,519.19196,2.1274562e+06,6.9208145,0.23425291,159.4076,653158.25,6.7741838,Ship-Water-Cloud-2.bmp,4144,560
73.94275,7573.04,5.341418e+07,6.914699,0.32019043,224.1927,918713.25,6.0987825,0.27087402,328.01382,1.3438452e+06,6.0250497,-0.018188484,71.9509,294712.25,6.170241,Ship-Water-Cloud-2.bmp,4256,560
40.695557,3068.923,1.935381e+07,6.256771,-0.06640625,109.52465,448631.0,4.6065464,0.11816408,120.42134,493303.0,4.928215,-0.0061035147,33.61544,137689.0,4.944067,Ship-Water-Cloud-2.bmp,4368,560
46.665527,1658.4867,1.5712904e+07,6.930561,0.037597656,46.424736,190161.5,4.152113,0.07128907,55.43888,227098.5,4.261418,0.030273436,14.866395,60896.5,4.7859635,Ship-Water-Cloud-2.bmp,4480,560
42.16455,402.6975,8.93152e+06,7.922805,0.099365234,2.5577533,10517.0,7.017262,0.09643553,2.2360616,9197.0,7.1387796,0.0390625,1.3163452,5398.0,7.435253,Ship-Water-Cloud-2.bmp,4592,560
70.124146,3089.9722,3.279818e+07,7.489649,-0.5157471,10.029719,42171.25,6.8288417,0.41540527,8.582382,35860.25,6.8707566,0.017700193,2.1401284,8767.25,7.345269,Ship-Water-Cloud-2.bmp,4704,560
155.99353,6162.079,1.2491187e+08,7.922393,-0.25280762,21.590933,88698.25,7.3276587,0.35656744,20.848019,85914.25,7.3544445,-0.026000978,3.838008,15723.25,7.5150213,Ship-Water-Cloud-2.bmp,4816,560
201.15442,7829.461,1.9780634e+08,8.004877,-0.053833008,28.299286,115925.75,7.35446,-0.20568848,22.793814,93536.75,7.43639,0.013793944,3.9636164,16235.75,7.512412,Ship-Water-Cloud-2.bmp,4928,560
166.56848,7085.169,1.426646e+08,7.9356346,0.9388428,27.06236,114457.75,7.159715,-0.31164548,22.801498,93792.75,7.294528,0.0069580064,3.7313356,15283.75,7.4554396,Ship-Water-Cloud-2.bmp,5040,560
60.843018,542.84357,1.7386358e+07,8.017503,-0.025878906,6.0881977,24940.0,7.0163374,-0.02001955,4.938564,20230.0,7.036711,-0.008544922,1.932544,7916.0,7.4682827,Ship-Water-Cloud-2.bmp,5152,560
70.36719,1077.5372,2.4695104e+07,7.9098444,0.15844727,6.6520185,27349.5,7.0138845,0.14282227,5.3935423,22175.5,7.1072407,0.0009765625,2.0836167,8534.5,7.4289427,Ship-Water-Cloud-2.bmp,5264,560
53.238403,458.22498,1.3486295e+07,7.9758387,-0.08996582,5.3879633,22102.25,6.63521,0.03894046,4.233652,17347.25,6.8965006,-0.016479492,1.5530119,6362.25,7.3977704,Ship-Water-Cloud-2.bmp,5376,560
150.67883,15463.302,1.5633371e+08,7.5097036,-1.1807861,19.638885,86151.75,7.0581465,0.82482904,17.963638,76365.75,6.968114,0.031127928,4.01313,16441.75,7.22397,Ship-Water-Cloud-2.bmp,5488,560
228.0409,15002.209,2.744519e+08,7.9038835,0.2515869,31.847042,130704.75,6.7124214,0.7252196,26.520136,110780.74,7.113104,-0.019165039,5.8667583,24031.75,7.2007504,Ship-Water-Cloud-2.bmp,5600,560
138.45923,12866.308,1.3122465e+08,7.467348,0.49291992,118.42413,486060.5,6.3804398,0.5456543,75.33301,309783.5,6.5061245,-0.00024413504,30.432983,124653.5,6.478346,Ship-Water-Cloud-2.bmp,5712,560
127.98071,2233.0603,7.6235256e+07,8.10678,-0.16918945,468.56436,1.919357e+06,7.3984513,0.03198248,330.9472,1.355564e+06,7.3781023,-0.075927734,128.5062,526385.0,7.4058666,Ship-Water-Cloud-2.bmp,5824,560
135.04297,1761.4004,8.191182e+07,8.160581,-0.09374999,581.59985,2.382269e+06,7.5338416,0.0043945536,427.85474,1.752493e+06,7.5099306,-0.21923828,158.4307,649129.0,7.506797,Ship-Water-Cloud-2.bmp,5936,560
246.96033,13716.487,3.0599533e+08,7.9689236,0.2220459,841.9925,3.4490032e+06,7.0161276,-0.13903823,600.7759,2.4608572e+06,7.0462275,-0.0609131,148.40918,607899.25,7.026005,Ship-Water-Cloud-2.bmp,0,672
189.76733,7897.4644,1.798517e+08,7.9615145,0.1550293,1005.5338,4.118765e+06,7.000864,0.17114255,705.1958,2.888602e+06,7.0750437,-0.0129394755,144.93369,593649.0,7.1135674,Ship-Water-Cloud-2.bmp,112,672
182.90161,8672.515,1.7254611e+08,7.9070797,0.20117188,1045.6819,4.283279e+06,6.8684807,0.29711923,664.9918,2.724168e+06,7.041538,-0.08007813,133.52386,546940.0,6.993811,Ship-Water-Cloud-2.bmp,224,672
185.93054,11620.304,1.8919616e+08,7.8029985,0.92370605,992.1245,4.0672368e+06,6.9341755,-0.16345221,721.1778,2.9540538e+06,7.043418,-0.008178701,143.66858,588466.75,7.003122,Ship-Water-Cloud-2.bmp,336,672
188.69861,9885.328,1.8633725e+08,7.8878775,-0.43200684,915.4984,3.7506458e+06,6.9685364,-0.032348737,686.0836,2.8102028e+06,7.039132,-0.08630371,155.67975,637694.75,6.9941406,Ship-Water-Cloud-2.bmp,448,672
155.52307,9716.141,1.3886902e+08,7.722813,-0.24865723,719.3397,2.9466688e+06,7.0338078,-0.10510257,586.0497,2.4005048e+06,7.065649,0.033813473,141.63086,580124.75,7.0869994,Ship-Water-Cloud-2.bmp,560,672
174.44238,7623.5474,1.5586792e+08,7.93443,-0.3330078,547.786,2.2441855e+06,6.796728,-0.11035143,456.4276,1.8695775e+06,6.791294,-0.06396485,96.808784,396545.5,6.8839135,Ship-Water-Cloud-2.bmp,672,672
212.75598,10583.931,2.2875766e+08,7.9692984,0.33703613,527.921,2.1628298e+06,6.8632975,0.9359131,504.63428,2.0705698e+06,6.85762,0.012084948,103.03812,422044.75,6.829944,Ship-Water-Cloud-2.bmp,784,672
180.20117,10002.12,1.739759e+08,7.847719,-0.10913086,881.7457,3.611679e+06,6.9125767,0.47094727,642.31995,2.631851e+06,6.9459524,-0.019531243,123.58947,506224.0,7.000873,Ship-Water-Cloud-2.bmp,896,672
143.98755,6413.014,1.1118768e+08,7.8301535,-0.08276367,748.7859,3.067055e+06,6.8526554,-0.19311519,470.4749,1.927218e+06,6.894493,-0.06567383,106.97225,438176.0,6.8527827,Ship-Water-Cloud-2.bmp,1008,672
192.21667,9193.91,1.889942e+08,7.919401,-0.7598877,860.745,3.5279768e+06,7.0579586,-0.0484619,678.36084,2.7785758e+06,7.017618,-0.07434082,171.94852,704323.75,7.0069904,Ship-Water-Cloud-2.bmp,1120,672
176.62524,9450.646,1.6649062e+08,7.842889,0.1340332,600.42444,2.459412e+06,7.009253,-0.52441406,515.713,2.113487e+06,6.9374585,-0.088378906,131.57935,538981.0,6.9334097,Ship-Water-Cloud-2.bmp,1232,672
255.7544,8595.679,3.0312858e+08,8.114436,-0.4987793,204.78589,839822.0,6.132696,-0.061035126,107.34076,439683.0,6.743206,-0.035888672,24.720879,101262.0,6.6535606,Ship-Water-Cloud-2.bmp,1344,672
232.78589,12412.439,2.728006e+08,7.984069,0.78344727,385.16443,1.5801475e+06,6.117241,0.9428711,182.17435,749827.5,6.46778,-0.020019548,47.057095,192747.5,6.153041,Ship-Water-Cloud-2.bmp,1456,672
178.15881,8224.684,1.6369765e+08,7.9079795,0.01184082,377.9695,1.5481638e+06,6.6847754,-0.19494635,341.86502,1.4004348e+06,6.7212715,0.007690439,63.531864,260226.75,6.7350545,Ship-Water-Cloud-2.bmp,1568,672
214.85645,8521.686,2.2398966e+08,8.030328,-0.20483398,445.80984,1.826209e+06,6.7768803,0.5034179,369.9619,1.516402e+06,6.8047147,-0.0690918,88.778915,363658.0,6.8154535,Ship-Water-Cloud-2.bmp,1680,672
185.88916,8913.329,1.7804538e+08,7.9208074,-0.46435547,842.2712,3.450826e+06,6.9983926,0.2619628,756.1306,3.097392e+06,7.0792065,0.023193356,172.3598,705988.0,7.0521016,Ship-Water-Cloud-2.bmp,1792,672
207.63647,10555.61,2.1982624e+08,7.941697,-0.21777341,1059.7555,4.3409525e+06,7.048879,-0.4597168,828.23456,3.3933145e+06,7.2137113,-0.042480472,224.38528,919089.5,7.1160183,Ship-Water-Cloud-2.bmp,1904,672
184.60815,10121.187,1.8104877e+08,7.862625,-0.016113266,1008.93945,4.132617e+06,6.9874907,-0.4343261,637.0453,2.61011e+06,7.1533437,0.07763671,189.90169,777862.0,7.026045,Ship-Water-Cloud-2.bmp,2016,672
309.13867,18149.92,4.6578336e+08,8.025799,-1.0727539,487.1186,1.9999515e+06,6.593296,0.354248,282.39832,1.1572175e+06,6.785669,0.0065918006,97.69782,400170.5,6.648444,Ship-Water-Cloud-2.bmp,2128,672
436.693,10321.174,8.2338586e+08,8.232181,0.22570801,46.533466,190809.75,6.249506,1.0118408,54.73735,228397.75,6.2079773,-0.034057617,13.792237,56497.75,6.037957,Ship-Water-Cloud-2.bmp,2240,672
400.9839,17566.586,7.305407e+08,8.153668,-0.5114746,146.1101,599538.5,6.318532,1.0217285,142.65736,588600.5,6.2223134,0.026367195,47.79386,195766.5,5.9963503,Ship-Water-Cloud-2.bmp,2352,672
432.47974,15399.634,8.291875e+08,8.194069,0.11303711,102.243324,418841.0,5.7653556,1.1267089,83.74224,348208.0,5.9455924,-0.025146484,34.763283,142393.0,5.3395653,Ship-Water-Cloud-2.bmp,2464,672
407.6277,8836.615,7.1678746e+08,8.222922,-0.38085938,77.22469,316906.5,6.2711034,-0.070312425,54.781307,224404.5,6.500225,0.02758789,20.273773,83044.5,6.0649285,Ship-Water-Cloud-2.bmp,2576,672
367.58545,14506.956,6.1286816e+08,8.148903,0.8977051,320.82254,1.31739e+06,6.4919243,-0.17919904,294.21765,1.205247e+06,6.3147945,-0.058837883,110.70625,453467.0,6.383651,Ship-Water-Cloud-2.bmp,2688,672
213.8623,9850.908,2.2768842e+08,7.9971566,0.18139648,675.0027,2.764946e+06,6.820533,-0.47534186,711.0626,2.913438e+06,6.9413366,0.14013672,172.7953,707850.0,6.8423758,Ship-Water-Cloud-2.bmp,2800,672
168.99475,14178.754,1.7505475e+08,7.683011,0.4456787,769.43555,3.1524218e+06,6.6984982,-0.635376,704.84235,2.8886878e+06,6.7213106,-0.091674805,155.35654,636374.75,6.7667103,Ship-Water-Cloud-2.bmp,2912,672
149.61975,11256.479,1.3779987e+08,7.6978617,-0.17687988,338.09747,1.3849752e+06,6.484077,-0.63513184,278.15845,1.1409892e+06,6.5687075,0.08044433,64.904724,265876.25,6.5330715,Ship-Water-Cloud-2.bmp,3024,672
173.00488,11842.559,1.7110322e+08,7.78209,-0.6015625,663.1022,2.7175485e+06,6.5675716,-0.3320312,526.11084,2.1554015e+06,6.78315,0.118164055,123.43098,505630.5,6.722153,Ship-Water-Cloud-2.bmp,3136,672
211.8352,16405.734,2.5100243e+08,7.8306975,0.3671875,1102.2749,4.51547e+06,6.7503734,0.123291075,920.0734,3.768683e+06,6.847465,0.2211914,182.99696,749756.0,6.88994,Ship-Water-Cloud-2.bmp,3248,672
167.99365,12716.756,1.676846e+08,7.704236,-0.02368164,802.7347,3.2880035e+06,6.8868585,0.28173834,585.19885,2.3972995e+06,6.806958,0.024169913,143.44925,587570.5,6.984766,Ship-Water-Cloud-2.bmp,3360,672
123.52124,8430.759,9.7027096e+07,7.5962605,0.09301758,415.13272,1.700419e+06,6.4434075,-0.25878906,283.61713,1.16197e+06,6.9152923,0.062988274,80.204285,328533.0,6.621726,Ship-Water-Cloud-2.bmp,3472,672
115.07141,7935.461,8.674054e+07,7.526764,-0.5740967,324.93097,1.3322672e+06,6.4190025,-0.6744385,342.96735,1.4066572e+06,6.4835243,-0.0592041,75.95018,311106.25,6.3648605,Ship-Water-Cloud-2.bmp,3584,672
194.44373,10961.716,1.9976224e+08,7.869749,-0.20935059,540.37506,2.2135558e+06,6.790923,0.093871996,606.38007,2.4837688e+06,6.915228,0.01843262,106.5997,436633.75,7.0036087,Ship-Water-Cloud-2.bmp,3696,672
207.71338,13429.236,2.3172746e+08,7.8402476,-0.0859375,769.90967,3.15358e+06,6.9418902,-0.14062488,838.9533,3.436434e+06,6.945258,-0.042968757,182.55188,747740.0,6.968683,Ship-Water-Cloud-2.bmp,3808,672
197.07019,12047.936,2.084233e+08,7.8735857,0.13146973,375.63452,1.5386698e+06,6.7245665,0.5845948,469.83664,1.9258508e+06,6.627906,0.066772446,114.46277,468857.75,6.693517,Ship-Water-Cloud-2.bmp,3920,672
202.96716,9611.326,2.0810544e+08,7.969057,0.19299316,506.07098,2.0730192e+06,6.051443,0.5098877,182.88315,750154.25,6.425978,-0.0006103525,83.341125,341365.25,6.337451,Ship-Water-Cloud-2.bmp,4032,672
72.96997,5106.0825,4.2724144e+07,7.039111,0.52319336,187.31708,768372.0,4.5827217,0.03930667,45.741615,187364.0,5.291154,0.01782227,30.50896,124966.0,5.1089916,Ship-Water-Cloud-2.bmp,4144,672
40.389526,189.20415,7.456842e+06,8.063423,0.0357666,2.4754663,10144.75,7.231285,-0.105346665,2.4861555,10228.75,7.3378086,-0.013793945,1.8078544,7405.75,7.4842024,Ship-Water-Cloud-2.bmp,4256,672
37.063477,15.274047,5.689243e+06,8.296333,-0.021240234,1.7786015,7287.0,7.4159613,-0.03686523,1.649764,6763.0,7.5414834,-0.025878906,1.7134414,7021.0,7.4796247,Ship-Water-Cloud-2.bmp,4368,672
33.363403,149.99739,5.173715e+06,8.136138,0.06726074,1.4796679,6079.25,7.465206,0.03234863,1.3959873,5722.25,7.5373244,-0.013305664,1.2396302,5078.25,7.496433,Ship-Water-Cloud-2.bmp,4480,672
22.353516,171.4495,2.748945e+06,7.8119516,0.040283203,1.2437387,5101.0,7.4099536,0.040771477,1.122117,4603.0,7.427982,0.022460938,0.8200521,3361.0,7.4966583,Ship-Water-Cloud-2.bmp,4592,672
21.911377,398.08676,3.5970875e+06,7.1704993,-0.14868164,2.0363655,8431.5,6.7636566,0.038330078,2.2928424,9397.5,6.33254,0.0017089825,1.0057343,4119.5,7.329792,Ship-Water-Cloud-2.bmp,4704,672
73.13403,2204.3335,3.093676e+07,7.6138463,-0.20751953,10.620022,43676.0,6.982685,-0.25341797,13.603748,55984.0,6.74352,-0.008056641,2.447445,10025.0,7.425297,Ship-Water-Cloud-2.bmp,4816,672
118.65552,6685.491,8.5051896e+07,7.5793653,-0.0122070275,34.095676,139656.5,6.607274,0.3928222,18.1151,74831.5,7.105755,-0.018554691,4.026877,16495.5,7.103174,Ship-Water-Cloud-2.bmp,4928,672
107.46033,3977.124,6.358977e+07,7.7446237,0.30407715,17.763802,73139.25,6.977092,0.3565674,14.838253,61298.25,7.0164213,0.014770509,2.9405165,12045.25,7.4129305,Ship-Water-Cloud-2.bmp,5040,672
63.12964,1616.6239,2.294569e+07,7.672756,0.24780273,14.669672,60338.5,5.0708747,0.04028323,6.5185184,26706.5,6.696857,-0.004150393,2.4185617,9906.5,6.722727,Ship-Water-Cloud-2.bmp,5152,672
58.359375,1466.9951,1.9959036e+07,7.343107,-0.07397461,247.62515,1.014295e+06,4.169463,0.08081052,54.449524,223052.0,3.7709486,-0.0014648414,17.299316,70858.0,3.6719704,Ship-Water-Cloud-2.bmp,5264,672
48.94812,810.0263,1.313155e+07,7.522931,-0.016479492,84.19058,344845.75,4.4945145,-0.25842285,68.14264,279385.75,3.510316,0.0098877,12.60531,51631.75,4.080411,Ship-Water-Cloud-2.bmp,5376,672
40.647705,54.43204,6.990512e+06,8.229797,0.021484375,3.223904,13207.0,5.5482583,0.06274415,2.6147156,10726.0,6.392586,-0.0019531255,1.6237755,6651.0,7.2721415,Ship-Water-Cloud-2.bmp,5488,672
53.90564,2533.725,2.228037e+07,6.814912,-0.37854004,149.98006,614905.25,4.1727314,0.39318845,160.9226,659772.25,4.432022,0.04992676,28.025887,114804.25,4.442658,Ship-Water-Cloud-2.bmp,5600,672
55.38208,4727.249,3.192596e+07,6.3143687,0.2397461,236.7268,969868.5,4.4874144,-0.11962889,252.55174,1.0345105e+06,4.5686283,-0.0012206901,40.715458,166770.5,4.72058,Ship-Water-Cloud-2.bmp,5712,672
51.95105,1643.5267,1.7786626e+07,7.3318686,-0.12243652,83.17367,340740.75,5.742277,0.39099124,60.240623,247371.75,5.79112,-0.0042724586,24.769941,101457.75,6.016369,Ship-Water-Cloud-2.bmp,5824,672
88.1698,2988.8857,4.4084424e+07,7.8010597,-0.010131836,347.6004,1.4237718e+06,7.047101,0.53796387,243.10165,996929.75,7.0091577,-0.023315439,87.08191,356689.75,7.0842,Ship-Water-Cloud-2.bmp,5936,672
233.50537,12814.768,2.7582272e+08,7.956724,-0.1809082,903.52356,3.7009665e+06,6.907823,-0.1657716,685.553,2.8081375e+06,7.0092354,-0.10888671,120.62425,494125.5,6.945492,Ship-Water-Cloud-2.bmp,0,784
180.09424,8266.852,1.6671043e+08,7.9014297,0.81030273,946.49536,3.8795345e+06,7.024262,0.32836917,578.8762,2.3715185e+06,6.9536514,-0.064453125,131.45544,538458.5,7.042694,Ship-Water-Cloud-2.bmp,112,784
183.76611,11387.164,1.8496368e+08,7.808286,0.41918945,908.64453,3.722528e+06,6.6311655,-0.5327148,530.2345,2.173003e+06,6.8579807,0.043212898,98.858246,404931.0,6.9378433,Ship-Water-Cloud-2.bmp,224,784
168.79285,10341.005,1.59056e+08,7.7771955,0.1097412,888.20294,3.6381288e+06,7.0149846,0.18664552,677.9541,2.7770428e+06,6.9368954,0.05187988,121.91669,499381.75,7.0601845,Ship-Water-Cloud-2.bmp,336,784
181.77612,9542.253,1.744274e+08,7.854906,0.12915039,1087.4329,4.454193e+06,7.053641,-0.1643067,704.1022,2.884113e+06,6.9399705,-0.046630856,149.43484,612094.0,7.0245175,Ship-Water-Cloud-2.bmp,448,784
182.43018,12379.424,1.8702416e+08,7.7679973,0.39453125,735.9469,3.015076e+06,6.864438,-0.020263672,791.26355,3.241017e+06,6.8967853,0.15063477,134.01955,549037.0,7.0141335,Ship-Water-Cloud-2.bmp,560,784
194.96802,10181.389,1.9740227e+08,7.896053,0.09082031,561.05664,2.298122e+06,6.950549,-0.2817383,495.58667,2.030248e+06,7.039487,-0.045166012,113.266754,463949.0,6.873695,Ship-Water-Cloud-2.bmp,672,784
166.61414,10361.053,1.5614493e+08,7.7852244,1.0748291,687.20465,2.8195222e+06,6.8746796,0.3150635,609.4867,2.4968642e+06,6.9250774,-0.05529785,115.98406,475083.25,6.919792,Ship-Water-Cloud-2.bmp,784,784
173.23022,11567.462,1.70296e+08,7.7715807,-0.052001953,1135.2297,4.649912e+06,6.7410183,-0.37329102,623.86115,2.555906e+06,6.898571,0.030029293,138.31233,566531.0,6.93907,Ship-Water-Cloud-2.bmp,896,784
183.68958,9717.766,1.7801062e+08,7.8729,0.5430908,859.8094,3.5229872e+06,6.975013,-0.118530184,636.0536,2.6053332e+06,6.896905,0.061645515,137.77214,564330.25,6.881564,Ship-Water-Cloud-2.bmp,1008,784
221.48804,7652.4595,2.3228176e+08,8.051543,0.2097168,722.60693,2.959978e+06,6.929331,-0.3361817,476.69485,1.953005e+06,7.073701,0.043701187,104.26982,427097.0,6.9858727,Ship-Water-Cloud-2.bmp,1120,784
193.23145,10010.2,1.9393982e+08,7.8974133,0.26464844,766.0329,3.1379575e+06,6.9812493,0.40283203,545.1789,2.2337175e+06,7.019802,0.06542969,118.55078,485601.5,6.995349,Ship-Water-Cloud-2.bmp,1232,784
179.66772,9220.441,1.6998782e+08,7.8793607,-0.43481445,721.89795,2.9576685e+06,6.298032,0.05810552,387.82828,1.5885585e+06,6.6168504,0.08789062,73.864716,302581.5,6.626505,Ship-Water-Cloud-2.bmp,1344,784
214.24585,9133.322,2.2542174e+08,8.029596,-0.47436523,242.54462,994384.5,6.007803,-0.3347168,135.19131,554202.5,6.4324636,0.03149414,26.945662,110373.5,6.5090084,Ship-Water-Cloud-2.bmp,1456,784
220.02429,8301.066,2.3229134e+08,8.035738,0.19519043,176.94157,724908.75,6.252147,-0.8372802,164.32796,675958.75,6.4354134,0.0040283203,24.529219,100471.75,6.802043,Ship-Water-Cloud-2.bmp,1568,784
242.53821,14148.619,2.9889907e+08,7.9609632,-0.54748535,304.4391,1.2482102e+06,6.672393,-0.82116705,274.43292,1.1268392e+06,6.689112,0.029174801,55.617134,227811.25,6.621068,Ship-Water-Cloud-2.bmp,1680,784
231.3529,11085.215,2.6464003e+08,7.995162,0.3922119,735.2973,3.0124078e+06,6.883046,-0.2762452,764.2542,3.1306978e+06,6.8249316,-0.08996581,108.57534,444757.75,6.9676385,Ship-Water-Cloud-2.bmp,1792,784
183.14856,10068.732,1.786353e+08,7.8830185,0.2972412,782.0589,3.2036752e+06,6.8601923,0.075805634,819.3588,3.3561172e+06,6.9946585,-0.10314943,139.82487,572766.25,7.0204806,Ship-Water-Cloud-2.bmp,1904,784
169.5105,10673.463,1.614122e+08,7.7782173,0.4309082,628.9818,2.57707e+06,6.926484,0.25463867,592.6224,2.427647e+06,6.950341,0.07348633,134.79294,552134.0,6.995663,Ship-Water-Cloud-2.bmp,2016,784
205.0282,10220.516,2.14045e+08,7.9512596,-0.064575195,500.7344,2.0510252e+06,6.7400103,0.55212396,362.27704,1.4851352e+06,7.0357223,-0.035766594,98.04126,401582.25,6.876376,Ship-Water-Cloud-2.bmp,2128,784
214.8584,7447.534,2.1959338e+08,8.036895,0.24829102,377.95215,1.5483445e+06,6.423362,0.111816406,217.29208,890079.5,6.874291,-0.074462876,74.78755,306352.5,6.6200137,Ship-Water-Cloud-2.bmp,2240,784
244.97705,7999.3447,2.7858163e+08,8.095385,-0.14648438,271.89676,1.113777e+06,6.770502,-0.3508302,219.48703,899523.0,6.6806564,-0.05297851,77.000854,315407.0,6.640777,Ship-Water-Cloud-2.bmp,2352,784
234.60376,15284.09,2.8804307e+08,7.9379663,0.10546875,248.03233,1.015986e+06,6.600376,-0.3779297,246.70996,1.011109e+06,6.619721,0.05688476,95.49896,391177.0,6.1839633,Ship-Water-Cloud-2.bmp,2464,784
317.08752,22019.793,5.0202333e+08,7.9952044,-0.7994385,190.88904,784499.25,6.578041,0.6431885,197.17694,809331.25,6.651762,0.0028076172,55.767876,228425.25,6.223062,Ship-Water-Cloud-2.bmp,2576,784
372.3009,16935.848,6.3710746e+08,8.12602,0.7545166,215.58994,885388.25,6.1110315,0.5279539,103.03676,423180.25,6.5154114,0.00012207171,51.676575,211667.25,6.2325277,Ship-Water-Cloud-2.bmp,2688,784
236.38892,13476.088,2.8408138e+08,7.9716206,0.021972649,700.42566,2.8689455e+06,6.781837,-0.14257821,486.06747,1.9910155e+06,6.850616,0.056884762,156.72809,641971.5,6.9037666,Ship-Water-Cloud-2.bmp,2800,784
208.97815,13782.695,2.3533389e+08,7.862682,0.14465332,788.2069,3.2285812e+06,6.9721193,-0.41906738,687.7634,2.8177982e+06,6.9885674,0.010620121,166.12445,680446.25,6.951559,Ship-Water-Cloud-2.bmp,2912,784
220.9347,8881.061,2.3631134e+08,8.029275,-0.06970215,664.09375,2.7201482e+06,6.7764378,0.11755377,399.97742,1.6383642e+06,6.9028068,0.080444336,103.61616,424438.25,6.8618793,Ship-Water-Cloud-2.bmp,3024,784
310.0005,11290.219,4.3987155e+08,8.132456,-0.11791992,370.6776,1.5183525e+06,6.481636,-0.2028808,258.1257,1.0574515e+06,6.4246707,-0.06298828,72.82623,298312.5,6.431262,Ship-Water-Cloud-2.bmp,3136,784
313.9513,11629.625,4.5135885e+08,8.136351,0.47375488,384.30576,1.5750358e+06,6.2272196,-0.07824725,467.12515,1.9133698e+06,6.3938274,0.019409183,68.031296,278657.75,6.587552,Ship-Water-Cloud-2.bmp,3248,784
159.02954,13859.035,1.6035606e+08,7.617991,0.5258789,581.5544,2.3831795e+06,6.39001,-1.1213379,612.3946,2.5135185e+06,6.4637613,0.1430664,105.12053,430657.5,6.686345,Ship-Water-Cloud-2.bmp,3360,784
126.21912,8477.502,9.99783e+07,7.5703845,-0.044555664,335.02203,1.3722582e+06,5.8814826,-0.39953616,403.51962,1.6534702e+06,6.349983,0.10534668,73.05903,299295.25,6.385643,Ship-Water-Cloud-2.bmp,3472,784
193.55103,9836.307,1.9373386e+08,7.9326315,-0.5612793,125.07987,513617.5,6.351818,0.20483406,156.11906,639635.5,6.443295,-0.09008789,24.40143,99981.5,6.505367,Ship-Water-Cloud-2.bmp,3584,784
314.0702,8471.949,4.3873088e+08,8.168315,0.20349121,172.91458,708427.75,6.5124474,-0.44372553,230.78743,946111.75,6.421448,-0.014038079,42.69188,174866.75,6.307645,Ship-Water-Cloud-2.bmp,3696,784
251.75635,15114.229,3.215175e+08,7.995284,0.85131836,308.33545,1.2659105e+06,6.1252885,-0.39135742,541.3182,2.2178665e+06,6.1565547,-0.041503914,98.91906,405179.5,5.988364,Ship-Water-Cloud-2.bmp,3808,784
82.559326,5086.5938,4.87532e+07,7.14031,0.36010742,66.096275,271261.5,4.8341637,0.33007812,136.9554,561415.5,4.693119,-0.0024414053,21.995964,90095.5,5.116578,Ship-Water-Cloud-2.bmp,3920,784
122.18555,7188.1533,9.059312e+07,7.634474,-0.72753906,123.63988,508597.0,5.0565796,0.08032216,33.459854,137078.0,6.4177103,-0.031982414,16.03389,65679.0,5.5531735,Ship-Water-Cloud-2.bmp,4032,784
171.17578,12817.37,1.7251746e+08,7.722627,0.17016602,460.62982,1.8868585e+06,5.658817,-1.0283204,85.52105,354625.5,6.3793383,0.03149414,58.825058,240951.5,5.7295566,Ship-Water-Cloud-2.bmp,4144,784
70.63977,2740.8413,3.1665432e+07,7.354029,0.4449463,6.738241,28410.75,6.685001,-0.58044434,13.418639,56342.75,5.5366077,-0.008178714,2.3250675,9523.75,7.4324245,Ship-Water-Cloud-2.bmp,4256,784
70.468506,8719.617,5.605551e+07,6.3543835,-0.16455078,16.58303,68035.0,4.132946,-1.4365234,115.56311,481799.0,4.9072485,-0.024169922,7.62881,31250.0,4.9085846,Ship-Water-Cloud-2.bmp,4368,784
136.26672,24701.666,1.772351e+08,7.090554,-0.3602295,126.688774,519448.75,5.3133745,-1.095581,364.73788,1.4988828e+06,5.658932,0.012817383,28.96242,118630.75,5.6210957,Ship-Water-Cloud-2.bmp,4480,784
147.2981,24623.797,1.8972888e+08,7.3056145,-0.44458008,209.43541,858657.0,5.836268,-1.0371094,320.5438,1.317353e+06,6.172309,0.017089847,36.99702,151541.0,6.1704583,Ship-Water-Cloud-2.bmp,4592,784
214.35278,28457.643,3.0476192e+08,7.6976743,-0.87231445,91.323784,377179.0,5.9932094,-1.1374512,161.70866,667658.0,6.3897686,0.012939446,15.5611105,63739.0,6.4504914,Ship-Water-Cloud-2.bmp,4704,784
318.65698,16098.986,4.8185856e+08,8.076286,-0.35131836,86.948845,356648.0,6.4885116,-0.8693848,153.41238,631473.0,6.3751445,0.015869139,15.091787,61817.0,6.6699815,Ship-Water-Cloud-2.bmp,4816,784
231.1278,19381.957,2.981971e+08,7.8099422,0.47912598,320.08875,1.3120238e+06,6.521293,-0.8433838,311.68732,1.2795848e+06,6.6566906,-0.0028076097,53.006763,217115.75,6.7148714,Ship-Water-Cloud-2.bmp,4928,784
186.8805,12325.123,1.9353371e+08,7.7962074,0.5760498,394.68997,1.6180092e+06,6.6350822,-0.008422792,424.67798,1.7394812e+06,6.6436014,0.04699707,60.83672,249196.25,6.7896852,Ship-Water-Cloud-2.bmp,5040,784
154.13098,11840.449,1.4580451e+08,7.645394,0.5826416,459.58087,1.8838338e+06,6.675128,-0.5633545,441.79608,1.8108968e+06,6.681887,0.028930657,78.02499,319593.75,6.741754,Ship-Water-Cloud-2.bmp,5152,784
176.85986,11683.916,1.759778e+08,7.7815576,-0.04101561,479.3758,1.96353e+06,6.5025268,-0.3898925,314.99347,1.290836e+06,6.4790435,-0.0002441518,62.42383,255688.0,6.7051463,Ship-Water-Cloud-2.bmp,5264,784
172.46582,14342.412,1.8057982e+08,7.7084494,0.42016602,507.2577,2.0784505e+06,6.7468166,-0.87524414,428.43597,1.7580115e+06,6.60677,0.037597664,83.13885,340542.5,6.7684016,Ship-Water-Cloud-2.bmp,5376,784
117.1427,8295.746,9.018638e+07,7.5335193,0.4432373,445.5275,1.8256852e+06,6.908718,-0.30456543,355.20953,1.4553182e+06,6.8078084,0.011108395,92.41327,378525.25,6.986953,Ship-Water-Cloud-2.bmp,5488,784
114.32251,8707.574,8.919946e+07,7.4983797,0.2763672,477.63318,1.9566985e+06,6.703063,-0.24023432,451.49097,1.8495435e+06,6.788483,-0.041259773,87.593155,358788.5,6.772494,Ship-Water-Cloud-2.bmp,5600,784
92.87158,11974.139,8.437461e+07,6.9156504,0.43139648,464.2414,1.902295e+06,6.04251,-0.5859375,345.62598,1.41709e+06,5.9621787,-0.075439446,80.46916,329625.0,6.2425494,Ship-Water-Cloud-2.bmp,5712,784
55.010254,6958.1387,4.0895556e+07,6.2100005,0.033935547,193.14034,791107.5,4.909599,-0.43286133,176.70265,724541.5,4.961178,-0.024414059,42.12355,172540.5,5.309575,Ship-Water-Cloud-2.bmp,5824,784
32.37317,1131.9813,8.929294e+06,6.223834,0.060668945,34.747845,142342.25,3.5148718,-0.06652833,45.24344,185335.25,3.6247768,-0.01330566,8.704718,35655.25,4.9080453,Ship-Water-Cloud-2.bmp,5936,784
243.10718,10959.451,2.86968e+08,8.021321,-0.043945312,1128.9628,4.6242395e+06,6.868019,-0.6074219,781.04236,3.2006605e+06,6.9972467,-0.064697266,138.66537,567990.5,6.9733877,Ship-Water-Cloud-2.bmp,0,896
205.36401,10612.512,2.162151e+08,7.9207926,-0.17773438,1218.4994,4.9911035e+06,7.045307,-0.46923828,588.1273,2.4098715e+06,7.050062,-0.038818344,136.21344,557936.5,7.0508676,Ship-Water-Cloud-2.bmp,112,896
210.04651,16576.559,2.4861118e+08,7.780039,0.3338623,999.5274,4.0945208e+06,6.676447,-1.1207275,542.34375,2.2265848e+06,6.719169,-0.098999016,88.33999,361880.75,6.8136425,Ship-Water-Cloud-2.bmp,224,896
179.23901,9252.802,1.6949013e+08,7.8764095,0.06689453,901.3894,3.6921095e+06,6.9703355,-0.40551755,548.6565,2.2479705e+06,7.037673,0.011718743,110.07298,450859.5,7.0140243,Ship-Water-Cloud-2.bmp,336,896
183.83142,9972.075,1.7926581e+08,7.847636,-0.30749512,1096.844,4.49306e+06,6.996609,-0.5347901,615.7382,2.5232352e+06,7.0497866,-0.047241207,137.24734,562174.25,7.0849714,Ship-Water-Cloud-2.bmp,448,896
159.17627,8244.798,1.375514e+08,7.8269606,0.21582031,680.7915,2.788713e+06,7.02009,-0.07885741,516.0856,2.113912e+06,7.0846386,0.06713866,163.07385,667969.0,6.892914,Ship-Water-Cloud-2.bmp,560,896
204.29211,12386.762,2.2168384e+08,7.8678226,0.056030273,783.7191,3.2101262e+06,6.867266,0.3104248,665.2086,2.7250892e+06,6.923315,0.041137695,135.32747,554308.25,6.8270707,Ship-Water-Cloud-2.bmp,672,896
195.53186,11369.297,2.0316981e+08,7.8738785,-0.021606445,822.53125,3.3690902e+06,6.907326,-0.44470218,765.31287,3.1355312e+06,6.9306674,-0.116821304,167.0289,684206.25,6.9996014,Ship-Water-Cloud-2.bmp,784,896
207.87659,15967.685,2.4240275e+08,7.809551,-0.0250244,597.74457,2.4483642e+06,6.4632206,-0.29968256,419.23712,1.7175632e+06,6.645606,0.0047607576,141.9302,581346.25,6.524048,Ship-Water-Cloud-2.bmp,896,896
213.82275,15649.756,2.5137122e+08,7.8182135,0.10742187,730.8168,2.9934725e+06,6.8427067,-0.2775879,531.998,2.1793795e+06,6.8750753,-0.010009775,153.75099,629764.5,6.835767,Ship-Water-Cloud-2.bmp,1008,896
154.3938,8939.012,1.3425237e+08,7.772316,-0.07006835,474.1886,1.9422965e+06,6.8769317,0.052001998,367.18103,1.5039845e+06,6.983959,0.07592775,116.25461,476202.5,6.7702603,Ship-Water-Cloud-2.bmp,1120,896
164.45654,10890.018,1.5538573e+08,7.738517,-0.4658203,631.97144,2.589444e+06,6.786026,0.2341308,502.66046,2.059122e+06,6.9522543,0.046142563,131.36067,538062.0,6.9138346,Ship-Water-Cloud-2.bmp,1232,896
190.31921,10087.757,1.8968232e+08,7.8906016,-0.12780762,662.8779,2.7152148e+06,6.911996,-0.01184085,622.11505,2.5481838e+06,6.856414,-0.108276375,124.95257,511853.75,6.9681344,Ship-Water-Cloud-2.bmp,1344,896
222.98047,7938.9106,2.361721e+08,8.053795,-0.19750977,180.14044,738015.0,7.0096803,0.04736325,160.22285,656282.0,6.9574213,-0.010009765,40.86245,167373.0,6.9439936,Ship-Water-Cloud-2.bmp,1456,896
276.02954,9352.87,3.5039306e+08,8.101668,-0.9741211,207.4245,853497.5,6.975308,0.116211034,186.78717,765135.5,6.8526235,-0.04418945,33.67151,137926.5,6.966282,Ship-Water-Cloud-2.bmp,1568,896
319.6671,7676.2695,4.5000022e+08,8.187191,0.30236816,255.654,1.04753325e+06,6.4976273,0.0010985136,201.06915,823579.25,6.448618,0.054809574,38.732407,158660.25,6.5383577,Ship-Water-Cloud-2.bmp,1680,896
230.38855,9744.537,2.5732472e+08,8.039776,0.47912598,356.94397,1.4629828e+06,6.5987344,0.18322761,271.86115,1.1136808e+06,6.7533407,-0.014770508,64.071014,262435.75,6.6291695,Ship-Water-Cloud-2.bmp,1792,896
177.80847,8054.7354,1.6249072e+08,7.9185743,0.24841309,1109.4728,4.544653e+06,6.766653,0.07458496,618.2377,2.5323242e+06,6.973627,0.10437012,138.96793,569257.25,6.969626,Ship-Water-Cloud-2.bmp,1904,896
160.40198,7772.7603,1.3722237e+08,7.86463,0.14196777,759.7878,3.1121732e+06,6.931747,0.41149914,530.393,2.1731832e+06,7.037123,0.054809563,124.94189,511774.25,7.1103363,Ship-Water-Cloud-2.bmp,2016,896
130.69678,5059.55,9.069035e+07,7.852894,-0.1398926,306.67416,1.2562175e+06,6.8421206,0.14965825,204.9394,839523.5,6.917841,-0.013183586,51.793648,212147.5,6.949686,Ship-Water-Cloud-2.bmp,2128,896
222.21033,7426.4927,2.3266886e+08,8.056783,-0.8284912,441.86493,1.8126902e+06,6.5223417,-0.22058105,261.27832,1.0703952e+06,6.862688,-0.14416504,80.2847,328931.25,6.7545857,Ship-Water-Cloud-2.bmp,2240,896
309.08496,7989.675,4.2403098e+08,8.1762295,-0.6586914,160.29489,658345.0,6.7339716,0.3640135,140.86824,577539.0,6.8929343,-0.015380865,41.963146,171882.0,6.750411,Ship-Water-Cloud-2.bmp,2352,896
263.92334,12040.217,3.3462576e+08,8.054985,0.5883789,185.67041,761924.0,6.4931026,0.6748047,131.85178,541930.0,6.764657,-0.013183603,38.21296,156521.0,6.8138523,Ship-Water-Cloud-2.bmp,2464,896
274.1853,10563.598,3.5119587e+08,8.085655,-0.5097656,179.54298,736472.5,6.7597933,0.20385727,142.4046,583459.5,6.8806114,0.007324215,40.365303,165336.5,6.6618576,Ship-Water-Cloud-2.bmp,2576,896
319.7871,10820.284,4.631924e+08,8.139673,0.66259766,462.1965,1.894955e+06,6.6729965,-0.00048840046,213.7124,875366.0,6.836568,-0.015136719,73.811295,302332.0,6.6693344,Ship-Water-Cloud-2.bmp,2688,896
235.92517,12393.572,2.7875024e+08,8.008756,-0.08264162,442.09515,1.8108498e+06,6.6201,0.049438454,268.5417,1.0999568e+06,6.610787,0.046508785,116.04123,475313.75,6.7127085,Ship-Water-Cloud-2.bmp,2800,896
252.72119,10477.422,3.0451885e+08,8.066944,0.24853516,699.9765,2.8673565e+06,6.7147856,0.15087885,565.3941,2.3159475e+06,6.796774,-0.11279297,136.51791,559229.5,6.661528,Ship-Water-Cloud-2.bmp,2912,896
242.0658,28274.508,3.55821e+08,7.768406,0.4383545,1085.393,4.446556e+06,6.5216236,0.29162586,940.04486,3.8507722e+06,6.6035194,-0.13562012,166.6345,682610.25,6.5508127,Ship-Water-Cloud-2.bmp,3024,896
220.47144,22192.855,2.8999885e+08,7.777939,0.46972656,691.6928,2.8340775e+06,6.5103054,1.3127441,719.50415,2.9541475e+06,6.675514,-0.053222656,146.23755,599000.5,6.570739,Ship-Water-Cloud-2.bmp,3136,896
145.37512,18319.027,1.615993e+08,7.4535556,-0.008422852,377.6654,1.5469178e+06,6.399751,1.4124756,601.3977,2.4714968e+06,6.453698,0.116333,113.19466,463700.75,6.339752,Ship-Water-Cloud-2.bmp,3248,896
131.76953,26844.666,1.8107546e+08,7.064211,0.3869629,251.41922,1.0304265e+06,5.5831327,0.7607422,700.5078,2.8716505e+06,5.907373,-0.017333992,89.68024,367331.5,5.853939,Ship-Water-Cloud-2.bmp,3360,896
109.99927,8995.111,8.640492e+07,7.347703,-0.24389648,74.89718,307022.5,5.662753,0.4992675,212.34071,870768.5,5.2704935,-0.019775387,26.023167,106592.5,5.6627564,Ship-Water-Cloud-2.bmp,3472,896
273.41956,22800.379,3.9960016e+08,7.927164,-1.039917,29.754812,126305.25,7.35009,-0.2586671,31.07866,127572.25,6.970621,0.0010986347,5.9673443,24442.25,7.342806,Ship-Water-Cloud-2.bmp,3584,896
397.7821,16349.133,7.150786e+08,8.162599,0.6119385,32.144024,133195.75,7.166427,-0.67541516,26.821342,111728.75,7.077272,0.031860348,5.7506323,23558.75,7.24181,Ship-Water-Cloud-2.bmp,3696,896
251.61902,16744.154,3.2791056e+08,7.8951526,0.74890137,86.66943,357295.25,6.6559,-0.19616702,78.5126,321745.25,6.7356195,0.025024416,22.211592,90981.25,6.694544,Ship-Water-Cloud-2.bmp,3808,896
128.64136,3884.324,8.369325e+07,7.9592767,-0.42089844,259.63486,1.06419e+06,6.956161,-0.4338379,210.11916,861419.0,6.9453225,0.0043945312,63.801,261329.0,7.0316277,Ship-Water-Cloud-2.bmp,3920,896
174.10974,3879.1458,1.4005595e+08,8.095572,0.083862305,208.9459,855871.25,7.111001,0.12805174,219.38235,898657.25,7.011286,-0.009643566,52.94333,216856.25,7.146807,Ship-Water-Cloud-2.bmp,4032,896
301.17908,17934.46,4.4500294e+08,8.010455,-1.0045166,719.08386,2.9495008e+06,6.4123898,-0.14953606,341.96466,1.4007788e+06,6.5526543,-0.000610346,112.48163,460724.75,6.5572567,Ship-Water-Cloud-2.bmp,4144,896
397.8352,19995.75,7.301882e+08,8.14777,-0.0817871,325.07144,1.33152e+06,5.715045,-1.219238,596.4011,2.448948e+06,6.312684,0.12695312,85.151115,348845.0,6.0554314,Ship-Water-Cloud-2.bmp,4256,896
317.3152,24633.121,5.133191e+08,7.980621,1.0073242,480.17014,1.970933e+06,6.355111,-0.57592773,753.35315,3.087093e+06,6.6332603,0.049316414,109.64748,449126.0,6.6212068,Ship-Water-Cloud-2.bmp,4368,896
254.38232,13364.266,3.197937e+08,7.9925194,-0.22485352,709.3458,2.9056875e+06,6.7664204,0.29907244,769.7551,3.1532835e+06,6.8259478,0.003906253,116.987885,479182.5,6.926547,Ship-Water-Cloud-2.bmp,4480,896
285.48877,13626.113,3.896523e+08,8.051263,-0.16333008,854.9961,3.502173e+06,6.702419,-0.43530276,707.79755,2.899915e+06,6.839937,-0.13916016,127.669846,523015.0,6.9858265,Ship-Water-Cloud-2.bmp,4592,896
352.39075,15315.924,5.7137216e+08,8.126783,-0.9923096,435.91406,1.7895372e+06,6.3206987,0.65246606,537.21204,2.2021642e+06,6.356393,-0.03186035,70.697525,289581.25,6.4197445,Ship-Water-Cloud-2.bmp,4704,896
386.6084,9539.149,6.512853e+08,8.206772,-0.052978516,209.21545,856958.0,6.3197303,0.26049814,239.82277,982592.0,6.1534715,-0.02636719,32.997597,135161.0,6.506798,Ship-Water-Cloud-2.bmp,4816,896
332.20032,16768.652,5.2070688e+08,8.076235,0.08532713,476.43262,1.9514978e+06,6.580488,-0.021362156,432.56323,1.7717808e+06,6.7713227,-0.022094715,71.171814,291521.75,6.7994976,Ship-Water-Cloud-2.bmp,4928,896
262.62634,9606.872,3.218615e+08,8.086093,0.0030517578,483.86627,1.9819162e+06,6.444881,-0.9505614,614.91534,2.5223942e+06,6.9200153,0.13806152,74.10404,303608.25,6.979747,Ship-Water-Cloud-2.bmp,5040,896
255.61926,9521.85,3.066391e+08,8.070633,0.08288574,300.8173,1.2321758e+06,6.6479645,-0.7393799,696.9972,2.8571398e+06,7.0035267,0.06213378,60.11815,246259.75,6.9579964,Ship-Water-Cloud-2.bmp,5152,896
217.9895,10026.118,2.3570653e+08,7.9606333,-0.008300781,475.76617,1.9487385e+06,6.716893,-0.0051270127,613.3622,2.5123315e+06,6.8950176,0.080566406,88.425995,362219.5,6.6684117,Ship-Water-Cloud-2.bmp,5264,896
229.88403,14789.371,2.7703722e+08,7.8978477,0.33764648,777.43054,3.1848225e+06,6.9630527,-0.29711905,539.3196,2.2094145e+06,6.9383993,-0.020263683,123.36641,505310.5,6.9082823,Ship-Water-Cloud-2.bmp,5376,896
166.44788,8013.309,1.4630176e+08,7.8219194,0.103393555,557.22754,2.2824478e+06,7.2443,-0.12072751,477.70605,1.9567438e+06,7.224129,-0.017456062,121.50452,497683.75,7.3977375,Ship-Water-Cloud-2.bmp,5488,896
148.7229,5537.338,1.1327832e+08,7.925652,0.10205078,502.99396,2.060306e+06,7.2928405,-0.4870605,448.33722,1.837361e+06,7.2439713,-0.06542969,111.3712,456194.0,7.340824,Ship-Water-Cloud-2.bmp,5600,896
134.59534,6549.326,1.0102878e+08,7.715417,-0.27697754,550.2866,2.2542882e+06,7.0810704,0.10241707,415.4593,1.7017642e+06,7.031266,-0.051147457,124.048706,508114.25,7.2225065,Ship-Water-Cloud-2.bmp,5712,896
158.08118,12739.51,1.5453867e+08,7.6373158,0.16589355,855.7483,3.5052578e+06,6.6104035,-0.3939209,589.03174,2.4133098e+06,6.689158,0.0052490234,167.06827,684311.75,6.8536005,Ship-Water-Cloud-2.bmp,5824,896
115.62402,16917.768,1.2405425e+08,7.073729,0.5197754,591.39996,2.423481e+06,5.938778,-0.74511725,464.44946,1.904659e+06,6.0690994,-0.1105957,132.89401,544384.0,6.157811,Ship-Water-Cloud-2.bmp,5936,896
240.09436,13917.551,2.9312147e+08,7.9472933,-0.4613037,1140.886,4.67394e+06,6.8352585,-0.18322745,739.6704,3.0298272e+06,6.811311,-0.16174316,129.96268,532434.25,6.9616942,Ship-Water-Cloud-2.bmp,0,1008
226.88147,14340.896,2.6958272e+08,7.920266,-1.0865479,1152.9198,4.727195e+06,6.6642065,0.8028564,753.8613,3.0904562e+06,6.7501044,-0.095825195,124.19913,508757.25,6.8781967,Ship-Water-Cloud-2.bmp,112,1008
209.87402,12531.217,2.317448e+08,7.882311,-0.03295898,851.2554,3.4867465e+06,6.7452188,0.19653328,595.55084,2.4395345e+06,6.886325,-0.061035156,108.496895,444418.5,6.900033,Ship-Water-Cloud-2.bmp,224,1008
226.13037,10253.174,2.5144573e+08,8.001286,0.8208008,1072.4937,4.3956935e+06,6.84441,0.34570312,613.41016,2.5130175e+06,7.025869,-0.09716797,117.6777,482046.5,6.9762063,Ship-Water-Cloud-2.bmp,336,1008
216.31604,11910.439,2.4044778e+08,7.936407,-0.052124023,1041.9707,4.267923e+06,6.8196783,-0.27600095,633.232,2.5940302e+06,7.0079207,0.12438965,128.83054,527753.25,6.963937,Ship-Water-Cloud-2.bmp,448,1008
218.88281,11613.125,2.4380544e+08,7.946579,0.38232422,931.771,3.8171325e+06,6.825385,-0.6748047,681.7506,2.7943155e+06,6.767885,0.020507827,125.15913,512653.5,6.8511896,Ship-Water-Cloud-2.bmp,560,1008
227.51648,11255.256,2.5812582e+08,7.990671,-0.19128418,696.3419,2.8523662e+06,6.7474003,-0.5330812,448.62018,1.8387122e+06,6.6983156,-0.03137205,79.07476,323894.25,6.7961483,Ship-Water-Cloud-2.bmp,672,1008
234.84875,13402.676,2.8080787e+08,7.9529223,0.43615723,1097.689,4.496913e+06,6.6869526,-0.43225095,602.11194,2.4670158e+06,6.724415,-0.096801765,135.49936,555043.75,6.7747617,Ship-Water-Cloud-2.bmp,784,1008
221.57434,16418.955,2.6834592e+08,7.8632264,-0.06262207,691.3282,2.8316962e+06,6.5767097,-0.00598146,599.1809,2.4542452e+06,6.716079,0.0303955,106.77966,437373.25,6.7158737,Ship-Water-Cloud-2.bmp,896,1008
162.8949,10490.563,1.5165568e+08,7.7075915,0.118774414,346.39062,1.4188738e+06,6.290641,0.50402826,318.56964,1.3059018e+06,6.4914093,-0.00988769,62.02108,254038.75,6.3634357,Ship-Water-Cloud-2.bmp,1008,1008
172.8844,6513.8784,1.4910624e+08,7.971256,-0.2166748,184.06834,754136.25,6.4788914,0.18078616,183.60703,752188.25,6.5747414,-0.039916992,33.398857,136808.25,6.646798,Ship-Water-Cloud-2.bmp,1120,1008
230.63318,11759.98,2.6604194e+08,7.974226,-0.22058105,193.95322,794631.75,6.110517,-0.4364015,235.51457,965447.75,5.8310685,-0.018188473,28.958593,118615.75,6.307642,Ship-Water-Cloud-2.bmp,1232,1008
282.51978,10569.176,3.7022352e+08,8.104678,0.5124512,330.83725,1.356185e+06,6.563604,-0.37475604,246.14717,1.008794e+06,6.551942,-0.04663086,54.12771,221716.0,6.642353,Ship-Water-Cloud-2.bmp,1344,1008
245.42517,14117.967,3.0454368e+08,7.977313,-0.25915527,364.8614,1.4947472e+06,6.789567,-0.12194836,413.74054,1.6947422e+06,6.7153597,0.00085449964,75.15265,307825.25,6.83384,Ship-Water-Cloud-2.bmp,1456,1008
266.79016,7888.8906,3.238539e+08,8.135897,-0.1287842,267.90985,1.0974268e+06,6.8757377,-0.07336434,274.91666,1.1260808e+06,6.7251177,0.00036621466,54.41571,222886.75,6.9444685,Ship-Water-Cloud-2.bmp,1568,1008
221.64343,8483.182,2.3596645e+08,8.048727,0.69055176,211.0509,866417.75,6.9794865,0.7762451,209.98503,862566.75,6.8547587,0.0059814434,43.93862,179972.75,7.0686483,Ship-Water-Cloud-2.bmp,1680,1008
122.75537,4680.209,8.089227e+07,7.8423038,-0.056152347,107.9407,442138.0,7.1175923,-0.028808638,117.33462,480606.0,6.882584,-0.04736328,25.535599,104603.0,6.960428,Ship-Water-Cloud-2.bmp,1792,1008
185.10791,9779.695,1.8040682e+08,7.8864355,-0.27490234,430.93066,1.7654015e+06,6.8753414,-0.34594727,431.6031,1.7683365e+06,6.9750834,-0.054931633,88.63797,363073.5,7.0841656,Ship-Water-Cloud-2.bmp,1904,1008
190.54565,10981.418,1.9369602e+08,7.8647933,0.21313477,706.36804,2.8934695e+06,6.843912,-0.34497064,573.84424,2.3509535e+06,7.0070524,-0.13696289,136.5512,559390.5,7.066077,Ship-Water-Cloud-2.bmp,2016,1008
132.57861,8475.751,1.0671243e+08,7.6621146,0.053466797,342.3028,1.402084e+06,6.605197,-0.15014641,350.3947,1.435309e+06,6.406332,0.068359375,82.856415,339399.0,6.5406866,Ship-Water-Cloud-2.bmp,2128,1008
220.59802,3835.1494,2.1503442e+08,8.170176,-0.24865723,57.932983,237546.75,7.2010756,-0.18347171,49.464325,202743.75,7.142788,-0.015991211,12.4391365,50951.75,7.2876134,Ship-Water-Cloud-2.bmp,2240,1008
218.92249,11443.516,2.4318186e+08,7.948359,0.49890137,123.76874,507976.25,6.8550496,-0.52331537,117.646614,483002.25,6.8487964,-0.0050048847,35.383583,144931.25,6.580069,Ship-Water-Cloud-2.bmp,2352,1008
148.47498,5664.5938,1.1349775e+08,7.879862,-0.1282959,120.215775,492471.25,6.8004327,0.19665524,92.864944,380533.25,7.0145416,0.029907234,29.957663,122710.25,6.736058,Ship-Water-Cloud-2.bmp,2464,1008
239.57056,14552.957,2.9469494e+08,7.9078593,-0.7368164,184.11972,756378.0,6.8694034,-0.6999513,138.19806,568066.0,6.9214177,-0.11035156,42.72757,175062.0,6.654319,Ship-Water-Cloud-2.bmp,2576,1008
346.87256,6863.7964,5.2094717e+08,8.214035,0.4638672,368.91507,1.5119575e+06,6.854494,-0.35620117,162.87398,667651.5,6.8484807,0.0056152437,50.3912,206402.5,6.9112315,Ship-Water-Cloud-2.bmp,2688,1008
253.55847,15463.234,3.2667706e+08,7.9833236,0.8006592,415.09863,1.7028698e+06,6.7937794,0.29504392,270.98224,1.1102998e+06,6.727991,-0.027221693,90.64593,371288.75,6.7267866,Ship-Water-Cloud-2.bmp,2800,1008
174.40015,18402.969,1.999601e+08,7.6853385,-0.25048828,554.0016,2.2694475e+06,6.399058,0.57250977,254.30615,1.0429805e+06,6.448267,-0.0625,120.4884,493536.5,6.555296,Ship-Water-Cloud-2.bmp,2912,1008
87.89868,11662.27,7.941507e+07,6.8257847,-0.21508789,220.47044,903236.5,5.0909867,1.0305176,183.78874,757148.5,5.5503845,-0.013916019,35.37005,144876.5,5.4435253,Ship-Water-Cloud-2.bmp,3024,1008
48.20276,1554.9893,1.5886316e+07,6.887658,-0.018676752,46.871296,191986.25,3.7737935,0.2510986,62.918213,257971.25,3.7166216,-0.0064697275,16.91042,69265.25,3.8658752,Ship-Water-Cloud-2.bmp,3136,1008
38.942505,1273.6514,1.1428537e+07,7.021294,-0.12658691,42.347195,173519.75,4.9679313,-0.08947751,28.82152,118085.75,4.9493384,0.00061035156,8.549499,35018.75,5.510038,Ship-Water-Cloud-2.bmp,3248,1008
104.96289,13348.333,9.9801256e+07,7.11554,-0.67749023,173.13037,711022.0,6.2772684,-0.45581055,199.39648,817579.0,6.3045473,-0.010253918,33.820694,138530.0,6.559097,Ship-Water-Cloud-2.bmp,3360,1008
211.255,19934.904,2.6445245e+08,7.749176,-0.12609863,226.56642,928081.25,6.4862494,-1.2374268,474.41632,1.9494812e+06,6.4965124,-0.0042724647,50.099163,205206.25,6.6526504,Ship-Water-Cloud-2.bmp,3472,1008
241.08472,10874.799,2.8261024e+08,8.010633,-0.22509766,258.80322,1.0602655e+06,6.280345,0.13769528,371.89352,1.5233535e+06,6.4807377,0.033935543,43.033394,176269.5,6.623386,Ship-Water-Cloud-2.bmp,3584,1008
345.50012,13363.411,5.4367744e+08,8.129415,-0.5970459,196.50053,806326.25,6.1928506,0.8670655,164.86032,678347.25,6.439407,0.046264652,35.321896,144687.25,6.4941854,Ship-Water-Cloud-2.bmp,3696,1008
319.67053,12166.514,4.684012e+08,8.107541,0.25964355,120.861595,495325.25,6.821802,0.063110374,94.600815,387501.25,6.957512,0.020385744,28.798962,117962.25,6.993577,Ship-Water-Cloud-2.bmp,3808,1008
212.55823,14026.135,2.4251242e+08,7.814937,0.59924316,354.84497,1.4549158e+06,7.1442537,-0.84436023,234.65125,964051.75,7.157753,0.015014641,75.16207,307864.75,7.145628,Ship-Water-Cloud-2.bmp,3920,1008
183.22571,7999.249,1.7027443e+08,7.9227724,-0.477417,628.56024,2.5755162e+06,7.251411,-0.6795654,377.68182,1.5488762e+06,7.2524767,-0.048706062,128.63928,526916.25,7.261624,Ship-Water-Cloud-2.bmp,4032,1008
284.1162,12552.641,3.8205302e+08,8.054146,0.024169922,847.9873,3.4733585e+06,6.808232,-0.10205094,411.45844,1.6853765e+06,6.843447,-0.07250977,139.59058,571784.5,6.942832,Ship-Water-Cloud-2.bmp,4144,1008
286.69482,14258.762,3.950702e+08,8.045,-0.17456055,475.46036,1.9476105e+06,6.580159,0.4011231,855.6581,3.5054345e+06,6.9275427,0.050292972,146.76541,601161.5,6.8180494,Ship-Water-Cloud-2.bmp,4256,1008
286.96985,18380.17,4.1259773e+08,7.981345,0.26794434,387.476,1.5873958e+06,6.3515306,0.54699713,942.501,3.8617098e+06,6.86609,0.0018310584,112.68842,461571.75,6.7362237,Ship-Water-Cloud-2.bmp,4368,1008
229.34363,9140.992,2.5288494e+08,8.012217,-0.0501709,464.9587,1.9044812e+06,6.4065995,0.24060042,600.59717,2.4602832e+06,6.7508793,0.040161125,106.5668,436504.25,6.6275496,Ship-Water-Cloud-2.bmp,4480,1008
233.4961,7366.7246,2.5348976e+08,8.0738325,-0.49487305,440.55933,1.805534e+06,6.505958,-0.07128906,464.21317,1.901438e+06,6.775592,-0.08325195,81.719635,334752.0,6.6607733,Ship-Water-Cloud-2.bmp,4592,1008
259.2815,9128.93,3.1275344e+08,8.076742,-0.6008301,400.62195,1.642426e+06,6.5009956,-0.35888675,542.41125,2.222244e+06,6.7585955,-0.042968746,92.34825,378266.0,6.627661,Ship-Water-Cloud-2.bmp,4704,1008
381.85718,14708.352,6.575032e+08,8.153976,-0.3642578,435.26587,1.7833925e+06,6.090463,-0.04638657,646.5544,2.6482955e+06,6.5637712,-0.032958977,97.699234,400180.5,6.466837,Ship-Water-Cloud-2.bmp,4816,1008
371.18677,23503.123,6.6061414e+08,8.100355,-0.075683594,259.76184,1.064008e+06,6.2097487,-0.2507325,673.7811,2.760065e+06,6.095505,0.0107421875,79.066284,323856.0,5.973131,Ship-Water-Cloud-2.bmp,4928,1008
350.14783,20059.557,5.843479e+08,8.081301,-0.083618164,249.68265,1.02272875e+06,6.246963,-0.48889172,472.01926,1.9343698e+06,6.230135,0.100463875,69.54795,284909.75,6.314992,Ship-Water-Cloud-2.bmp,5040,1008
328.31885,15705.308,5.0585014e+08,8.074424,-0.029785156,307.81564,1.2608165e+06,6.1698523,-0.57006824,509.82135,2.0895595e+06,6.3368773,-0.02856445,76.53788,313502.5,6.3591022,Ship-Water-Cloud-2.bmp,5152,1008
323.1034,13890.559,4.8450093e+08,8.107745,-0.4078369,560.87573,2.2980282e+06,6.399541,-0.21447766,482.95404,1.9783682e+06,6.345955,-0.008422855,109.04393,446644.25,6.3234124,Ship-Water-Cloud-2.bmp,5264,1008
317.43616,18970.49,4.904395e+08,8.02483,0.38757324,584.37756,2.3942258e+06,6.64332,-0.07385239,279.24643,1.1438158e+06,6.285878,0.07434082,76.12747,311840.75,6.5235415,Ship-Water-Cloud-2.bmp,5376,1008
172.5592,9243.565,1.5982691e+08,7.786468,0.8387451,577.1777,2.3670012e+06,7.0386477,0.41687003,370.29504,1.5174402e+06,7.0904136,0.066040024,123.89805,507504.25,7.318987,Ship-Water-Cloud-2.bmp,5488,1008
159.0387,5036.5215,1.24230984e+08,7.9660063,-0.01940918,492.5943,2.0176678e+06,7.3676343,-0.08850093,452.22867,1.8523608e+06,7.3107834,0.087280266,132.74672,543761.75,7.4168067,Ship-Water-Cloud-2.bmp,5600,1008
152.82886,4662.543,1.1476666e+08,7.975018,-0.101318374,425.49545,1.7428715e+06,7.352872,-0.041992232,453.3922,1.8571015e+06,7.2559786,-0.0019531222,112.672,461504.5,7.413036,Ship-Water-Cloud-2.bmp,5712,1008
161.90417,9041.426,1.4440195e+08,7.801286,-0.052856445,581.365,2.3812822e+06,6.965635,-0.28918454,515.75214,2.1128632e+06,7.12779,0.048706044,140.55042,575704.25,7.1407304,Ship-Water-Cloud-2.bmp,5824,1008
162.85168,10474.09,1.5153053e+08,7.74995,-0.25402832,729.9075,2.9899652e+06,6.8287816,0.35095215,575.37933,2.3572582e+06,6.887904,0.011352524,170.10101,696734.25,6.887314,Ship-Water-Cloud-2.bmp,5936,1008
200.26685,9378.445,2.026916e+08,7.9334927,-0.15600586,1007.07214,4.1250675e+06,7.083015,-0.075439334,741.3491,3.0365895e+06,7.040633,-0.022705078,159.32504,652597.5,7.194723,Ship-Water-Cloud-2.bmp,0,1120
198.07959,10784.621,2.048825e+08,7.8974705,-0.38671875,1084.3171,4.4419755e+06,6.9868,-0.30834958,653.74634,2.6781345e+06,7.0642724,-0.029541012,126.379135,517652.5,7.0717406,Ship-Water-Cloud-2.bmp,112,1120
182.85425,8981.567,1.7374104e+08,7.903125,-0.17504883,989.9806,4.055086e+06,7.0246305,0.051025346,645.09436,2.642317e+06,7.093074,-0.091552734,115.6525,473747.0,7.05813,Ship-Water-Cloud-2.bmp,224,1120
189.05042,9040.977,1.8342312e+08,7.90789,0.23327637,1071.5095,4.389126e+06,6.989991,-0.08264169,762.9233,3.1249618e+06,7.056899,-0.036987305,131.67361,539340.75,7.1270347,Ship-Water-Cloud-2.bmp,336,1120
210.39111,11018.539,2.26439e+08,7.9297066,-0.19311525,1033.2495,4.2323425e+06,6.975318,0.22778316,859.9541,3.5225845e+06,6.9765472,-0.00048828125,139.18787,570113.5,7.042016,Ship-Water-Cloud-2.bmp,448,1120
196.98938,9669.058,1.98549e+08,7.9177623,0.5496826,767.0272,3.1429812e+06,7.048942,-0.07922357,627.0658,2.5684872e+06,6.995401,-0.022338875,126.08403,516442.25,7.081744,Ship-Water-Cloud-2.bmp,560,1120
191.77942,9857.553,1.9102474e+08,7.9063263,-0.335083,825.741,3.3826952e+06,7.005882,-0.2845459,641.6146,2.6283852e+06,6.9872227,0.045288097,133.60837,547268.25,7.0605116,Ship-Water-Cloud-2.bmp,672,1120
218.63,10514.801,2.3885365e+08,7.9739413,-0.08068848,1137.7814,4.660379e+06,7.090436,0.2801514,775.95984,3.1786532e+06,7.1012306,0.033813484,198.2113,811878.25,7.071512,Ship-Water-Cloud-2.bmp,784,1120
133.37402,9665.76,1.12453176e+08,7.588319,0.51831055,654.5386,2.6820905e+06,6.638628,0.17700192,468.82523,1.9204365e+06,6.6810813,0.052734382,104.46414,427896.5,6.7018003,Ship-Water-Cloud-2.bmp,896,1120
127.62866,5786.4863,9.0421496e+07,7.793533,-0.3618164,239.34882,980909.0,6.4924,-0.32788083,204.17838,836755.0,6.5507812,-0.04101562,44.93045,184042.0,6.667616,Ship-Water-Cloud-2.bmp,1008,1120
267.52014,12098.964,3.426959e+08,8.056665,-0.6680908,69.39551,286072.25,6.5375957,-0.7227782,63.410755,261870.25,6.7565784,0.030883787,11.195152,45859.25,7.004625,Ship-Water-Cloud-2.bmp,1120,1120
332.22986,13027.242,5.0546246e+08,8.131674,0.72302246,206.06665,846190.25,5.914772,-0.625122,154.61148,634889.25,6.2111254,0.02087402,27.529655,112763.25,6.268192,Ship-Water-Cloud-2.bmp,1232,1120
328.20154,17517.371,5.1295693e+08,8.075262,-0.3548584,79.64831,326755.25,6.6631074,0.5704347,77.003525,316739.25,6.5888433,0.048217773,21.574884,88380.25,6.162931,Ship-Water-Cloud-2.bmp,1344,1120
275.68958,10070.371,3.5256365e+08,8.098941,-0.10534668,422.5108,1.7306498e+06,6.7751274,-0.40295422,516.44086,2.1160068e+06,6.6433673,0.10632324,98.89415,405116.75,6.7935314,Ship-Water-Cloud-2.bmp,1456,1120
228.52576,12651.207,2.6572893e+08,7.9326744,0.19787595,736.7107,3.0177272e+06,7.019365,0.508423,765.454,3.1363582e+06,7.0219164,-0.11535643,167.01727,684157.25,7.0456567,Ship-Water-Cloud-2.bmp,1568,1120
177.17029,8010.9375,1.6138342e+08,7.901057,0.78967285,759.3585,3.1128868e+06,7.049886,0.02307126,674.50696,2.7627828e+06,7.045154,-0.10510255,164.94128,675644.75,7.019046,Ship-Water-Cloud-2.bmp,1680,1120
194.82141,8498.548,1.902753e+08,7.953932,0.18762207,567.6582,2.3252722e+06,6.938001,-0.41296396,452.30927,1.8533572e+06,6.9768395,-0.058471665,135.19269,553763.25,6.8944383,Ship-Water-Cloud-2.bmp,1792,1120
331.60938,10896.712,4.9504864e+08,8.157227,-0.38452148,247.884,1.0159385e+06,6.655242,-0.28149423,220.22803,902378.5,6.6784196,-0.025878908,61.09051,250229.5,6.763653,Ship-Water-Cloud-2.bmp,1904,1120
250.23572,14331.651,3.151854e+08,7.96665,1.0880127,756.2103,3.1022862e+06,7.053617,0.32092276,743.24744,3.0447632e+06,6.97731,-0.18762207,185.25806,758961.25,7.043033,Ship-Water-Cloud-2.bmp,2016,1120
221.5072,11089.679,2.4639536e+08,7.9491334,-0.5924072,999.10254,4.0937618e+06,7.2540073,-0.28576663,937.83405,3.8417028e+06,7.1496973,-0.032348633,275.3512,1.1278428e+06,7.2262754,Ship-Water-Cloud-2.bmp,2128,1120
319.38782,14247.338,4.7618426e+08,8.093872,-0.92541504,368.95724,1.5147568e+06,6.629798,0.014038146,372.85934,1.5272328e+06,6.4206524,0.050903313,103.09622,422292.75,6.4925914,Ship-Water-Cloud-2.bmp,2240,1120
429.54333,8185.1294,7.892689e+08,8.243668,0.56433105,38.467968,158869.25,6.5694504,-0.3489989,37.861168,155578.25,6.5593057,0.043579105,11.028679,45181.25,5.721181,Ship-Water-Cloud-2.bmp,2352,1120
330.67175,21187.791,5.3465744e+08,8.024048,0.05261231,58.62755,240149.75,6.9574404,-1.4735107,40.84482,176193.75,6.95568,0.04504395,10.0482025,41165.75,6.903301,Ship-Water-Cloud-2.bmp,2464,1120
457.98242,10735.181,9.030987e+08,8.240081,-0.59033203,16.63161,69550.5,6.1452427,-0.8774414,13.687981,59219.5,6.0999165,-0.013671873,2.3175616,9493.5,6.3300333,Ship-Water-Cloud-2.bmp,2576,1120
363.16406,10463.32,5.830716e+08,8.181736,0.88842773,172.96375,711692.5,6.415058,0.006103575,114.20418,467780.5,6.4808426,0.04248047,43.66751,178869.5,6.358773,Ship-Water-Cloud-2.bmp,2688,1120
123.131836,14510.443,1.2153607e+08,7.26091,0.71313477,169.0814,694640.5,5.7991896,0.38134778,201.59541,826330.5,5.674846,0.1105957,64.20102,263017.5,5.4601264,Ship-Water-Cloud-2.bmp,2800,1120
100.55493,15128.893,1.033838e+08,7.0003395,-0.37451172,402.39066,1.6487665e+06,5.9293113,0.34985355,203.33475,833360.5,5.838088,0.00048828125,93.77405,384098.5,6.102087,Ship-Water-Cloud-2.bmp,2912,1120
118.63623,14402.529,1.1664214e+08,7.2076955,0.45898438,267.0368,1.0946455e+06,5.940444,-0.48559573,131.1525,538166.5,5.7955565,-0.054931633,50.564484,207124.5,6.286309,Ship-Water-Cloud-2.bmp,3024,1120
97.01074,4440.0635,5.6734304e+07,7.629284,0.039794922,241.30664,988398.5,6.6887355,-0.44384766,229.8832,942408.5,6.5395703,0.044677734,54.55403,223461.5,6.747362,Ship-Water-Cloud-2.bmp,3136,1120
91.57312,11002.018,7.941183e+07,6.9736347,-0.07092285,201.4241,825053.75,6.127486,-0.5128173,227.5436,933095.75,5.965895,0.02722167,47.740654,195548.75,6.277245,Ship-Water-Cloud-2.bmp,3248,1120
111.71924,18289.701,1.2603757e+08,7.0719547,0.039794922,91.553955,375011.5,5.644687,0.1325683,197.48474,808969.5,5.592246,-0.02490234,18.943592,77595.5,5.73256,Ship-Water-Cloud-2.bmp,3360,1120
145.52063,10974.574,1.3168979e+08,7.6137533,-0.22668457,105.90595,434001.25,6.384016,0.5640869,211.38841,867150.25,6.3782306,-0.03479004,19.484203,79812.25,6.3263226,Ship-Water-Cloud-2.bmp,3472,1120
145.93994,10778.374,1.31386744e+08,7.685896,-0.12646484,102.71802,420798.5,6.302779,0.7851563,165.78624,681585.5,6.2402215,0.00634766,19.742758,80866.5,6.347889,Ship-Water-Cloud-2.bmp,3584,1120
183.7511,11423.994,1.8509194e+08,7.867182,-0.48327637,225.75333,925642.25,5.9904246,0.66174316,155.01991,636755.25,6.3925695,0.01672362,36.595974,149898.25,6.3018475,Ship-Water-Cloud-2.bmp,3696,1120
238.60034,13908.463,2.9015485e+08,7.960248,0.010009766,422.35364,1.729961e+06,6.494581,0.4338379,298.428,1.223132e+06,6.7241745,-0.10913087,81.62677,334392.0,6.655385,Ship-Water-Cloud-2.bmp,3808,1120
158.42798,17402.973,1.7408982e+08,7.4413095,-0.11230469,372.66125,1.526472e+06,6.7125363,0.9470215,223.59947,919537.0,6.9588914,0.04003907,68.65415,281214.0,6.8896093,Ship-Water-Cloud-2.bmp,3920,1120
259.64197,10077.888,3.174066e+08,8.079066,-0.5924072,680.0114,2.7867642e+06,6.8925285,0.013061665,600.6644,2.4603222e+06,6.9518547,0.07653806,145.4029,595594.25,6.8232155,Ship-Water-Cloud-2.bmp,4032,1120
230.00366,11057.475,2.6197672e+08,7.9790106,-0.037353516,563.14655,2.306654e+06,6.723119,0.45605466,735.8623,3.014944e+06,6.7237086,-0.034179695,126.10357,516525.0,6.6931386,Ship-Water-Cloud-2.bmp,4144,1120
234.50659,8885.128,2.616462e+08,8.018169,0.46704102,572.0498,2.3440095e+06,6.3527403,0.4304201,234.1984,960035.5,6.0605826,0.0075683556,55.1817,226024.5,6.8233027,Ship-Water-Cloud-2.bmp,4256,1120
163.00586,1360.5569,1.1440729e+08,8.219971,-0.025634758,65.15022,266858.0,7.0149956,0.2712403,55.666176,228310.0,6.778422,-0.024902342,17.900013,73321.0,7.19067,Ship-Water-Cloud-2.bmp,4368,1120
203.70459,1859.6619,1.77583e+08,8.239092,-0.118896484,140.86502,577041.0,5.9153185,-0.041992217,87.31488,357649.0,6.0639753,0.017822262,31.30852,128241.0,6.3432474,Ship-Water-Cloud-2.bmp,4480,1120
194.18079,7106.082,1.8355102e+08,8.000993,-0.6048584,139.10612,571277.25,5.8879557,0.027954087,107.219,439172.25,6.0770674,-0.0042724423,27.630655,113175.25,6.091772,Ship-Water-Cloud-2.bmp,4592,1120
315.3944,10081.553,4.4873805e+08,8.13797,-0.41345215,439.25125,1.7998732e+06,6.892898,-0.35510236,232.5617,953089.25,6.6400604,-0.0028076097,89.33086,365899.25,6.8170547,Ship-Water-Cloud-2.bmp,4704,1120
318.7849,16103.229,4.8221e+08,8.075354,0.42626953,442.88095,1.8147845e+06,6.1437964,0.38891602,309.11157,1.2667405e+06,6.3601465,-0.080566406,84.93723,347929.5,6.451415,Ship-Water-Cloud-2.bmp,4816,1120
329.83484,34512.863,5.869727e+08,7.9217196,0.40563965,435.20108,1.7832578e+06,5.219414,0.36608887,221.84175,909212.75,5.398548,0.0052490216,56.349518,230807.75,5.5787554,Ship-Water-Cloud-2.bmp,4928,1120
355.55286,30605.191,6.4316634e+08,8.005238,-0.9090576,332.65674,1.3659468e+06,5.18115,-0.32189944,217.44757,891089.75,5.2316103,0.08142092,42.58071,174437.75,5.4150906,Ship-Water-Cloud-2.bmp,5040,1120
418.8584,11723.868,7.666328e+08,8.211901,0.27270508,135.68417,556067.0,5.8239026,0.018799067,157.98305,647100.0,5.8718953,-0.018554691,27.36489,112088.0,6.1139045,Ship-Water-Cloud-2.bmp,5152,1120
263.0797,20962.938,3.693522e+08,7.8736186,0.012573235,257.30716,1.0539308e+06,5.8973203,0.90124506,193.0041,793871.75,5.745275,0.007934565,32.967407,135034.75,6.052433,Ship-Water-Cloud-2.bmp,5264,1120
262.4945,11373.208,3.2881286e+08,8.027808,0.48303223,491.46252,2.0139862e+06,6.3989015,0.16271964,145.63666,596636.25,6.5029936,0.014038073,38.2816,156802.25,6.9574842,Ship-Water-Cloud-2.bmp,5376,1120
181.98499,2689.0574,1.466679e+08,8.172625,0.119506836,371.63007,1.5222552e+06,7.2062397,-0.22473145,248.05966,1.01625925e+06,7.140647,0.041137695,88.21077,361318.25,7.31977,Ship-Water-Cloud-2.bmp,5488,1120
161.7893,4644.7324,1.26240824e+08,7.984795,-0.32373047,625.518,2.562551e+06,7.215298,-0.68090814,395.74146,1.622856e+06,7.163232,0.012695316,128.4134,525982.0,7.382507,Ship-Water-Cloud-2.bmp,5600,1120
131.53137,1281.0391,7.610998e+07,8.193014,-0.09265137,363.54752,1.4891258e+06,7.4516873,0.17834467,252.59631,1.03476475e+06,7.45039,-0.14489746,107.27411,439480.75,7.4404917,Ship-Water-Cloud-2.bmp,5712,1120
131.16138,2503.0537,8.071725e+07,8.065711,-0.47436523,386.98175,1.585999e+06,7.4695125,0.10742192,292.82684,1.199466e+06,7.414282,-0.043457024,105.76691,433229.0,7.4310837,Ship-Water-Cloud-2.bmp,5824,1120
165.71521,6962.947,1.4100266e+08,7.914177,0.29211426,448.33868,1.8367448e+06,7.237482,0.42956537,434.15158,1.7790408e+06,7.249839,-0.057495117,125.56255,514317.75,7.2481065,Ship-Water-Cloud-2.bmp,5936,1120
198.58789,9246.236,1.9940715e+08,7.9402423,0.17236328,844.2194,3.4580445e+06,7.0918703,-0.38916016,776.57837,3.1814855e+06,7.0556703,-0.0024414128,172.62486,707071.5,7.2096796,Ship-Water-Cloud-2.bmp,0,1232
186.78748,8829.775,1.790744e+08,7.9207144,-0.09118652,809.787,3.3169218e+06,7.066861,0.1715089,692.4427,2.8363658e+06,7.0991335,-0.039672844,153.57089,629032.75,7.1415224,Ship-Water-Cloud-2.bmp,112,1232
186.63098,8141.29,1.76015e+08,7.951153,0.19567871,754.675,3.0913058e+06,7.1571712,0.36779785,675.55383,2.7676228e+06,7.129269,0.012084961,127.67387,522952.75,7.149702,Ship-Water-Cloud-2.bmp,224,1232
188.35413,8485.002,1.800695e+08,7.939623,0.07556152,800.53217,3.2790032e+06,7.054306,-0.4078369,687.99805,2.8187212e+06,7.1627703,0.067993164,138.76472,568399.25,7.1017976,Ship-Water-Cloud-2.bmp,336,1232
193.1095,9126.225,1.901261e+08,7.92784,-0.1607666,762.0947,3.1216458e+06,6.9897404,-0.11291507,688.50183,2.8201558e+06,7.1246367,0.02941894,142.07574,581945.75,7.101545,Ship-Water-Cloud-2.bmp,448,1232
202.01733,8903.986,2.036326e+08,7.9603386,0.21118164,867.3317,3.5527735e+06,7.0888166,0.05883807,726.7215,2.9766655e+06,7.1180286,0.043212906,164.07639,672064.5,7.148513,Ship-Water-Cloud-2.bmp,560,1232
198.85876,9498.69,2.0088218e+08,7.9361577,-0.14294434,862.5299,3.5330062e+06,7.169133,-0.16516107,783.2899,3.2084672e+06,7.0897536,0.013793942,192.73157,789429.25,7.1728315,Ship-Water-Cloud-2.bmp,672,1232
195.59814,9317.1,1.948702e+08,7.9448767,0.18383789,907.49854,3.7172525e+06,7.179159,-0.06274399,686.2379,2.8108465e+06,7.140953,0.010253895,198.1936,811801.5,7.12994,Ship-Water-Cloud-2.bmp,784,1232
191.85107,9774.02,1.9079518e+08,7.8999434,-0.18310547,814.254,3.335322e+06,7.08562,-0.49243164,790.15234,3.237457e+06,7.0393295,0.13500978,203.52158,833699.0,7.0938377,Ship-Water-Cloud-2.bmp,896,1232
213.64136,6191.499,2.1231258e+08,8.093397,0.2121582,353.90384,1.4497745e+06,6.7728076,-0.0739746,354.8777,1.4536015e+06,6.6664777,0.01586914,98.650986,404075.5,6.689939,Ship-Water-Cloud-2.bmp,1008,1232
319.90002,8135.9785,4.524933e+08,8.176276,-0.64782715,307.58344,1.2615808e+06,6.3396482,0.28137207,201.53113,825795.75,6.3724475,-0.04724122,63.547756,260300.75,6.4330387,Ship-Water-Cloud-2.bmp,1120,1232
396.61023,5241.9126,6.657704e+08,8.257451,0.5950928,73.982346,304482.25,6.6254663,0.49597162,61.88835,254502.25,6.546287,-0.057250977,17.802692,72933.25,6.617652,Ship-Water-Cloud-2.bmp,1232,1232
239.19824,10965.732,2.7927155e+08,8.025036,0.10424805,155.77673,638106.0,6.5430245,0.0930174,118.78017,486559.0,6.5465245,-0.026855469,29.83693,122215.0,6.57502,Ship-Water-Cloud-2.bmp,1344,1232
328.23962,7597.499,4.7242752e+08,8.19792,0.20593262,131.35536,538205.25,6.3550806,-0.26354986,138.17645,566255.25,6.309655,-0.056030273,31.88242,130603.25,6.328391,Ship-Water-Cloud-2.bmp,1456,1232
235.57092,12825.992,2.7983728e+08,7.954021,0.44177246,624.1199,2.5571948e+06,6.9774847,-0.3292237,562.08685,2.3027518e+06,6.944308,-0.087280266,146.36853,599556.75,7.0247707,Ship-Water-Cloud-2.bmp,1568,1232
193.7976,7933.337,1.8633053e+08,7.9654636,-0.029541008,732.3939,2.999889e+06,7.2203913,-0.19335938,674.8449,2.764318e+06,7.1641865,0.0024413895,195.76292,801845.0,7.1582527,Ship-Water-Cloud-2.bmp,1680,1232
201.22998,8351.935,2.0007093e+08,7.977171,0.23754883,820.8334,3.3623645e+06,7.0827947,-0.27075195,671.2649,2.7498015e+06,7.103347,-0.09716797,202.56927,829762.5,7.1373644,Ship-Water-Cloud-2.bmp,1792,1232
247.81299,10446.558,2.943297e+08,8.055355,0.35205078,526.5613,2.1573025e+06,6.9997168,0.6123047,498.31714,2.0426425e+06,6.887845,-0.040039074,126.84886,519579.5,6.96744,Ship-Water-Cloud-2.bmp,1904,1232
202.26782,12189.502,2.1750486e+08,7.880225,0.39208984,917.37305,3.7581895e+06,7.0906734,0.28857422,839.36896,3.4383965e+06,6.9775066,-0.021240233,226.10635,926133.5,7.1199083,Ship-Water-Cloud-2.bmp,2016,1232
192.90723,11832.36,2.008906e+08,7.8552446,-0.03833007,874.969,3.583879e+06,7.0850782,0.25244135,773.0569,3.166702e+06,7.070658,0.06616211,200.72366,822182.0,7.119424,Ship-Water-Cloud-2.bmp,2128,1232
260.40283,13268.393,3.3209558e+08,8.006001,-0.33422852,908.326,3.720961e+06,7.0314837,0.57373047,766.26794,3.139982e+06,7.0311174,-0.19018555,270.86203,1.109599e+06,6.968361,Ship-Water-Cloud-2.bmp,2240,1232
295.9076,16940.254,4.2803837e+08,8.016304,-0.6419678,582.1254,2.3860738e+06,6.907672,1.027954,453.24475,1.8608188e+06,6.8820896,-0.06018067,177.78636,728227.75,6.7484245,Ship-Water-Cloud-2.bmp,2352,1232
406.82397,10447.09,7.2070285e+08,8.216269,-0.012939453,213.32074,873762.5,6.226447,0.79418933,128.82617,530255.5,6.2584157,0.058349617,53.02919,217221.5,5.9361777,Ship-Water-Cloud-2.bmp,2464,1232
402.87744,8555.45,6.9986586e+08,8.223497,-0.047851562,80.369774,329204.0,6.229187,0.75048816,40.686035,168957.0,6.58699,-0.04052734,14.724676,60319.0,6.320826,Ship-Water-Cloud-2.bmp,2576,1232
348.13806,13204.476,5.505212e+08,8.134781,0.60217285,40.377686,166872.25,7.1016893,0.39001444,37.66875,154914.25,6.9699726,0.00012207031,8.269836,33873.25,6.7473545,Ship-Water-Cloud-2.bmp,2688,1232
153.06421,16653.078,1.6417478e+08,7.4628735,0.8664551,29.891464,125510.5,6.5274796,-0.011962831,23.08787,94568.5,6.521903,-0.0041503897,6.2796454,25721.5,6.4807014,Ship-Water-Cloud-2.bmp,2800,1232
127.69226,9421.148,1.0537558e+08,7.5703545,-0.077514626,327.62775,1.3419878e+06,6.462261,-0.416626,229.56512,941009.75,6.6282682,0.026000977,95.04833,389320.75,6.4142838,Ship-Water-Cloud-2.bmp,2912,1232
222.64612,9975.828,2.4390502e+08,8.011656,-0.011352558,414.94794,1.6996272e+06,6.861244,-0.20056157,245.33704,1.00506525e+06,6.959105,-0.08947754,95.45813,391029.25,7.0490427,Ship-Water-Cloud-2.bmp,3024,1232
165.82373,11085.695,1.5803682e+08,7.7425666,0.19311523,559.0402,2.2899815e+06,6.7510605,-0.28051758,342.50348,1.4032165e+06,6.7145276,-0.029296875,76.437744,313092.5,6.8848424,Ship-Water-Cloud-2.bmp,3136,1232
158.86304,11590.974,1.5084928e+08,7.687125,-0.3491211,428.22305,1.754501e+06,6.4018407,0.56811523,338.6765,1.388541e+06,6.8482485,0.02783203,80.39693,329309.0,6.7118106,Ship-Water-Cloud-2.bmp,3248,1232
254.0531,22324.283,3.5580832e+08,7.88617,-0.23059082,590.82056,2.4202188e+06,6.4524336,-0.4058839,493.56735,2.0223268e+06,6.5923877,-0.13537599,110.30925,451901.75,6.6879325,Ship-Water-Cloud-2.bmp,3360,1232
208.92566,21427.871,2.6655867e+08,7.783594,0.4215088,199.24316,816827.75,6.3014736,-0.3934325,312.8581,1.2821008e+06,6.153531,0.002319336,38.724785,158616.75,6.459465,Ship-Water-Cloud-2.bmp,3472,1232
123.99963,17830.016,1.3601146e+08,7.2762566,0.4613037,127.059975,521309.25,6.004838,-0.65515137,158.85332,652421.25,5.9703984,0.0501709,21.169907,86722.25,6.176658,Ship-Water-Cloud-2.bmp,3584,1232
130.49158,10901.52,1.1439952e+08,7.541934,-0.899292,188.29826,774582.25,5.6498065,-0.40881345,104.46501,428573.25,5.865594,-0.01794434,25.8701,105965.25,6.116644,Ship-Water-Cloud-2.bmp,3696,1232
258.2317,8728.589,3.0888832e+08,8.102907,0.15112305,506.3131,2.073952e+06,6.807164,-0.1713867,233.3732,956017.0,6.8517137,-0.02978516,92.39096,378437.0,6.8142757,Ship-Water-Cloud-2.bmp,3808,1232
237.96411,10599.775,2.7536054e+08,8.013182,0.3642578,426.34363,1.746847e+06,6.822306,-0.86718744,317.23602,1.302479e+06,7.0765576,0.030517578,87.20977,357215.0,6.8496814,Ship-Water-Cloud-2.bmp,3920,1232
282.9392,9517.369,3.668868e+08,8.118051,-0.39160156,241.73627,990780.0,7.002363,-0.09008791,181.28705,742585.0,6.9699216,-0.013671873,51.555233,211171.0,6.9181294,Ship-Water-Cloud-2.bmp,4032,1232
225.47925,9364.187,2.466e+08,7.997702,1.1306152,431.52026,1.772743e+06,6.539736,-0.41894528,309.28128,1.267535e+06,6.5846286,0.07763672,120.23739,492517.0,6.3907375,Ship-Water-Cloud-2.bmp,4144,1232
214.2716,10863.758,2.3255482e+08,7.892247,-0.11975099,742.0945,3.0396778e+06,6.505226,-0.11584471,100.936714,413491.75,6.9097624,0.029418955,59.6895,244491.75,6.888711,Ship-Water-Cloud-2.bmp,4256,1232
186.98926,12345.89,1.9378531e+08,7.6931653,-0.31323242,100.27251,411118.0,6.6848097,-1.0317383,179.17697,738269.0,5.864203,0.0026855469,27.134756,111144.0,6.7294097,Ship-Water-Cloud-2.bmp,4368,1232
253.38867,24629.738,3.638704e+08,7.791543,-0.11401367,167.81523,687424.5,6.278825,-0.2421875,455.70758,1.8668185e+06,6.177109,0.013427736,40.376896,165384.5,6.6938486,Ship-Water-Cloud-2.bmp,4480,1232
246.47815,27558.637,3.6171824e+08,7.75058,-0.16809082,191.33484,783823.25,6.4102297,0.30212402,546.5819,2.2391732e+06,6.513376,-0.024291996,44.345177,181640.25,6.8128433,Ship-Water-Cloud-2.bmp,4592,1232
263.13232,20169.148,3.6621424e+08,7.912137,-0.29296875,142.23802,582958.5,6.3462925,1.0170898,164.87044,679546.5,6.1895237,-0.01025391,25.02321,102495.5,6.474724,Ship-Water-Cloud-2.bmp,4704,1232
348.515,14760.299,5.579695e+08,8.11882,-0.7550049,410.85922,1.6852142e+06,6.3936033,0.25085473,228.53479,936336.25,6.4232593,0.00036622025,55.91461,229026.25,6.549243,Ship-Water-Cloud-2.bmp,4816,1232
387.79895,22852.377,7.095927e+08,8.110302,-0.17590332,216.53833,887067.75,5.3835354,-0.35119623,234.52429,961116.75,5.9516783,-0.064819336,36.627815,150044.75,5.8167057,Ship-Water-Cloud-2.bmp,4928,1232
442.89954,11153.533,8.491562e+08,8.23316,0.14489746,107.69025,441185.25,5.605254,-0.40515125,206.75241,847530.25,5.5034733,-0.018676765,33.138386,135736.25,5.6209526,Ship-Water-Cloud-2.bmp,5040,1232
383.39587,8035.4414,6.3499405e+08,8.218245,0.5999756,79.32466,326388.25,6.571828,0.39343253,162.76862,667334.25,6.3536553,-0.02941894,21.295824,87231.25,6.5686502,Ship-Water-Cloud-2.bmp,5152,1232
253.83179,7326.804,2.9391824e+08,8.112338,0.20239258,236.17743,967550.5,6.0357676,-0.40820307,256.5791,1.0516305e+06,6.3087664,0.023437496,35.927063,147159.5,6.3323355,Ship-Water-Cloud-2.bmp,5264,1232
246.8706,10939.205,2.9443808e+08,7.9904256,0.3527832,407.29926,1.6688075e+06,6.311755,0.29956043,254.00584,1.0407755e+06,6.345682,0.11230469,42.335167,173456.5,6.935523,Ship-Water-Cloud-2.bmp,5376,1232
233.26685,10577.764,2.662039e+08,7.9658704,-0.12548828,610.7655,2.50176e+06,6.6968884,-0.6130371,575.7899,2.359975e+06,6.7288227,-0.0039062575,113.0173,462919.0,7.0207806,Ship-Water-Cloud-2.bmp,5488,1232
266.0088,20401.268,3.7339933e+08,7.893372,-0.07788086,762.4142,3.1228735e+06,6.8302927,-0.37792978,616.32916,2.5250695e+06,6.773327,-0.070068374,150.93637,618255.5,6.9571385,Ship-Water-Cloud-2.bmp,5600,1232
148.88147,3517.4148,1.05198e+08,7.9988027,0.35803223,261.96002,1.0735132e+06,7.2091775,-0.32336432,236.5366,969282.25,7.0205307,-0.11340332,78.928116,323342.25,7.335921,Ship-Water-Cloud-2.bmp,5712,1232
140.43787,1189.9366,8.565854e+07,8.217495,-0.080200195,261.33408,1.0704508e+06,7.3332148,0.090209976,210.08409,860537.75,7.2608247,-0.09338378,76.124756,311842.75,7.3804026,Ship-Water-Cloud-2.bmp,5824,1232
129.4596,1749.2144,7.581287e+07,8.14661,0.41955566,430.649,1.7646592e+06,7.511434,0.016723583,319.82156,1.3099902e+06,7.5064125,-0.0047607385,112.45389,460611.25,7.486436,Ship-Water-Cloud-2.bmp,5936,1232
177.11987,7851.6284,1.6065773e+08,7.9263477,0.039062515,722.0299,2.9574405e+06,7.156335,0.22290035,601.8142,2.4652345e+06,7.178321,-0.15478516,133.73422,547873.5,7.220816,Ship-Water-Cloud-2.bmp,0,1344
193.6383,9052.801,1.9066304e+08,7.933523,0.03112793,905.25183,3.7079152e+06,7.0266285,-0.11364748,703.7752,2.8827162e+06,7.1285543,0.06921389,181.44254,743208.25,7.0962715,Ship-Water-Cloud-2.bmp,112,1344
191.39905,10790.654,1.9424973e+08,7.8557296,-0.522583,925.4015,3.7915632e+06,7.0236254,-0.46057144,771.4779,3.1608422e+06,7.1202855,0.07385255,191.6943,785202.25,7.1345816,Ship-Water-Cloud-2.bmp,224,1344
193.16772,9847.486,1.9317251e+08,7.8948374,0.12036133,896.10657,3.670512e+06,7.122944,-0.123290986,745.644,3.05422e+06,7.116124,-0.028076164,181.8117,744704.0,7.141575,Ship-Water-Cloud-2.bmp,336,1344
195.26782,9318.246,1.9434605e+08,7.9310513,0.6335449,802.0703,3.286924e+06,7.032465,0.498291,714.6594,2.928262e+06,7.053355,-0.026123041,162.96661,667514.0,7.1352396,Ship-Water-Cloud-2.bmp,448,1344
187.10547,9241.75,1.8124886e+08,7.9104795,-0.024658203,694.8314,2.846032e+06,7.094295,-0.11816406,716.3642,2.934285e+06,7.0423203,0.08862305,159.6413,653923.0,7.1001215,Ship-Water-Cloud-2.bmp,560,1344
187.91223,9249.401,1.8251942e+08,7.9010134,-0.53430176,904.8598,3.7074752e+06,7.0930862,0.107543975,817.1977,3.3472892e+06,7.054508,-0.02014159,217.95229,892734.25,7.1110945,Ship-Water-Cloud-2.bmp,672,1344
184.85107,9558.216,1.7911043e+08,7.8775415,0.100830086,848.35376,3.4748985e+06,7.085433,-0.16723633,726.3086,2.9750745e+06,7.0802927,-0.06396483,189.0473,774354.5,7.1464562,Ship-Water-Cloud-2.bmp,784,1344
195.46765,10869.803,2.0102104e+08,7.8727193,0.55114746,837.4192,3.4313132e+06,7.162761,-0.052368075,718.5928,2.9433672e+06,7.086459,0.15612793,211.98349,868384.25,7.154004,Ship-Water-Cloud-2.bmp,896,1344
205.82812,9953.764,2.1429854e+08,7.9445424,-0.3544922,843.97064,3.4574185e+06,7.044549,-0.18554688,583.2709,2.3892185e+06,7.045435,0.06640625,182.5018,747545.5,7.1500154,Ship-Water-Cloud-2.bmp,1008,1344
200.53113,11328.429,2.111126e+08,7.898705,-0.12634277,518.03876,2.1219522e+06,6.860009,0.4710694,416.84042,1.7082872e+06,6.8463774,-0.039916992,125.61248,514515.25,6.950986,Ship-Water-Cloud-2.bmp,1120,1344
198.66077,11546.954,2.0894947e+08,7.8836803,-0.18469238,483.05884,1.9787488e+06,6.9108,0.6932373,458.0511,1.8781458e+06,6.7822237,-0.13903809,123.30946,505154.75,6.8373594,Ship-Water-Cloud-2.bmp,1232,1344
230.93298,9305.95,2.5655702e+08,8.02414,-0.0357666,650.2467,2.6634158e+06,7.024828,0.2962647,599.1883,2.4546348e+06,6.9291306,0.07263185,153.15042,627325.75,6.968927,Ship-Water-Cloud-2.bmp,1344,1344
335.7815,12543.072,5.1319722e+08,8.134682,-0.9655762,145.82095,601101.5,6.6676044,0.49243188,144.8836,594436.5,6.456754,0.023681637,39.36675,161248.5,6.426421,Ship-Water-Cloud-2.bmp,1456,1344
380.52893,15907.796,6.582684e+08,8.1479435,1.0592041,153.46017,633168.25,6.335739,-0.39758283,151.8437,622599.25,6.220418,0.011596683,39.261402,160815.25,6.2651234,Ship-Water-Cloud-2.bmp,1568,1344
197.68689,8405.749,1.9450205e+08,7.957228,-0.2515869,670.5764,2.7469402e+06,7.171318,0.23840337,664.9667,2.7239362e+06,7.0804176,-0.10192871,174.86784,716301.25,7.1161265,Ship-Water-Cloud-2.bmp,1680,1344
180.84375,7170.769,1.6332894e+08,7.9448786,-0.28442383,702.8756,2.87931e+06,7.2296443,0.05126957,601.3445,2.463118e+06,7.17929,0.06958007,176.731,723910.0,7.2065277,Ship-Water-Cloud-2.bmp,1792,1344
172.44128,8852.086,1.5805678e+08,7.8542275,-0.24743652,693.1665,2.8394608e+06,7.2104616,0.16491689,693.16565,2.8393178e+06,7.086893,0.06066893,182.45035,747331.75,7.1455746,Ship-Water-Cloud-2.bmp,1904,1344
206.82434,11068.4,2.2054794e+08,7.926835,0.013793945,765.91296,3.1371802e+06,7.1083126,0.08923343,810.88074,3.3214002e+06,7.084283,0.00085448474,218.12897,893456.25,7.0253286,Ship-Water-Cloud-2.bmp,2016,1344
207.70288,10685.317,2.204705e+08,7.928578,0.23095702,820.29443,3.3601445e+06,7.1716814,-0.34301755,772.4242,3.1643315e+06,7.1306963,0.28515625,239.83629,982702.5,7.091839,Ship-Water-Cloud-2.bmp,2128,1344
209.3855,8305.988,2.1359933e+08,8.000372,-0.46264648,920.0624,3.7694525e+06,7.2797318,0.35717753,841.2912,3.4464515e+06,7.2245746,-0.054443352,290.31894,1.1891585e+06,7.160197,Ship-Water-Cloud-2.bmp,2240,1344
229.31519,7921.5337,2.4783664e+08,8.05912,0.30371094,935.60974,3.8326355e+06,7.294852,-0.09204097,848.5205,3.4755745e+06,7.236736,-0.2607422,289.2849,1.1851895e+06,7.2430687,Ship-Water-Cloud-2.bmp,2352,1344
257.34094,8487.584,3.0602013e+08,8.101307,-0.24987793,581.9607,2.3839668e+06,7.0912,0.43688962,417.5298,1.7109838e+06,7.1058264,-0.01184082,154.9207,634555.75,6.9611316,Ship-Water-Cloud-2.bmp,2464,1344
201.44641,19532.906,2.4622515e+08,7.7200236,0.122680664,177.27554,726182.25,6.260182,1.0677489,112.85241,466913.25,6.2328453,0.012084958,29.111729,119242.25,6.448929,Ship-Water-Cloud-2.bmp,2576,1344
156.2572,11842.684,1.4851683e+08,7.637418,0.70202637,83.59047,344405.25,5.4050884,0.8292235,64.803665,268252.25,5.3681183,-0.019409183,27.181568,111337.25,4.8358836,Ship-Water-Cloud-2.bmp,2688,1344
115.36011,4086.5383,7.124784e+07,7.868438,-0.17773438,161.71024,662494.5,6.769976,-0.16381839,134.39761,550602.5,6.657139,0.03515625,48.849712,200093.5,6.691491,Ship-Water-Cloud-2.bmp,2800,1344
217.41809,7386.4316,2.238753e+08,8.034072,-0.3951416,392.96365,1.6102188e+06,7.15701,-0.28967282,330.10034,1.3524348e+06,7.14703,-0.009643547,106.272804,435293.75,7.1410675,Ship-Water-Cloud-2.bmp,2912,1344
214.90137,6121.8633,2.1423907e+08,8.087376,0.1569824,397.98026,1.630228e+06,6.9763694,0.11572261,203.918,835303.0,7.060791,-0.025634773,97.03329,397451.0,7.106122,Ship-Water-Cloud-2.bmp,3024,1344
116.775635,9027.603,9.283237e+07,7.464324,0.4699707,224.15205,919031.5,6.44816,0.18896477,116.81597,478624.5,6.4852085,0.025390625,35.433807,145139.5,6.8543377,Ship-Water-Cloud-2.bmp,3136,1344
105.01721,8270.355,7.904858e+07,7.349268,-0.460083,143.25311,587631.75,6.052666,-0.39611825,94.54493,387898.75,6.8452754,0.037231445,24.633318,100903.75,6.530324,Ship-Water-Cloud-2.bmp,3248,1344
230.48096,14155.9795,2.7556845e+08,7.9174347,-0.118652344,144.31856,591186.5,6.1641946,-0.9489746,159.2695,656056.5,6.866808,-0.052490227,31.86333,130523.5,6.6184015,Ship-Water-Cloud-2.bmp,3360,1344
229.59204,15386.879,2.7893507e+08,7.9107313,0.13061523,302.05215,1.2372755e+06,6.4233313,-0.16259754,367.47906,1.5053025e+06,6.8119965,-0.036621094,57.564697,235790.5,6.6906447,Ship-Water-Cloud-2.bmp,3472,1344
232.68848,12619.503,2.73463e+08,7.969594,-0.4182129,285.15466,1.16871e+06,6.252722,0.39038074,334.81247,1.372016e+06,6.636265,-0.062011715,50.324284,206144.0,6.6550064,Ship-Water-Cloud-2.bmp,3584,1344
279.56262,9990.955,3.6104688e+08,8.10758,-0.36608887,210.42535,862451.25,6.179662,-0.40075678,237.00449,971428.25,6.5827756,-0.035522472,49.338886,202097.25,6.4859657,Ship-Water-Cloud-2.bmp,3696,1344
313.44617,10407.668,4.4505565e+08,8.137716,-0.103149414,303.9893,1.2451838e+06,6.5945396,-0.69396985,225.40312,925223.75,6.947603,-0.06164552,51.216843,209799.75,6.715787,Ship-Water-Cloud-2.bmp,3808,1344
283.32983,13596.034,3.84499e+08,8.0552025,0.15844727,523.2191,2.1432085e+06,6.697275,-0.122802824,379.1706,1.5531445e+06,6.8935513,0.039794922,96.08594,393574.5,6.8088665,Ship-Water-Cloud-2.bmp,3920,1344
267.17114,12002.772,3.4153754e+08,8.051015,0.10034179,556.09406,2.2778025e+06,6.6670904,0.16357425,360.14355,1.4752575e+06,6.6773744,-0.024414074,92.160416,377491.5,6.707798,Ship-Water-Cloud-2.bmp,4032,1344
223.18994,11183.081,2.4984302e+08,7.94993,0.579834,1141.5718,4.677255e+06,6.76705,-0.12377915,861.926,3.530512e+06,6.838581,0.06933594,352.28796,1.442991e+06,6.7494826,Ship-Water-Cloud-2.bmp,4144,1344
245.41602,16550.838,3.144903e+08,7.8788652,-0.3227539,712.48535,2.9187665e+06,6.8017945,0.052978337,429.7561,1.7602925e+06,6.6053863,0.00024414808,124.587524,510310.5,6.9449706,Ship-Water-Cloud-2.bmp,4256,1344
298.1776,23621.465,4.6092842e+08,7.947952,0.23083499,759.9618,3.1130218e+06,6.5753703,0.41931137,967.3341,3.9629208e+06,6.7454753,0.01403809,158.24097,648155.75,6.828203,Ship-Water-Cloud-2.bmp,4368,1344
210.1134,10498.002,2.2382854e+08,7.907828,-0.14221191,370.79807,1.5188718e+06,6.772026,0.729126,427.2066,1.7520158e+06,6.608238,-0.048461914,77.07791,315720.75,6.8253255,Ship-Water-Cloud-2.bmp,4480,1344
201.45764,8553.875,2.0127357e+08,8.000417,0.07458496,72.38098,296495.25,6.594782,-0.26550305,124.82239,511561.25,5.8871746,0.045288082,16.305382,66795.25,6.730112,Ship-Water-Cloud-2.bmp,4592,1344
171.06018,7230.1875,1.494703e+08,7.9054947,-0.13415527,86.311035,353603.75,6.6339035,-0.4278565,44.041485,181143.75,6.947639,-0.009399415,14.0145,57403.75,6.6962895,Ship-Water-Cloud-2.bmp,4704,1344
345.36194,13678.301,5.445762e+08,8.124981,-1.0325928,299.29767,1.2302908e+06,6.2630105,-0.4857176,195.67783,802462.75,6.3367195,-0.027709963,70.249664,287745.75,6.4194264,Ship-Water-Cloud-2.bmp,4816,1344
354.28894,18603.639,5.9033306e+08,8.08472,0.3355713,77.64783,318506.75,6.281848,0.40441918,169.51753,695013.75,6.1480083,0.024780273,22.090878,90486.75,6.1121554,Ship-Water-Cloud-2.bmp,4928,1344
396.80542,10472.066,6.878273e+08,8.201052,0.084228516,170.97937,700360.5,5.7172356,0.33471674,164.89957,675887.5,6.3185287,0.09838867,26.320518,107848.5,6.337763,Ship-Water-Cloud-2.bmp,5040,1344
295.86743,9472.539,3.9735328e+08,8.125967,0.3876953,81.99472,336466.0,6.4390283,0.11083962,206.99625,847907.0,6.6109986,0.043701172,24.40898,99987.0,6.8529086,Ship-Water-Cloud-2.bmp,5152,1344
233.4314,8814.982,2.5929811e+08,8.022524,0.115722656,99.794586,408813.5,6.7701683,0.2512208,294.41406,1.2061785e+06,6.305807,-0.018554693,30.21096,123745.5,6.852252,Ship-Water-Cloud-2.bmp,5264,1344
211.23083,8580.827,2.179043e+08,7.9579153,0.43737793,110.84282,454795.75,6.5898457,1.2320557,493.27002,2.0266518e+06,6.159546,-0.008178707,34.27746,140400.75,7.0237346,Ship-Water-Cloud-2.bmp,5376,1344
192.11682,8678.433,1.867256e+08,7.887631,-0.022827148,127.36978,521708.75,6.669552,0.42150867,429.88455,1.7615348e+06,6.341084,-0.06530762,41.762035,171074.75,6.900278,Ship-Water-Cloud-2.bmp,5488,1344
223.44666,14851.193,2.6533725e+08,7.8316956,0.12365723,137.81168,564539.25,6.779934,0.22131363,419.19913,1.7172402e+06,6.364578,-0.08557129,51.83991,212366.25,6.928414,Ship-Water-Cloud-2.bmp,5600,1344
225.17358,14031.306,2.6515229e+08,7.8565116,0.28442383,225.90677,925645.5,6.9956517,0.1323241,434.93475,1.7815645e+06,6.68406,0.051269524,76.16351,311976.5,7.125998,Ship-Water-Cloud-2.bmp,5712,1344
188.3175,8442.909,1.7984058e+08,7.8518777,0.30480957,102.1779,418901.25,7.214959,-0.82604975,166.74007,685762.25,6.5477576,-0.016967773,39.326675,161083.25,7.2543774,Ship-Water-Cloud-2.bmp,5824,1344
145.19922,1294.3673,9.1656936e+07,8.214096,0.30786133,331.46234,1.358058e+06,7.376433,-0.10546875,232.71033,953227.0,7.363894,-0.08666992,90.71417,371596.0,7.3470216,Ship-Water-Cloud-2.bmp,5936,1344
192.96082,10210.088,1.9433048e+08,7.88171,-0.21472168,786.923,3.2234252e+06,7.087023,0.17126462,715.8299,2.9321592e+06,7.156787,-0.012573235,154.39273,632393.25,7.144884,Ship-Water-Cloud-2.bmp,0,1456
192.98389,9195.219,1.9021005e+08,7.912837,0.0024414062,886.19836,3.6298685e+06,7.1160736,-0.19018556,768.4005,3.1475165e+06,7.117199,0.057373036,195.78638,801954.5,7.090065,Ship-Water-Cloud-2.bmp,112,1456
190.0199,9874.1045,1.883409e+08,7.8908224,-0.44421387,872.38464,3.5740958e+06,7.1572,-0.27136236,768.6548,3.1487118e+06,7.143421,-0.03381349,206.25612,844829.75,7.1626587,Ship-Water-Cloud-2.bmp,224,1456
181.11108,9408.027,1.7288909e+08,7.885616,-0.0029297024,668.1688,2.7368195e+06,7.1052685,-0.32836923,595.07446,2.4378665e+06,7.145155,-0.088867195,149.88943,613979.5,7.1389365,Ship-Water-Cloud-2.bmp,336,1456
182.4884,8646.362,1.7182056e+08,7.903722,0.23840332,700.49927,2.8694778e+06,7.0018053,0.3470459,637.15173,2.6102668e+06,7.0911446,0.041381836,162.02753,663671.75,7.0977654,Ship-Water-Cloud-2.bmp,448,1456
171.16711,8562.451,1.5507715e+08,7.855036,-0.0008544922,711.62115,2.9148002e+06,7.0035686,-0.036254905,655.4172,2.6845942e+06,7.0874968,0.050659195,174.64252,715346.25,7.065114,Ship-Water-Cloud-2.bmp,560,1456
202.25732,10401.859,2.1016528e+08,7.919529,-0.19116211,938.1172,3.8426775e+06,7.133207,0.12988281,864.57306,3.5413605e+06,7.0828266,0.0637207,242.67184,994000.5,7.172887,Ship-Water-Cloud-2.bmp,672,1456
201.32263,10077.009,2.0728958e+08,7.9208317,0.4691162,887.9334,3.6378768e+06,7.163273,0.11145021,810.2089,3.3186668e+06,7.084235,0.07580566,222.34503,910748.75,7.1298585,Ship-Water-Cloud-2.bmp,784,1456
200.9961,9184.025,2.0309384e+08,7.944932,-0.044921875,822.6489,3.3695785e+06,7.178055,0.2736817,696.43713,2.8529135e+06,7.0866504,0.1027832,203.71783,834471.5,7.133116,Ship-Water-Cloud-2.bmp,896,1456
200.07361,8718.402,1.996712e+08,7.965054,0.02990722,648.8203,2.6575718e+06,7.062581,0.1485596,572.8927,2.3466588e+06,7.025738,0.10876467,168.91339,691917.75,7.001746,Ship-Water-Cloud-2.bmp,1008,1456
179.9419,10097.779,1.7398525e+08,7.8376465,0.3100586,604.7424,2.4774185e+06,6.929673,-0.1538086,482.30237,1.9756075e+06,7.009899,-0.0039062463,157.3807,644631.5,7.011803,Ship-Water-Cloud-2.bmp,1120,1456
200.34631,12298.521,2.1478264e+08,7.8667684,-0.5142822,335.16638,1.3739248e+06,6.696795,0.23107913,320.46072,1.3128258e+06,6.656674,-0.08703614,85.86859,351748.75,6.6425323,Ship-Water-Cloud-2.bmp,1232,1456
214.34094,8389.116,2.2254042e+08,8.001963,0.3170166,309.41165,1.2677618e+06,6.743891,0.2520752,284.03088,1.1636508e+06,6.8046284,0.046020504,74.40651,304777.75,6.8574066,Ship-Water-Cloud-2.bmp,1344,1456
235.77942,8550.394,2.6272696e+08,8.057749,-0.7034912,436.41046,1.7895642e+06,7.0707426,0.33215332,414.40585,1.6978582e+06,7.052123,-0.003295891,110.94145,454416.25,7.0641394,Ship-Water-Cloud-2.bmp,1456,1456
276.05396,13561.281,3.676859e+08,8.034649,0.14746094,288.52075,1.18187e+06,6.955551,1.3881836,318.44208,1.312232e+06,6.928227,0.012451169,80.46347,329579.0,6.953063,Ship-Water-Cloud-2.bmp,1568,1456
176.8092,6890.1357,1.5626909e+08,7.955717,-0.27600098,515.08844,2.1101142e+06,6.9819975,0.1778564,538.5092,2.2058632e+06,7.021218,-0.015747081,133.77057,547925.25,6.998646,Ship-Water-Cloud-2.bmp,1680,1456
188.21204,7620.1484,1.763079e+08,7.95798,-0.1463623,730.45154,2.9920172e+06,7.0789804,-0.5357666,610.9686,2.5037032e+06,7.1317883,0.052612297,167.55295,686308.25,7.1648026,Ship-Water-Cloud-2.bmp,1792,1456
212.8457,9430.227,2.241885e+08,7.978851,0.052246094,849.84875,3.480992e+06,7.277215,-0.43408203,828.5462,3.394497e+06,7.2517977,-0.038574204,243.1772,996060.0,7.1888247,Ship-Water-Cloud-2.bmp,1904,1456
215.56543,9850.889,2.3068403e+08,7.974863,0.43359375,931.0058,3.81417e+06,7.2459297,0.173828,899.46246,3.684322e+06,7.2551003,-0.18652344,287.3861,1.177276e+06,7.210123,Ship-Water-Cloud-2.bmp,2016,1456
219.32495,9110.634,2.3434882e+08,8.003567,0.012695311,931.9437,3.8172425e+06,7.2419853,0.20068362,814.60315,3.3367795e+06,7.2938957,0.12915039,341.25104,1.3978325e+06,7.1625605,Ship-Water-Cloud-2.bmp,2128,1456
207.3927,8715.656,2.1187538e+08,7.9745226,-0.35583496,908.80676,3.7229912e+06,7.273278,-0.15612784,761.65784,3.1198502e+06,7.2850285,-0.010131836,280.18256,1.1476282e+06,7.166642,Ship-Water-Cloud-2.bmp,2240,1456
202.27661,9627.258,2.0702448e+08,7.9479,-0.25830078,863.84814,3.538595e+06,7.1953673,0.24926758,677.9586,2.777173e+06,7.2444906,0.10107422,230.95879,946049.0,7.141777,Ship-Water-Cloud-2.bmp,2352,1456
158.28992,8259.564,1.3645933e+08,7.8795815,0.42541504,495.85886,2.0317792e+06,7.016492,0.20251463,325.1541,1.3319992e+06,7.0346446,-0.071655266,117.54889,481501.25,6.984362,Ship-Water-Cloud-2.bmp,2464,1456
49.054688,1406.2938,1.561664e+07,7.1432824,0.0017089844,47.08374,192855.0,4.342184,0.08984375,26.334702,107900.0,4.795641,0.04418945,8.462159,34669.0,5.0790834,Ship-Water-Cloud-2.bmp,2576,1456
77.63904,9370.705,6.307235e+07,6.7744703,-0.38806152,429.92258,1.7615798e+06,6.1275234,0.04846192,249.98734,1.02395775e+06,6.2602634,-0.069946304,140.34442,574870.75,6.172471,Ship-Water-Cloud-2.bmp,2688,1456
169.43652,12400.633,1.6838397e+08,7.751772,-0.51342773,404.26605,1.6569535e+06,6.818965,-0.29785153,322.13605,1.3198325e+06,6.7240148,0.04467773,108.21394,443252.5,6.653105,Ship-Water-Cloud-2.bmp,2800,1456
226.07935,5704.6074,2.3272029e+08,8.108383,-0.011962891,380.41586,1.558184e+06,6.9647202,-0.019531295,328.91028,1.347218e+06,6.857809,-0.09472655,103.74128,424961.0,6.8483286,Ship-Water-Cloud-2.bmp,2912,1456
199.30835,12695.9375,2.147113e+08,7.83785,0.8112793,409.9568,1.681879e+06,6.780676,-0.096435554,259.83667,1.064329e+06,6.865083,-0.03540039,97.65597,400004.0,6.83018,Ship-Water-Cloud-2.bmp,3024,1456
81.99451,3502.1697,4.18827e+07,7.591209,0.25915527,114.50186,469274.75,6.716413,-0.073120095,68.957726,282472.75,6.53055,0.031860348,31.522118,129118.75,6.8552275,Ship-Water-Cloud-2.bmp,3136,1456
217.86389,17895.336,2.677146e+08,7.8173695,-1.2994385,51.55371,218080.25,7.042836,-0.6180419,48.913986,201916.25,7.045033,0.011596685,14.891527,60996.25,7.1227393,Ship-Water-Cloud-2.bmp,3248,1456
450.41455,2797.1252,8.424259e+08,8.292046,-0.27734375,15.418197,63468.0,7.123163,-0.106201604,19.764843,81003.0,6.9054184,0.039794922,5.1248817,20998.0,7.2270155,Ship-Water-Cloud-2.bmp,3360,1456
366.2948,7940.459,5.8209216e+08,8.212639,0.34362793,87.86611,360383.25,6.044282,-0.33483905,84.70362,347405.25,6.427249,0.11291504,17.796883,72948.25,6.5949235,Ship-Water-Cloud-2.bmp,3472,1456
255.56335,13571.969,3.231113e+08,8.010391,-0.0147705,191.85544,785840.75,6.1774464,-0.3941651,234.45004,960943.75,6.7651157,0.006225586,40.04873,164039.75,6.5381823,Ship-Water-Cloud-2.bmp,3584,1456
309.67102,11885.48,4.4147354e+08,8.122833,0.10461426,276.0587,1.1307812e+06,6.5471535,-0.045532227,335.30148,1.3734032e+06,6.616789,0.038940422,57.934334,237305.25,6.7017984,Ship-Water-Cloud-2.bmp,3696,1456
281.0266,11380.569,3.7010032e+08,8.080493,0.2866211,378.24963,1.549647e+06,6.748451,0.6650391,377.08508,1.546352e+06,6.884742,0.020751957,78.03375,319628.0,6.796783,Ship-Water-Cloud-2.bmp,3808,1456
265.89954,12409.026,3.404251e+08,8.032816,0.5706787,570.37714,2.3375988e+06,6.790526,0.3343506,533.55145,2.1858848e+06,6.874255,0.049926758,109.73523,449485.75,6.756846,Ship-Water-Cloud-2.bmp,3920,1456
240.29822,11636.801,2.841806e+08,7.9881763,0.3170166,525.2157,2.1516952e+06,6.595214,-0.3385011,676.1455,2.7699612e+06,6.8978305,-0.08581543,106.307884,435467.25,6.8670096,Ship-Water-Cloud-2.bmp,4032,1456
209.32874,11277.686,2.2567405e+08,7.898789,0.41809082,696.78107,2.8547312e+06,6.6659274,0.2779541,674.4914,2.7630332e+06,6.9123535,-0.0814209,159.7327,654292.25,6.7430234,Ship-Water-Cloud-2.bmp,4144,1456
204.09131,10268.18,2.1267024e+08,7.9227123,-0.27539062,608.39514,2.492297e+06,6.9650946,-0.27368167,446.73834,1.830147e+06,7.0572634,-0.08520508,109.42828,448248.0,7.191546,Ship-Water-Cloud-2.bmp,4256,1456
259.91736,15442.061,3.399643e+08,7.9747047,0.7030029,1228.6311,5.034497e+06,6.8812704,0.16149889,918.5142,3.7623412e+06,6.7465763,0.031127945,254.46832,1.04230625e+06,6.926343,Ship-Water-Cloud-2.bmp,4368,1456
204.43335,10541.74,2.1436307e+08,7.913806,0.122802734,406.9129,1.666777e+06,6.937763,-0.12158203,515.33606,2.110877e+06,6.723775,-0.12646483,106.885376,437868.0,6.9376097,Ship-Water-Cloud-2.bmp,4480,1456
225.63123,11307.666,2.548413e+08,7.932643,-0.19787598,88.869965,364171.75,6.316988,-0.16198736,265.3177,1.0868488e+06,6.59657,-0.028686523,27.332613,111957.75,6.7727137,Ship-Water-Cloud-2.bmp,4592,1456
248.1997,14407.564,3.1133965e+08,7.9384785,-0.2265625,94.75177,388313.5,6.676226,0.018310413,305.57693,1.2516445e+06,6.4438677,-0.05151368,36.474518,149410.5,6.6771326,Ship-Water-Cloud-2.bmp,4704,1456
342.31567,16319.639,5.468146e+08,8.096092,-0.3408203,61.642876,252965.0,6.5742474,0.791748,96.57919,398156.0,5.8011103,0.0234375,14.694763,60192.0,6.5350933,Ship-Water-Cloud-2.bmp,4816,1456
287.70093,16683.408,4.0736864e+08,8.002693,0.41845703,57.942932,238051.5,6.942449,0.27539074,103.05344,422417.5,5.8030963,0.05541992,16.503399,67610.5,6.1862717,Ship-Water-Cloud-2.bmp,4928,1456
324.87695,10314.606,4.745611e+08,8.146815,-0.48168945,101.3931,416256.5,5.60772,0.32055658,82.931786,340109.5,6.3131495,0.017578129,12.850154,52635.5,6.5326242,Ship-Water-Cloud-2.bmp,5040,1456
225.68616,18507.207,2.8443216e+08,7.8446493,1.0858154,74.88246,311547.75,5.830882,0.6322022,136.55363,560960.75,6.1683035,-0.025268555,18.830355,77131.75,6.270804,Ship-Water-Cloud-2.bmp,5152,1456
178.6416,10631.6455,1.7426214e+08,7.929837,-0.26904297,158.49573,649495.0,6.0637927,0.14819334,72.25221,296035.0,6.4994206,-0.008544922,25.150316,103016.0,6.297179,Ship-Water-Cloud-2.bmp,5264,1456
141.31177,2161.7717,9.064771e+07,8.142689,0.10644531,80.777985,330913.0,7.326352,0.23828122,55.9796,229525.0,7.3324966,0.019287119,26.271843,107611.0,7.301176,Ship-Water-Cloud-2.bmp,5376,1456
148.61597,231.03317,9.141346e+07,8.29694,-0.052734375,60.558746,248060.0,7.2264576,0.029785145,47.962,196456.0,7.301717,-0.014892581,24.452415,100158.0,7.331975,Ship-Water-Cloud-2.bmp,5488,1456
148.87842,184.7135,9.154354e+07,8.301161,0.04248047,41.335358,169317.0,7.368432,0.0053711087,37.25876,152612.0,7.4205556,-0.115722656,20.757118,85076.0,7.390274,Ship-Water-Cloud-2.bmp,5600,1456
138.43384,2543.4478,8.891341e+07,7.9937177,-0.18676758,68.77957,281864.0,7.0733547,0.35424808,95.81738,392982.0,6.3526487,-0.013427728,29.02619,118892.0,7.1041946,Ship-Water-Cloud-2.bmp,5712,1456
196.23755,15749.401,2.2224314e+08,7.6711664,-0.3684082,126.80019,519929.5,6.971574,0.42187503,297.98105,1.2212595e+06,6.237239,-0.006347659,52.306232,214246.5,6.9289527,Ship-Water-Cloud-2.bmp,5824,1456
211.86426,16583.906,2.5178262e+08,7.7391543,-0.15332031,77.16655,316170.5,6.9116297,-0.19702148,297.6466,1.2193195e+06,6.26921,0.005126957,30.74985,125951.5,7.0363026,Ship-Water-Cloud-2.bmp,5936,1456
188.5481,10154.909,1.8720888e+08,7.874837,0.35131836,721.66455,2.9564435e+06,7.17407,0.18554696,672.35876,2.7541225e+06,7.106593,-0.045898426,157.36594,644579.5,7.1646423,Ship-Water-Cloud-2.bmp,0,1568
167.2915,7342.5127,1.4470742e+08,7.908116,0.18066406,613.1882,2.5117525e+06,7.097584,-0.07031262,542.76294,2.2231775e+06,7.0932937,0.061035138,140.79376,576706.5,7.0607386,Ship-Water-Cloud-2.bmp,112,1568
174.78503,8429.622,1.5965974e+08,7.8725767,0.21130371,732.43024,3.0002172e+06,7.0862274,-0.07067871,691.8195,2.8337132e+06,7.1494303,-0.008666985,194.10204,795042.25,7.10947,Ship-Water-Cloud-2.bmp,224,1568
176.70898,10739.755,1.71892e+08,7.79988,-0.058105443,806.44324,3.3032055e+06,6.9878464,-0.14184579,752.9407,3.0841275e+06,7.0602274,-0.027587883,198.39047,812610.5,7.0296936,Ship-Water-Cloud-2.bmp,336,1568
181.03369,7292.2754,1.6410818e+08,7.93098,0.3708496,422.7261,1.7320495e+06,6.6562552,-0.17944327,408.79877,1.6745715e+06,6.7250795,-0.08935547,110.782425,453797.5,6.7222424,Ship-Water-Cloud-2.bmp,448,1568
181.9226,8041.858,1.6849998e+08,7.912076,-0.0007324219,611.40674,2.504322e+06,6.9104996,0.12768555,589.5782,2.414979e+06,6.909604,-0.030517576,157.64337,645711.0,6.9364023,Ship-Water-Cloud-2.bmp,560,1568
201.06006,10139.442,2.0711256e+08,7.9152527,-0.012939449,873.07275,3.576107e+06,7.185867,0.101318404,786.6631,3.222214e+06,7.072774,-0.08300781,208.53972,854207.0,7.1241803,Ship-Water-Cloud-2.bmp,672,1568
191.03809,8714.406,1.8518e+08,7.9347153,0.049804688,892.8889,3.657283e+06,7.216934,0.20849615,758.82056,3.108307e+06,7.124007,0.04394531,203.42435,833234.0,7.218026,Ship-Water-Cloud-2.bmp,784,1568
196.7185,10212.665,2.0033878e+08,7.9058065,-0.14331055,845.2124,3.462074e+06,7.164488,0.32104498,784.0295,3.211807e+06,7.0566297,-0.010009758,201.39322,824907.0,7.106226,Ship-Water-Cloud-2.bmp,896,1568
188.35352,9361.709,1.8365955e+08,7.901909,0.00830077,661.5644,2.709768e+06,7.1448116,0.27563486,624.3,2.557444e+06,7.098712,-0.0270996,172.26782,705612.0,7.059742,Ship-Water-Cloud-2.bmp,1008,1568
191.98572,10011.059,1.9197778e+08,7.8822756,0.033325188,705.4557,2.8895512e+06,7.1370325,-0.22619638,578.3615,2.3691782e+06,7.1400948,-0.12585449,185.78232,761029.25,7.0755796,Ship-Water-Cloud-2.bmp,1120,1568
184.09753,5985.5225,1.6333792e+08,8.019584,-0.26428223,361.9151,1.4826902e+06,6.9101257,-0.324585,325.61713,1.3341592e+06,6.911434,-0.12634276,89.23166,365558.25,6.939518,Ship-Water-Cloud-2.bmp,1232,1568
225.45728,6675.1343,2.3554506e+08,8.09573,0.057373047,83.49756,342019.5,6.7367487,-0.27075186,76.54498,313828.5,6.6984587,-0.0041503925,22.148785,90721.5,6.52943,Ship-Water-Cloud-2.bmp,1344,1568
264.12463,11867.891,3.3435533e+08,8.035761,-0.59484863,127.909515,525366.75,6.7208004,-0.6544188,121.44301,499184.75,6.780115,0.038696293,35.17227,144071.75,6.7508736,Ship-Water-Cloud-2.bmp,1456,1568
210.11096,9049.172,2.1788995e+08,7.9911056,0.8609619,461.61783,1.8938228e+06,6.7649975,-0.05847168,459.27097,1.8811878e+06,6.8776135,0.103637695,115.01849,471159.75,6.850164,Ship-Water-Cloud-2.bmp,1568,1568
193.02661,7876.121,1.8487458e+08,7.969391,-0.19921875,597.3329,2.446838e+06,7.094052,-0.027832016,537.8942,2.203218e+06,7.1420717,-0.027099613,145.00586,593947.0,7.1550364,Ship-Water-Cloud-2.bmp,1680,1568
221.66296,7907.503,2.3364392e+08,8.048819,0.04333496,654.83435,2.6822092e+06,7.1195316,-0.5670166,556.11096,2.2791472e+06,7.16463,0.083374016,152.29413,623825.25,7.1944017,Ship-Water-Cloud-2.bmp,1792,1568
207.94434,8021.0176,2.0996859e+08,8.011578,0.24633789,691.98145,2.8346045e+06,7.2243977,-0.01757808,693.0952,2.8389195e+06,7.2007627,0.052978523,231.52954,948356.5,7.1482487,Ship-Water-Cloud-2.bmp,1904,1568
213.74194,9777.626,2.2717744e+08,7.9705625,-0.15722658,900.9302,3.6903115e+06,7.2206764,0.19409178,830.9397,3.4036835e+06,7.2258964,-0.030761717,286.16983,1.1721555e+06,7.18888,Ship-Water-Cloud-2.bmp,2016,1568
191.31628,7060.184,1.7883998e+08,7.9957676,0.7344971,722.65576,2.9622078e+06,7.2088757,0.07043459,597.00006,2.4453328e+06,7.156621,0.04138185,224.04047,917676.75,7.1291065,Ship-Water-Cloud-2.bmp,2128,1568
183.57764,7417.671,1.6842106e+08,7.9659753,-0.28222656,705.3799,2.889562e+06,7.200755,0.058105454,624.22925,2.556857e+06,7.1358185,0.23046875,211.80602,867775.0,7.0531178,Ship-Water-Cloud-2.bmp,2240,1568
184.52844,7179.3496,1.6887846e+08,8.00732,-0.17541504,394.347,1.6153712e+06,7.074063,0.22888185,418.07977,1.7126692e+06,6.974707,0.080688484,133.16762,545481.25,6.997452,Ship-Water-Cloud-2.bmp,2352,1568
78.76453,5975.0796,4.98849e+07,7.2177763,0.5172119,105.294075,432380.25,6.0238876,0.38879403,86.916046,356627.25,5.8897095,0.02282715,28.29373,115893.25,6.107781,Ship-Water-Cloud-2.bmp,2464,1568
78.98889,7472.4062,5.6162924e+07,6.9888406,-0.25061035,173.047,709057.75,5.743273,-0.08947745,115.20776,471923.75,5.99038,0.018676756,55.128006,225805.75,5.7665777,Ship-Water-Cloud-2.bmp,2576,1568
88.207886,5723.3604,5.5312344e+07,7.2789984,0.25915527,180.28935,738740.25,6.1737986,-0.14904779,161.97736,663550.25,6.389925,-0.010375962,58.844925,241029.25,6.241539,Ship-Water-Cloud-2.bmp,2688,1568
209.63269,15262.049,2.425156e+08,7.8079114,-1.0838623,200.81836,827363.75,6.765971,-0.1185303,171.07939,700798.75,6.789974,-0.002075201,70.82684,290106.75,6.307678,Ship-Water-Cloud-2.bmp,2800,1568
305.51123,8677.979,4.1785382e+08,8.155504,0.43823242,126.2081,517735.0,6.901681,-0.6435546,95.49086,392827.0,6.887839,-0.07446288,43.40583,177813.0,6.2549686,Ship-Water-Cloud-2.bmp,2912,1568
184.57959,10266.933,1.8160254e+08,7.8524113,0.18408203,352.1758,1.442651e+06,6.793348,0.024902418,329.31018,1.348857e+06,6.7879133,-0.051757827,96.53102,395402.0,6.652605,Ship-Water-Cloud-2.bmp,3024,1568
199.4497,10655.217,2.0658341e+08,7.912495,-0.12011719,264.05554,1.0816305e+06,6.4710736,-0.3496093,234.66843,961702.5,6.6738825,-0.038085926,62.899067,257640.5,6.562481,Ship-Water-Cloud-2.bmp,3136,1568
365.95154,13970.816,6.0576294e+08,8.145575,-1.0645752,32.192177,136501.25,7.1369143,-0.29968247,25.006691,102795.266,7.274945,-0.036010742,9.017807,36942.25,6.9645233,Ship-Water-Cloud-2.bmp,3248,1568
447.2599,3393.2668,8.332684e+08,8.287543,0.33459473,33.486862,137620.75,6.2751865,-0.14709486,38.412388,157425.75,6.3119135,-0.044067383,10.575146,43323.75,6.42749,Ship-Water-Cloud-2.bmp,3360,1568
393.25476,5121.8755,6.544228e+08,8.258617,0.4852295,82.07724,337152.75,6.8208165,-0.10021998,72.978424,298960.75,6.604478,0.01550293,22.506048,92185.75,6.71989,Ship-Water-Cloud-2.bmp,3472,1568
274.11975,7806.089,3.397539e+08,8.133987,0.52697754,145.55194,597318.25,6.744323,0.09265128,144.95755,593781.25,6.6998,-0.003540039,34.76885,142413.25,6.7115326,Ship-Water-Cloud-2.bmp,3584,1568
286.10913,9730.564,3.7514854e+08,8.11429,-0.8964844,522.37415,2.1429365e+06,6.6618977,0.44140643,334.38318,1.3704315e+06,6.730797,-0.114990234,80.95125,331630.5,6.804266,Ship-Water-Cloud-2.bmp,3696,1568
255.36426,9873.383,3.0754525e+08,8.057017,0.46801758,604.86957,2.478443e+06,6.8615274,-0.012450956,433.5648,1.775882e+06,6.9344954,0.15478516,119.61813,490054.0,6.83449,Ship-Water-Cloud-2.bmp,3808,1568
233.22559,14094.921,2.8053133e+08,7.9146204,-0.78808594,772.1953,3.165456e+06,6.979388,0.1269532,690.3723,2.827831e+06,6.8096266,0.029785156,164.31186,673025.0,6.9511976,Ship-Water-Cloud-2.bmp,3920,1568
285.14343,21545.94,4.2128474e+08,7.941902,0.303833,635.74243,2.6043792e+06,6.4669304,-0.9981688,1000.48096,4.1020512e+06,6.5610085,-0.0101318145,96.6755,395983.25,6.728019,Ship-Water-Cloud-2.bmp,4032,1568
336.13953,22163.293,5.53587e+08,8.049835,-0.28625488,506.23172,2.0738608e+06,6.2965236,-0.848755,479.68457,1.9677388e+06,6.4014177,0.020385742,84.14771,344670.75,6.440103,Ship-Water-Cloud-2.bmp,4144,1568
331.82483,11287.956,4.9723667e+08,8.159534,-0.15612791,695.5392,2.8490282e+06,6.500043,-0.942749,291.7702,1.1987312e+06,6.595474,-0.057983387,83.44348,341798.25,6.566076,Ship-Water-Cloud-2.bmp,4256,1568
253.01917,8002.724,2.9499974e+08,8.117513,0.4161377,708.57886,2.9030482e+06,6.6922145,0.2816162,384.09583,1.5735812e+06,6.7453966,-0.061645493,155.6276,637466.25,6.7826967,Ship-Water-Cloud-2.bmp,4368,1568
238.91711,8231.971,2.6752352e+08,8.073681,-0.007446289,422.59216,1.7309378e+06,6.7077856,-0.009155162,369.45422,1.5132848e+06,6.734715,0.09899904,119.0746,487769.75,6.7396283,Ship-Water-Cloud-2.bmp,4480,1568
239.99329,13412.464,2.9085386e+08,7.9438868,-0.020385738,472.13174,1.9338532e+06,6.7269654,-0.23034671,540.6113,2.2145612e+06,6.7987967,0.05480957,99.66258,408230.25,6.7957954,Ship-Water-Cloud-2.bmp,4592,1568
251.5011,10224.832,3.009644e+08,8.0621395,0.3968506,526.3501,2.1565748e+06,6.625573,0.039916888,587.5352,2.4065508e+06,6.707547,-0.06286622,143.9015,589436.75,6.6936874,Ship-Water-Cloud-2.bmp,4704,1568
216.30884,8206.656,2.2526432e+08,8.050671,0.104003906,407.8509,1.6706015e+06,6.6036816,0.09252919,507.34875,2.0781355e+06,6.605892,0.17382812,118.891556,487103.5,6.5461645,Ship-Water-Cloud-2.bmp,4816,1568
297.47766,5606.6406,3.8543197e+08,8.206011,-0.32922363,154.66876,633967.25,6.574444,-0.015502796,164.28668,672919.25,6.129158,0.015502932,35.180733,144101.25,6.315111,Ship-Water-Cloud-2.bmp,4928,1568
206.78589,9719.659,2.1495834e+08,7.960015,0.6958008,27.692738,115412.5,7.2615204,0.3383789,29.988161,123300.5,7.0707526,0.02954102,4.9804506,20403.5,7.216784,Ship-Water-Cloud-2.bmp,5040,1568
142.60559,4740.342,1.0271415e+08,7.969734,0.3272705,19.717419,81201.25,7.3851557,0.38439944,21.916752,90376.25,7.406027,0.010375976,4.0116715,16432.25,7.5105352,Ship-Water-Cloud-2.bmp,5152,1568
101.98181,7214.798,7.21514e+07,7.5422993,-0.22497559,110.913445,454508.75,5.2621093,0.45959473,36.58046,150698.75,6.1985073,0.013061527,20.043226,82097.75,5.489225,Ship-Water-Cloud-2.bmp,5264,1568
120.68738,3132.456,7.249059e+07,7.9593635,0.31628418,50.7854,208426.75,7.005186,-0.31286624,38.35005,157482.75,6.9836736,0.05041504,14.762778,60478.75,7.134429,Ship-Water-Cloud-2.bmp,5376,1568
147.17944,2046.2627,9.710818e+07,8.141539,-0.15136719,86.678635,355129.5,7.0024586,-0.25488293,58.117283,238314.5,7.1512756,0.0075683612,27.593082,113021.5,7.2160206,Ship-Water-Cloud-2.bmp,5488,1568
147.93555,574.02014,9.199184e+07,8.265612,0.0546875,80.36554,329189.5,7.0997567,-0.027587898,71.31503,292109.5,7.088059,0.00024414062,29.974976,122777.5,7.290714,Ship-Water-Cloud-2.bmp,5600,1568
136.82556,972.71814,8.066643e+07,8.231596,0.12194824,172.29242,705770.75,7.1498117,-0.10437018,167.59158,686499.75,7.08753,-0.045288093,54.961754,225131.75,7.2334495,Ship-Water-Cloud-2.bmp,5712,1568
134.95251,1117.8346,7.917574e+07,8.215454,-0.18029785,240.87758,986767.75,7.2366824,-0.09655754,217.08926,889235.75,7.2423925,0.07092285,76.62308,313868.75,7.2495165,Ship-Water-Cloud-2.bmp,5824,1568
137.03625,692.95447,7.975686e+07,8.249422,-0.4185791,162.64114,666895.75,7.0450435,-0.00036621094,132.7143,543597.75,7.0823803,0.07019043,52.146866,213613.75,7.101734,Ship-Water-Cloud-2.bmp,5936,1568
184.76514,4602.741,1.5868272e+08,8.086166,0.30395508,253.27321,1.0377855e+06,6.8925366,-0.13769527,282.42328,1.1568835e+06,6.6889167,0.014404304,70.82878,290115.5,6.8623896,Ship-Water-Cloud-2.bmp,0,1680
196.88611,10116.443,2.0021485e+08,7.922022,0.032104492,490.65817,2.0097402e+06,6.626999,-0.33386227,461.92084,1.8924842e+06,6.854022,0.049438473,112.36578,460260.25,6.855483,Ship-Water-Cloud-2.bmp,112,1680
197.60071,11550.181,2.0724211e+08,7.868332,-0.27526855,787.792,3.2271062e+06,6.8683605,-0.1636963,603.56287,2.4723032e+06,6.8808026,0.059936523,171.0238,700528.25,6.9301515,Ship-Water-Cloud-2.bmp,224,1680
193.58154,11981.938,2.0257075e+08,7.8391724,-0.04003906,733.18005,3.003112e+06,7.023843,-0.20385745,815.07513,3.338718e+06,7.0529623,-0.037841808,205.58768,842093.0,7.029601,Ship-Water-Cloud-2.bmp,336,1680
233.10913,11523.645,2.6977696e+08,7.9763136,-0.13500977,603.8689,2.4735215e+06,6.914038,-0.08056632,556.4236,2.2791375e+06,6.8471794,-0.041015618,137.47574,563107.5,6.9366856,Ship-Water-Cloud-2.bmp,448,1680
201.81067,11928.619,2.1567965e+08,7.874711,0.4666748,826.7552,3.3872812e+06,6.938184,-0.015991226,617.00256,2.5272432e+06,6.877117,0.047241207,182.25296,746517.25,6.967016,Ship-Water-Cloud-2.bmp,560,1680
185.17236,8742.192,1.7625496e+08,7.913702,0.07958982,704.86273,2.8871435e+06,7.1557302,-0.14526357,667.3071,2.7333765e+06,7.096965,0.040283214,163.92136,671428.5,7.1255794,Ship-Water-Cloud-2.bmp,672,1680
186.32666,9163.932,1.7973885e+08,7.8992267,-0.17358398,822.54504,3.369268e+06,7.1911273,-0.23852536,769.31177,3.151334e+06,7.171315,-0.030273441,226.04231,925873.0,7.1496477,Ship-Water-Cloud-2.bmp,784,1680
194.97656,9428.676,1.9433283e+08,7.9240866,0.1015625,913.5003,3.7417395e+06,7.1402645,0.08105452,788.1505,3.2282915e+06,7.154977,0.12109373,226.56503,928070.5,7.1483088,Ship-Water-Cloud-2.bmp,896,1680
151.47327,5378.549,1.1600978e+08,7.925293,0.63586426,611.6416,2.5069402e+06,7.383604,-0.060913213,445.5928,1.8251632e+06,7.268958,-0.013061535,139.05212,569558.25,7.254132,Ship-Water-Cloud-2.bmp,1008,1680
161.35767,7181.5127,1.3606014e+08,7.882125,-0.48339844,714.1959,2.9263035e+06,7.1544857,-0.12939453,473.17453,1.9381915e+06,7.2159405,-0.020263672,141.0627,577794.5,7.1915936,Ship-Water-Cloud-2.bmp,1120,1680
203.41907,8695.48,2.0510637e+08,7.98456,-0.4522705,637.43164,2.6117578e+06,7.050395,0.06921391,603.4243,2.4716458e+06,7.1385293,-0.00183105,160.92133,659133.75,7.0697136,Ship-Water-Cloud-2.bmp,1232,1680
277.00427,8246.623,3.4806986e+08,8.1366205,-0.21618652,443.24054,1.8157048e+06,6.744083,-0.048461825,434.75394,1.7807618e+06,6.797794,-0.037475593,126.576416,518462.75,6.661924,Ship-Water-Cloud-2.bmp,1344,1680
395.03296,10182.988,6.808946e+08,8.206181,-0.4794922,89.25153,366516.0,6.417227,0.5129395,112.027176,459941.0,6.258039,0.011718756,30.14708,123483.0,6.161206,Ship-Water-Cloud-2.bmp,1456,1680
271.00488,15397.57,3.6389363e+08,7.9859495,0.96777344,381.69208,1.567247e+06,6.9085474,-0.09350607,382.6133,1.56722e+06,6.8474855,0.04418946,113.23999,463839.0,6.772757,Ship-Water-Cloud-2.bmp,1568,1680
229.7799,8387.0205,2.5061715e+08,8.048585,-0.2718506,547.7577,2.2439182e+06,6.9555163,0.4197998,473.70126,1.9410022e+06,7.042082,-0.07922363,156.03479,639144.25,6.9444337,Ship-Water-Cloud-2.bmp,1680,1680
226.08032,8918.047,2.4588435e+08,8.030892,0.46533203,674.8685,2.7651485e+06,7.0692115,-0.04296881,592.3928,2.4264485e+06,7.039361,-0.03735351,170.35004,697759.5,7.0616817,Ship-Water-Cloud-2.bmp,1792,1680
210.65955,8579.956,2.169135e+08,7.9944925,0.29016113,776.6616,3.1815508e+06,7.231493,0.35363784,725.85925,2.9736318e+06,7.2009706,-0.04748533,239.26965,980057.75,7.176153,Ship-Water-Cloud-2.bmp,1904,1680
192.52429,6987.978,1.8044346e+08,7.997219,-0.24353027,641.8071,2.6290848e+06,7.249096,0.2974854,544.5223,2.2307258e+06,7.223647,-0.011840817,160.65385,658038.75,7.244221,Ship-Water-Cloud-2.bmp,2016,1680
201.98279,6070.372,1.9196894e+08,8.061281,-0.0904541,561.7868,2.3011122e+06,7.176387,0.115112275,509.4939,2.0869412e+06,7.1313944,-0.0050048884,143.46414,587629.25,7.193261,Ship-Water-Cloud-2.bmp,2128,1680
185.82458,6116.321,1.6649051e+08,8.03124,-0.10803223,415.21558,1.7007708e+06,7.172026,0.060424626,531.2317,2.1759398e+06,7.038576,0.039916985,148.37872,607765.75,7.069605,Ship-Water-Cloud-2.bmp,2240,1680
97.81799,8568.345,7.428794e+07,7.3438463,0.6368408,234.50626,962198.75,6.2252455,0.421997,270.97467,1.1106418e+06,6.068624,-0.025756834,110.30445,451809.75,5.881365,Ship-Water-Cloud-2.bmp,2352,1680
61.295776,5639.0757,3.8487028e+07,6.5760884,-0.40515137,97.79698,401248.75,5.34963,-0.4344482,80.700356,331321.75,5.2562795,0.040405273,26.645763,109147.75,5.1923003,Ship-Water-Cloud-2.bmp,2464,1680
181.21716,17143.443,2.047308e+08,7.681267,-0.1138916,365.46036,1.4969788e+06,6.647101,-0.5164795,351.54544,1.4410228e+06,6.788569,-0.14685059,108.438095,444250.75,6.485643,Ship-Water-Cloud-2.bmp,2576,1680
239.58813,15766.267,2.9969917e+08,7.9415054,-0.31274414,247.78476,1.015327e+06,6.563534,-0.8332521,240.40921,987560.0,6.8824377,-0.037353516,61.54963,252113.0,6.5698853,Ship-Water-Cloud-2.bmp,2688,1680
342.8097,13004.949,5.3462397e+08,8.1488285,-0.63464355,150.04773,616245.25,6.357788,-0.688843,166.36711,683383.25,6.454628,-0.1072998,47.876,196147.25,6.156617,Ship-Water-Cloud-2.bmp,2800,1680
344.31628,9390.395,5.2405904e+08,8.185384,0.28308105,122.62463,502598.75,6.458735,0.35534647,108.44081,444690.75,6.5523443,-0.037231438,39.526142,161904.75,6.107154,Ship-Water-Cloud-2.bmp,2912,1680
221.58093,14656.485,2.6113882e+08,7.85437,0.49645996,269.4948,1.1048602e+06,6.770296,-0.5008546,294.03436,1.2053922e+06,6.784431,0.0670166,78.42062,321229.25,6.7020392,Ship-Water-Cloud-2.bmp,3024,1680
164.5592,5232.7666,1.3235199e+08,7.995376,-0.4281006,79.84291,327787.25,6.510455,-0.3082275,92.55423,379491.25,6.780195,0.015991207,22.402882,91763.25,6.6045284,Ship-Water-Cloud-2.bmp,3136,1680
297.89148,9678.313,4.0311866e+08,8.119148,-0.49328613,48.034805,197747.25,7.1467795,-0.01550284,35.969303,147331.25,7.2116604,0.005004883,13.01493,53309.25,7.064971,Ship-Water-Cloud-2.bmp,3248,1680
387.80652,8202.695,6.4961165e+08,8.223478,-0.35827637,35.444454,145706.25,6.714587,0.6043699,36.504425,151018.25,6.506649,-0.06140136,10.836623,44402.25,6.586116,Ship-Water-Cloud-2.bmp,3360,1680
390.49756,3899.1416,6.4056314e+08,8.269807,0.5227051,39.41806,162575.5,7.038015,-0.047851413,42.1597,172695.5,6.701805,-0.052978516,12.870118,52727.5,7.0264254,Ship-Water-Cloud-2.bmp,3472,1680
272.90002,4687.313,3.2424646e+08,8.205122,0.22058105,70.97154,290898.75,7.0111623,-0.23107913,99.843025,409175.75,6.8386292,-0.016967773,20.906145,85632.75,7.0825787,Ship-Water-Cloud-2.bmp,3584,1680
291.53796,7698.9473,3.7967187e+08,8.171078,0.23425293,337.7517,1.3836558e+06,5.8850627,-0.28894037,218.40546,894930.75,6.690443,-0.09020995,51.39683,210554.75,6.15344,Ship-Water-Cloud-2.bmp,3696,1680
251.6206,10670.842,3.030375e+08,8.053913,0.4086914,393.7949,1.613668e+06,6.672058,0.016845852,316.3403,1.295731e+06,6.935932,0.0095214825,76.1564,311937.0,6.8607497,Ship-Water-Cloud-2.bmp,3808,1680
260.55908,7475.517,3.087014e+08,8.127142,-0.051757812,537.8302,2.2029635e+06,6.592014,0.009277552,555.8418,2.2767285e+06,6.663598,-0.17626953,117.136536,479918.5,6.629937,Ship-Water-Cloud-2.bmp,3920,1680
298.05115,10319.212,4.0613354e+08,8.113518,-0.010864258,281.22455,1.1518962e+06,6.035633,-0.7381592,647.61096,2.6548462e+06,6.3189497,-0.023315433,77.53589,317589.25,6.105341,Ship-Water-Cloud-2.bmp,4032,1680
328.35132,11505.891,4.887367e+08,8.13522,-0.5769043,571.69055,2.3430075e+06,6.3635006,0.85449225,615.37274,2.5235575e+06,6.4882994,0.1274414,116.61424,477718.5,6.315052,Ship-Water-Cloud-2.bmp,4144,1680
303.40674,8083.987,4.1017197e+08,8.165302,0.83691406,559.8634,2.2960695e+06,6.418493,0.78881836,466.73972,1.9143145e+06,6.8394756,-0.03540038,137.84384,564613.5,6.4506426,Ship-Water-Cloud-2.bmp,4256,1680
230.78406,6779.778,2.4592818e+08,8.094222,0.11584473,474.94196,1.9454172e+06,6.6440277,0.35632324,268.98297,1.1022742e+06,6.557777,0.0460205,111.682755,457461.25,6.5832872,Ship-Water-Cloud-2.bmp,4368,1680
244.73914,10267.589,2.8739517e+08,8.025459,0.19836426,675.24817,2.7659778e+06,6.756331,-0.08312988,351.4137,1.4394188e+06,6.712365,0.10266113,116.59023,477596.75,6.8236527,Ship-Water-Cloud-2.bmp,4480,1680
193.43994,17295.031,2.241087e+08,7.7788715,0.21191406,415.9025,1.7037205e+06,6.511653,0.16284183,479.49216,1.9641085e+06,6.4009004,-0.010498051,72.33277,296275.5,6.5698957,Ship-Water-Cloud-2.bmp,4592,1680
63.51355,13388.002,7.136041e+07,6.632413,0.21447754,233.88644,958187.25,5.088916,0.79504395,211.0728,867143.25,5.688396,-0.01916504,52.726257,215968.25,5.533118,Ship-Water-Cloud-2.bmp,4704,1680
111.24524,16198.118,1.1703755e+08,7.304743,-0.88049316,408.20807,1.6751958e+06,6.0488176,0.33068848,328.80243,1.3472228e+06,5.973606,0.06921385,79.572296,325947.75,6.164272,Ship-Water-Cloud-2.bmp,4816,1680
273.4276,10615.635,3.497095e+08,8.07929,-0.6734619,388.6593,1.5938062e+06,6.6581497,0.35144058,398.086,1.6310662e+06,6.472989,0.13513184,99.57385,407929.25,6.4871025,Ship-Water-Cloud-2.bmp,4928,1680
189.46802,15359.668,2.0995194e+08,7.7969656,0.8937988,165.88533,682738.5,6.0172114,0.16870117,152.30174,623944.5,5.5263777,-0.043701164,38.517258,157774.5,5.746465,Ship-Water-Cloud-2.bmp,5040,1680
47.964478,3396.1006,2.333365e+07,7.019065,0.40270996,8.630854,36016.25,6.95263,0.5101319,10.391193,43628.25,6.9175606,-0.0032958975,2.2026868,9022.25,7.2556925,Ship-Water-Cloud-2.bmp,5152,1680
31.787964,3415.4321,1.8128514e+07,6.3335466,-0.44470215,50.77911,208801.25,4.8515525,0.34606934,17.151539,70743.25,5.4799647,-0.0008544922,9.0303335,36988.25,5.015626,Ship-Water-Cloud-2.bmp,5264,1680
197.99927,5363.0947,1.8254563e+08,8.125394,-0.6555176,128.70164,528922.0,6.223039,-0.078124925,63.48462,260058.0,6.540469,0.033691403,26.166098,107181.0,6.48347,Ship-Water-Cloud-2.bmp,5376,1680
241.83496,2022.578,2.4783555e+08,8.253468,-0.33813477,53.646408,220204.0,7.1596007,-0.06542975,39.83483,163181.0,7.1849127,0.046630856,20.084251,82274.0,7.2230034,Ship-Water-Cloud-2.bmp,5488,1680
191.22095,2438.7737,1.5976131e+08,8.1906185,0.54711914,85.46652,351297.0,7.043564,-0.07299808,56.227097,230328.0,7.1964254,0.06713867,26.16688,107198.0,7.2887816,Ship-Water-Cloud-2.bmp,5600,1680
142.94958,727.76056,8.668096e+07,8.250795,0.35021973,240.32553,984875.75,7.239688,-0.2796631,172.78574,708050.75,7.2022133,-0.018188478,67.88438,278055.75,7.24826,Ship-Water-Cloud-2.bmp,5712,1680
138.28516,943.34814,8.219088e+07,8.222422,0.1430664,323.8084,1.326403e+06,7.229369,-0.08129883,220.5505,903402.0,7.2594457,-0.052490234,90.261406,369722.0,7.302993,Ship-Water-Cloud-2.bmp,5824,1680
131.21057,487.50372,7.2514424e+07,8.261957,-0.24597168,161.41234,661392.75,6.9896116,-0.09265138,112.39906,460421.75,7.0831127,-0.020385744,51.005142,208918.75,7.1725626,Ship-Water-Cloud-2.bmp,5936,1680
222.74976,11305.824,2.4954173e+08,7.9870596,-0.050537113,631.6987,2.5874485e+06,6.839867,0.121337935,560.0113,2.2938665e+06,6.751033,0.070068344,141.5604,579851.5,6.7775164,Ship-Water-Cloud-2.bmp,0,1792
228.85632,14087.526,2.7223142e+08,7.9423327,-0.20471191,887.2071,3.6341718e+06,6.805944,0.24890143,484.93115,1.9865318e+06,6.923246,0.018920891,162.06793,663831.75,6.7941856,Ship-Water-Cloud-2.bmp,112,1792
246.11719,11217.117,2.9405504e+08,8.017486,0.14282228,811.3026,3.323179e+06,6.89202,-0.059814513,505.28574,2.069665e+06,7.002365,0.05126953,189.75519,777248.0,6.8793902,Ship-Water-Cloud-2.bmp,224,1792
212.64893,12353.373,2.3581877e+08,7.9053907,0.5498047,891.64233,3.653405e+06,6.984447,-0.008300789,732.94257,3.002133e+06,6.961035,-0.0498047,188.03242,770191.0,7.03868,Ship-Water-Cloud-2.bmp,336,1792
193.16821,12369.334,2.0350277e+08,7.8226004,-0.35595703,885.9999,3.6295745e+06,7.142868,0.456787,835.4272,3.4227645e+06,7.0993032,0.05664064,208.75058,855055.5,7.156253,Ship-Water-Cloud-2.bmp,448,1792
197.64868,12485.853,2.1115229e+08,7.844035,0.011962883,1052.8687,4.3125505e+06,7.008182,0.121337876,749.77954,3.0711575e+06,7.1261773,0.0046386607,194.94467,798493.5,7.088296,Ship-Water-Cloud-2.bmp,560,1792
179.88367,12902.113,1.8538597e+08,7.7587366,0.31652832,845.9469,3.4654088e+06,7.051201,-0.098754846,796.3949,3.2620738e+06,7.033482,-0.12731934,194.59213,797115.75,7.0743947,Ship-Water-Cloud-2.bmp,672,1792
185.37146,8369.407,1.750302e+08,7.941971,0.40026855,765.68176,3.1368888e+06,7.208929,-0.3096924,651.3877,2.6684768e+06,7.131583,-0.05480957,209.37169,857598.75,7.0934377,Ship-Water-Cloud-2.bmp,784,1792
179.58228,9697.543,1.7181629e+08,7.8719096,0.4038086,829.8091,3.399566e+06,7.141755,0.102050886,764.6541,3.132066e+06,7.029412,-0.16381839,234.5027,960633.0,7.034672,Ship-Water-Cloud-2.bmp,896,1792
199.27295,9906.458,2.032278e+08,7.9211044,0.020019539,693.7098,2.841437e+06,7.106848,-0.079834074,633.9055,2.596503e+06,7.0016556,0.024169937,199.21378,815982.0,7.0376897,Ship-Water-Cloud-2.bmp,1008,1792
204.96545,10083.785,2.1337958e+08,7.934697,0.22790527,728.2853,2.9832692e+06,7.0491476,-0.10803223,685.29596,2.8070202e+06,7.0475445,0.103637695,187.33746,767378.25,7.0839376,Ship-Water-Cloud-2.bmp,1120,1792
213.80127,10502.445,2.302502e+08,7.9539022,0.0126953125,801.8206,3.284258e+06,7.0513945,-0.13916022,691.932,2.834233e+06,7.0737166,0.11425781,195.87244,802347.0,7.098773,Ship-Water-Cloud-2.bmp,1232,1792
229.78333,11583.366,2.637158e+08,7.965803,0.23913574,1011.2471,4.1423022e+06,7.091484,0.5621338,825.1675,3.3811802e+06,7.084152,-0.017700192,240.26929,984144.25,7.0631485,Ship-Water-Cloud-2.bmp,1344,1792
229.02698,8824.025,2.5099214e+08,8.029441,0.05432129,737.5078,3.0208442e+06,7.14235,0.24694827,671.69836,2.7515262e+06,7.1003323,-0.027954102,197.71584,809847.25,7.019416,Ship-Water-Cloud-2.bmp,1456,1792
227.60999,7369.397,2.4238368e+08,8.073395,-0.1060791,632.49084,2.5907288e+06,7.126101,0.5535888,550.62756,2.2566258e+06,7.1411233,-0.03308105,151.23712,619471.75,7.1839266,Ship-Water-Cloud-2.bmp,1568,1792
178.70593,7326.705,1.6081926e+08,7.920762,0.50598145,460.7017,1.8880828e+06,6.8742194,0.19616695,379.27252,1.5536578e+06,6.9812818,0.08459473,122.92857,503544.75,6.919991,Ship-Water-Cloud-2.bmp,1680,1792
190.31287,6070.046,1.7321587e+08,8.026916,-0.42175293,504.59064,2.0675318e+06,7.0070786,0.24719243,426.49622,1.7471788e+06,7.0333104,0.0013427478,136.56952,559388.75,6.9881535,Ship-Water-Cloud-2.bmp,1792,1792
198.75854,5218.5703,1.8318758e+08,8.090219,0.03540039,515.16345,2.1101145e+06,7.079086,-0.2658691,376.31445,1.5416735e+06,7.1472597,0.07836915,130.23225,533456.5,7.102003,Ship-Water-Cloud-2.bmp,1904,1792
167.50134,8702.068,1.505639e+08,7.816415,-0.2166748,424.8058,1.7401968e+06,7.088174,-0.6832275,404.4897,1.6587018e+06,6.920388,0.21105956,134.12433,549555.75,6.9044385,Ship-Water-Cloud-2.bmp,2016,1792
237.42114,11477.952,2.779003e+08,7.9980316,0.14819336,479.82278,1.965444e+06,6.969228,0.055419974,511.81335,2.0964e+06,6.853422,-0.058837898,163.30145,668897.0,6.8065343,Ship-Water-Cloud-2.bmp,2128,1792
114.03088,11414.388,1.0001379e+08,7.3656373,0.6795654,256.17096,1.0511678e+06,6.348428,0.6820068,245.29874,1.00664875e+06,6.3506575,0.039672844,96.85506,396724.75,6.1311636,Ship-Water-Cloud-2.bmp,2240,1792
49.67505,2288.3296,1.948033e+07,6.8415327,-0.13208008,81.35157,333287.5,5.286067,-0.07226562,81.76126,334915.5,5.306544,0.0126953125,41.79244,171182.5,5.0660257,Ship-Water-Cloud-2.bmp,2352,1792
166.49487,13935.084,1.7062144e+08,7.7101007,-0.52612305,316.3708,1.2969885e+06,6.6937866,-0.03540039,328.34552,1.3449085e+06,6.6544824,0.17211914,118.38969,485045.5,6.57709,Ship-Water-Cloud-2.bmp,2464,1792
175.83984,8365.873,1.609135e+08,7.902954,0.3491211,240.63165,986126.5,6.739656,0.3469238,263.67053,1.0804875e+06,6.7785864,-0.03735352,75.217964,308098.5,6.7410016,Ship-Water-Cloud-2.bmp,2576,1792
246.38611,9899.496,2.8920058e+08,8.056645,-0.74157715,221.08624,907821.75,6.5235033,0.5157471,204.0445,836855.75,6.5793376,-0.02209472,40.94745,167722.75,6.4901733,Ship-Water-Cloud-2.bmp,2688,1792
295.23083,12978.7705,4.101735e+08,8.073967,-0.13098145,242.85606,994808.75,6.3392344,0.7989502,233.22244,957893.75,6.267788,0.103637695,79.99603,327707.75,6.1038365,Ship-Water-Cloud-2.bmp,2800,1792
306.67737,7798.8647,4.171771e+08,8.176462,-0.10192871,345.04755,1.4133572e+06,6.8666525,0.12390133,280.70322,1.1498232e+06,6.8017435,-0.119750984,106.61902,436770.25,6.5908666,Ship-Water-Cloud-2.bmp,2912,1792
345.6588,15618.537,5.533637e+08,8.108544,-0.045288086,433.34784,1.7750012e+06,6.81167,-0.38659677,296.44193,1.2148382e+06,6.6680584,-0.15759277,105.88245,433796.25,6.5423493,Ship-Water-Cloud-2.bmp,3024,1792
306.40247,17157.512,4.5481978e+08,8.028185,0.084350586,237.93996,974631.25,6.423176,-1.0826416,237.5826,977939.25,6.4388547,-0.035034176,79.66778,326324.25,6.1782994,Ship-Water-Cloud-2.bmp,3136,1792
383.19678,3925.5134,6.175346e+08,8.267088,-0.18798828,40.30243,165223.5,6.976821,-0.543701,39.90934,164679.5,6.7272673,0.034423828,12.587072,51561.5,6.884532,Ship-Water-Cloud-2.bmp,3248,1792
382.0415,3523.5244,6.122669e+08,8.272327,0.22143555,75.58097,309780.5,6.104007,-0.4436035,57.01452,234337.5,6.1426983,-0.05810547,19.078533,78159.5,6.2889366,Ship-Water-Cloud-2.bmp,3360,1792
388.32556,2095.5107,6.2624666e+08,8.291425,0.011840824,40.407146,165508.25,7.03665,0.164673,32.565964,133501.27,7.0569315,-0.016723631,14.228785,58282.25,6.9225845,Ship-Water-Cloud-2.bmp,3472,1792
290.24536,5182.202,3.6628307e+08,8.207516,0.44091797,71.53973,293823.0,6.8936157,-0.019775338,116.51426,477244.0,6.4108047,0.025390625,24.412197,99995.0,6.853569,Ship-Water-Cloud-2.bmp,3584,1792
270.04358,2544.9053,3.0911872e+08,8.250898,0.1439209,39.93931,163676.25,6.9451237,0.312622,61.439438,252056.25,6.776455,0.07312012,12.8155155,52514.25,7.109053,Ship-Water-Cloud-2.bmp,3696,1792
254.54016,4187.6406,2.8253526e+08,8.198093,0.2952881,29.963646,123088.25,7.182537,0.19396964,46.83109,191974.25,6.905877,0.010620113,9.225779,37789.25,7.0628805,Ship-Water-Cloud-2.bmp,3808,1792
218.4043,5368.089,2.1736867e+08,8.115654,0.22192383,84.38104,345826.5,6.6139045,0.11376943,169.0951,692666.5,6.602265,0.01586914,23.311394,95484.5,6.8966913,Ship-Water-Cloud-2.bmp,3920,1792
194.77795,6954.95,1.8388336e+08,8.006607,0.0435791,102.404175,419455.25,6.714337,-0.27062997,279.31625,1.1443792e+06,6.8237057,-0.050415043,33.20333,136011.25,6.9658256,Ship-Water-Cloud-2.bmp,4032,1792
208.27197,7732.339,2.0934474e+08,7.991466,0.13671875,121.16477,496367.5,6.3595247,-0.123046875,511.90787,2.0968365e+06,6.4612255,-0.040527344,37.39155,153162.5,6.7045135,Ship-Water-Cloud-2.bmp,4144,1792
219.64026,8112.117,2.3082582e+08,8.022843,0.13049316,128.39075,525958.25,6.614146,0.51672363,603.86096,2.4745082e+06,6.6782036,-0.015014641,39.288654,160927.25,6.884728,Ship-Water-Cloud-2.bmp,4256,1792
241.13672,9774.927,2.7820787e+08,8.010734,0.037109382,275.82532,1.129786e+06,6.4528866,0.20190436,583.2012,2.388959e+06,6.6057777,-0.054443363,87.28951,357550.0,6.5875607,Ship-Water-Cloud-2.bmp,4368,1792
217.16919,11808.552,2.4154525e+08,7.891672,0.4567871,624.2245,2.557678e+06,6.7839336,0.20727538,360.89893,1.478418e+06,6.7277756,-0.047607414,131.1591,537237.0,6.813983,Ship-Water-Cloud-2.bmp,4480,1792
121.92554,18948.926,1.3850526e+08,7.25849,0.6171875,374.37933,1.535018e+06,6.095084,0.18115234,218.99329,897131.0,6.041745,0.023193363,41.238472,168915.0,6.4459057,Ship-Water-Cloud-2.bmp,4592,1792
6.4310303,175.73639,889219.25,5.4521255,-0.06213379,3.0045013,12322.25,4.7113566,-0.10144044,2.1960697,9037.25,4.703556,0.007446288,1.1240292,4604.25,5.6153784,Ship-Water-Cloud-2.bmp,4704,1792
45.404785,5315.274,3.0215654e+07,6.587017,-0.640625,106.52759,438018.0,4.834589,-0.037109405,54.88437,224812.0,4.619358,-0.06005859,19.175592,78558.0,4.7482624,Ship-Water-Cloud-2.bmp,4816,1792
239.55847,13394.827,2.8992755e+08,7.9595995,-0.8560791,446.2429,1.8308128e+06,6.64446,0.29040518,356.9046,1.4622268e+06,6.6147075,-0.0010986272,84.77899,347254.75,6.7467275,Ship-Water-Cloud-2.bmp,4928,1792
201.26135,12223.249,2.1597954e+08,7.9796777,0.6497803,237.70688,975376.75,6.2852116,-0.22717291,135.84824,556645.75,6.1242514,0.057739273,41.74978,171020.75,6.3606815,Ship-Water-Cloud-2.bmp,5040,1792
20.035156,1629.7095,8.319455e+06,6.0589294,0.3046875,30.318296,124564.0,4.0294724,-0.08251953,6.426052,26349.0,5.6714253,0.029296875,3.8707242,15858.0,4.4115305,Ship-Water-Cloud-2.bmp,5152,1792
20.517944,3578.492,1.6381861e+07,5.525018,-0.31188965,20.593582,84749.75,4.2795663,-0.41809082,39.731388,163455.75,4.086257,0.0059814462,6.503077,26636.75,4.057992,Ship-Water-Cloud-2.bmp,5264,1792
243.43738,12177.314,2.9261443e+08,8.061868,-0.7581787,74.384575,307033.75,6.156412,-0.36096203,49.186295,202000.75,5.8548627,0.008911136,14.724713,60312.75,6.0312147,Ship-Water-Cloud-2.bmp,5376,1792
197.85205,3109.4985,1.7307621e+08,8.165205,0.35620117,85.5721,351023.0,7.060762,0.08203125,63.034775,258218.0,7.1890097,0.03295898,26.163465,107170.0,7.2282186,Ship-Water-Cloud-2.bmp,5488,1792
150.78625,1057.1792,9.745889e+07,8.235389,0.2454834,150.97557,618642.75,7.10629,0.07556158,98.97031,405405.75,7.134625,-0.05895996,41.017212,168020.75,7.2758417,Ship-Water-Cloud-2.bmp,5600,1792
142.0094,710.11035,8.55113e+07,8.248708,0.3812256,241.50098,989783.25,7.1251774,0.062133804,140.74498,576507.25,7.2050447,0.0081787035,73.46973,300932.25,7.164459,Ship-Water-Cloud-2.bmp,5712,1792
140.22913,758.56146,8.365166e+07,8.241225,-0.12609863,237.40738,972485.75,7.087889,-0.0777588,155.6997,637770.75,7.102645,-0.07702637,72.132675,295479.75,7.210799,Ship-Water-Cloud-2.bmp,5824,1792
123.07898,168.39995,6.2737756e+07,8.295327,-0.115356445,63.352844,259547.75,7.0069494,-0.054077204,47.896187,196194.75,7.0746694,0.008911131,21.607283,88503.75,7.242922,Ship-Water-Cloud-2.bmp,5936,1792
267.43262,13944.326,3.5006272e+08,8.025482,-0.38793945,474.25174,1.9431515e+06,6.6429768,-0.12084964,350.61514,1.4361795e+06,6.7662973,0.051757824,96.10487,393656.5,6.737359,Ship-Water-Cloud-2.bmp,0,1904
229.86865,11047.979,2.616835e+08,8.005276,-0.40014648,609.49255,2.4971375e+06,6.6084547,-0.19213873,464.90292,1.9043935e+06,6.7368574,0.07519531,128.80063,527590.5,6.7185926,Ship-Water-Cloud-2.bmp,112,1904
207.99133,11234.333,2.232104e+08,7.919778,0.34313965,545.131,2.2333388e+06,6.636342,0.29675287,454.87326,1.8635218e+06,6.76521,0.100708015,124.474174,509887.75,6.770047,Ship-Water-Cloud-2.bmp,224,1904
213.09766,13069.175,2.3953322e+08,7.8965816,-0.18676758,771.7765,3.1613395e+06,6.761462,-0.4602051,574.7173,2.3549095e+06,6.933858,0.019042956,157.12134,643570.5,6.8127103,Ship-Water-Cloud-2.bmp,336,1904
179.28381,10290.744,1.7380733e+08,7.8427944,0.19274902,874.18604,3.5808182e+06,7.2039833,-0.23522948,805.76013,3.3006202e+06,7.1843996,-0.01916504,212.06683,868627.25,7.1423755,Ship-Water-Cloud-2.bmp,448,1904
184.77551,11013.789,1.8495808e+08,7.8309445,0.2659912,1023.39453,4.1921138e+06,7.1162214,-0.017211974,819.1952,3.3554248e+06,7.1705446,0.026489265,235.65256,965235.75,6.980296,Ship-Water-Cloud-2.bmp,560,1904
191.33105,12236.848,2.0006675e+08,7.817511,-0.2043457,937.5853,3.8405205e+06,7.0014477,-0.38623038,710.60095,2.9112325e+06,7.0904636,-0.026611326,203.15054,832107.5,6.995735,Ship-Water-Cloud-2.bmp,672,1904
225.16516,12404.136,2.5847187e+08,7.9358387,0.016235352,772.6802,3.1648992e+06,7.0647917,-0.041625977,647.7376,2.6531402e+06,7.073003,-0.018676765,196.0212,802904.25,7.014902,Ship-Water-Cloud-2.bmp,784,1904
198.1167,12473.433,2.118601e+08,7.859438,-0.15307617,709.8669,2.907711e+06,7.086529,0.19873051,825.98315,3.383389e+06,6.9592867,-0.021728504,224.39453,919122.0,6.993153,Ship-Water-Cloud-2.bmp,896,1904
215.47485,13439.01,2.4522107e+08,7.877713,0.1171875,937.71814,3.84095e+06,7.1481857,0.3710937,913.6926,3.743049e+06,6.978072,0.2409668,260.159,1.065849e+06,7.1083555,Ship-Water-Cloud-2.bmp,1008,1904
186.96643,7122.303,1.7235456e+08,7.9692383,0.6956787,739.73083,3.0319198e+06,7.2882977,-0.048950225,599.2632,2.4545918e+06,7.1709394,0.17785645,189.44366,776090.75,7.1542625,Ship-Water-Cloud-2.bmp,1120,1904
200.22107,8015.5117,1.9703394e+08,7.9845686,-0.056518555,867.6529,3.5539192e+06,7.1811614,-0.22009273,727.02484,2.9780922e+06,7.18858,-0.014770489,199.23276,816058.25,7.1886287,Ship-Water-Cloud-2.bmp,1232,1904
146.78833,7338.9287,1.18316e+08,7.7874618,0.89624023,553.1217,2.2688765e+06,6.954124,-0.1806641,479.95013,1.9660095e+06,6.9670043,-0.06689452,128.13065,524841.5,6.992956,Ship-Water-Cloud-2.bmp,1344,1904
189.79236,10348.625,1.8993056e+08,7.873679,-0.2689209,713.6902,2.9235712e+06,7.072564,-0.24255385,612.9056,2.5107022e+06,7.083992,-0.14660645,194.17,795408.25,6.9066596,Ship-Water-Cloud-2.bmp,1456,1904
164.99316,10180.885,1.5320526e+08,7.7729163,0.2993164,542.25635,2.221449e+06,7.0869694,0.62988275,476.42795,1.953074e+06,6.979384,-0.044433594,137.6965,564013.0,6.96048,Ship-Water-Cloud-2.bmp,1568,1904
113.30701,10013.501,9.3601704e+07,7.344541,0.115356445,383.44427,1.5706422e+06,6.6546125,0.61120605,301.20486,1.2352652e+06,6.5897474,0.20666504,88.88313,364240.25,6.701702,Ship-Water-Cloud-2.bmp,1680,1904
194.42102,12929.497,2.0778611e+08,7.82388,-0.9998779,244.39046,1.00511825e+06,6.6429114,0.39196777,187.65453,769262.25,6.7517753,0.072631836,61.528477,252042.25,6.6804214,Ship-Water-Cloud-2.bmp,1792,1904
297.9525,3781.0552,3.7911248e+08,8.237906,-0.056274414,150.05843,614652.25,6.9839425,0.04626456,139.64783,572006.25,6.832801,-0.023071287,52.838394,216428.25,6.697186,Ship-Water-Cloud-2.bmp,1904,1904
245.65625,14823.882,3.078999e+08,7.939268,0.18164062,345.9989,1.4173465e+06,6.6129637,0.43994138,388.43378,1.5918175e+06,6.450407,0.087890625,119.97947,491467.5,6.5104666,Ship-Water-Cloud-2.bmp,2016,1904
144.36194,9925.316,1.2601625e+08,7.619975,0.5794678,212.6948,872573.25,6.2726994,0.8717042,178.58466,734595.25,6.3682914,0.048706047,60.729862,248759.25,6.270359,Ship-Water-Cloud-2.bmp,2128,1904
64.3324,1828.8789,2.4443028e+07,7.601456,0.17443848,33.37588,136832.25,5.365473,-0.07067872,28.34492,116121.25,5.6728907,-0.0333252,7.432788,30449.25,5.8271275,Ship-Water-Cloud-2.bmp,2240,1904
107.78015,6366.715,7.365949e+07,7.5854745,-0.23132324,264.70557,1.0844532e+06,6.727458,-0.13537595,266.91534,1.0933602e+06,6.6796913,0.058715813,76.57596,313669.25,6.769254,Ship-Water-Cloud-2.bmp,2352,1904
159.5824,6704.8413,1.3177398e+08,7.941313,-0.06872557,299.88965,1.2283672e+06,6.622282,-0.2476807,277.7732,1.1380102e+06,6.726408,0.26965332,94.108505,385766.25,6.6771293,Ship-Water-Cloud-2.bmp,2464,1904
162.76929,4845.673,1.2836665e+08,7.9881525,0.1459961,140.37604,575067.5,6.4782057,-0.04248047,138.62772,567826.5,6.429105,0.18579102,55.400173,227060.5,6.3245783,Ship-Water-Cloud-2.bmp,2576,1904
237.98706,9755.41,2.7194675e+08,8.045455,-0.7180176,182.0971,747981.5,6.3347096,-0.1398925,156.10872,639501.5,6.3695335,0.058349617,64.19374,262951.5,5.9443326,Ship-Water-Cloud-2.bmp,2688,1904
290.71387,10825.318,3.905121e+08,8.110093,0.20922852,269.16803,1.1026915e+06,6.412028,-0.40380853,243.64882,998653.5,6.316716,0.10180664,74.833755,306561.5,6.124641,Ship-Water-Cloud-2.bmp,2800,1904
248.18164,5630.729,2.7535302e+08,8.15169,0.10180664,144.18445,590622.0,6.5452147,0.5288086,129.77432,532701.0,6.389121,-0.031005858,44.30812,181490.0,6.103034,Ship-Water-Cloud-2.bmp,2912,1904
251.10986,13387.293,3.131124e+08,7.9742165,-0.41064453,427.9135,1.7534245e+06,6.847382,0.06738281,346.69186,1.4200685e+06,6.9740086,0.011230469,124.842285,511354.5,6.8798656,Ship-Water-Cloud-2.bmp,3024,1904
409.745,13177.197,7.416552e+08,8.19315,-0.5819092,563.93335,2.3112582e+06,6.7819457,-0.20910645,455.8985,1.8675392e+06,6.7503757,-0.092651375,168.22684,689092.25,6.731903,Ship-Water-Cloud-2.bmp,3136,1904
371.84436,17886.137,6.396083e+08,8.1291895,0.51623535,223.79605,917760.25,6.474129,0.6385499,202.69583,831912.25,6.4207306,-0.06750488,72.09364,295314.25,6.2230873,Ship-Water-Cloud-2.bmp,3248,1904
318.1787,7783.1953,4.4654957e+08,8.178803,0.32495117,78.58251,322306.5,6.7381754,0.6833497,65.11421,268620.5,6.7882085,0.042968746,20.737286,84947.5,6.994502,Ship-Water-Cloud-2.bmp,3360,1904
268.61914,7050.792,3.24432e+08,8.14653,-0.017822266,43.858932,179647.5,7.0582137,0.5998536,38.295082,158330.5,7.16293,0.013671882,14.6513,60012.5,7.2292027,Ship-Water-Cloud-2.bmp,3472,1904
266.3435,5183.5957,3.117976e+08,8.187876,0.0925293,50.817245,208182.5,6.869746,0.16210938,38.36471,157249.5,7.1219506,0.012207031,14.669165,60085.5,7.0950375,Ship-Water-Cloud-2.bmp,3584,1904
190.17688,1645.1287,1.5487949e+08,8.226753,0.33312988,33.878464,139220.75,7.009616,0.12219238,26.846827,110025.75,7.0677814,0.01965332,9.474895,38810.75,7.3723974,Ship-Water-Cloud-2.bmp,3696,1904
145.0033,1689.3978,9.304209e+07,8.170962,-0.03552246,54.735252,224200.75,7.059308,0.21374513,44.92276,184190.75,7.059696,0.017700193,15.360222,62916.75,7.2053585,Ship-Water-Cloud-2.bmp,3808,1904
185.1228,2024.2264,1.48663e+08,8.208424,-0.37182617,50.718067,208307.5,7.2475166,0.049072236,44.474762,182178.5,7.1824484,0.0012207013,14.8477745,60816.5,7.2887363,Ship-Water-Cloud-2.bmp,3920,1904
174.88245,2173.9888,1.3417619e+08,8.177929,0.33215332,25.651087,105518.75,7.4333076,-0.18908697,20.140944,82643.75,7.4575577,-0.003540039,9.805836,40164.75,7.479375,Ship-Water-Cloud-2.bmp,4032,1904
142.37585,196.1995,8.3833176e+07,8.298298,0.052368164,28.347784,116123.75,7.4421744,0.039917007,25.64849,105062.75,7.3813753,-0.032592773,10.574316,43316.75,7.4743705,Ship-Water-Cloud-2.bmp,4144,1904
143.01733,430.5146,8.55428e+07,8.274675,0.07299805,36.347454,148901.0,7.3158894,0.13574222,43.199837,177022.0,7.032222,-0.057128903,13.158847,53912.0,7.4403806,Ship-Water-Cloud-2.bmp,4256,1904
150.91113,4605.6504,1.1214774e+08,7.958531,0.12792969,183.37563,751173.5,6.682963,0.3737793,190.65118,781479.5,6.7074018,0.010009762,52.183617,213744.5,6.7136955,Ship-Water-Cloud-2.bmp,4368,1904
204.73364,4751.5557,1.9114976e+08,8.115208,-0.21386719,649.0466,2.658682e+06,6.713445,0.22680661,190.23763,779424.0,7.0198183,0.07519531,146.43796,599833.0,6.75879,Ship-Water-Cloud-2.bmp,4480,1904
154.20276,15560.337,1.6113184e+08,7.608504,1.0379639,357.43744,1.4684768e+06,6.4626775,-0.43786618,176.35681,723142.75,6.5873365,-0.055297848,56.475395,231335.75,6.7304974,Ship-Water-Cloud-2.bmp,4592,1904
11.500977,460.82556,2.4293295e+06,5.5510073,0.01928711,28.374504,116223.5,3.3601956,-0.030029299,7.2743664,29799.5,3.7399688,-0.0024414072,3.6932316,15127.5,4.1564794,Ship-Water-Cloud-2.bmp,4704,1904
46.65332,3499.7432,2.3250024e+07,7.0634356,-0.32910156,23.867403,98204.5,5.523797,0.28637695,10.744526,44345.5,6.6277704,-0.025634766,3.1642597,12963.5,6.055172,Ship-Water-Cloud-2.bmp,4816,1904
209.63977,8467.761,2.1469837e+08,8.037726,-0.4703369,120.13529,492980.25,6.30462,0.20983884,121.45969,497679.25,6.282414,-0.03112793,24.42805,100061.25,6.3815618,Ship-Water-Cloud-2.bmp,4928,1904
218.22827,3928.7993,2.1115853e+08,8.178926,-0.07543945,158.40056,648832.0,6.5858965,0.28906247,71.97235,295141.0,6.6052127,-0.017089842,24.924515,102092.0,6.635804,Ship-Water-Cloud-2.bmp,5040,1904
161.32056,13278.504,1.6098438e+08,7.831111,0.20727539,105.31287,431537.5,5.689418,-0.71923834,94.23428,388102.5,6.0747566,-0.0053710956,21.502289,88073.5,6.013499,Ship-Water-Cloud-2.bmp,5152,1904
219.16687,13174.056,2.5070867e+08,7.986541,-0.49230957,63.754395,262130.75,6.4744625,-0.5560304,94.93027,390100.75,6.364934,-0.0321045,16.134895,66092.75,6.68657,Ship-Water-Cloud-2.bmp,5264,1904
242.74695,4740.5146,2.6077837e+08,8.169522,0.46325684,46.146168,189893.75,7.0751686,0.27941895,49.0808,201354.75,7.107869,-0.024780273,15.014948,61503.75,7.2975717,Ship-Water-Cloud-2.bmp,5376,1904
172.08777,1653.5914,1.2807288e+08,8.201487,0.30187988,55.39843,227285.25,7.408367,0.23034671,42.48997,174256.25,7.342611,-0.020874023,19.755728,80921.25,7.4805765,Ship-Water-Cloud-2.bmp,5488,1904
144.90454,401.6165,8.765007e+07,8.281366,-0.05444336,95.29134,390325.5,7.399726,-0.07202148,60.596985,248226.5,7.3149757,0.027099611,30.57922,125255.5,7.3946676,Ship-Water-Cloud-2.bmp,5600,1904
137.86084,322.2552,7.916694e+07,8.28435,0.0847168,99.6326,408124.5,7.280709,-0.13916025,77.4207,317194.5,7.3764105,-0.004638672,43.4918,178142.5,7.296133,Ship-Water-Cloud-2.bmp,5712,1904
140.34644,489.70215,8.268523e+07,8.268985,0.1184082,157.9209,646901.5,7.2650166,0.060791038,108.45125,444231.5,7.3175864,-0.13598633,59.68695,244553.5,7.312198,Ship-Water-Cloud-2.bmp,5824,1904
130.55273,355.04388,7.126655e+07,8.2762375,-0.0051269457,106.36666,435678.0,7.109676,0.020751923,76.77594,314476.0,7.1410666,0.052246097,32.599075,133537.0,7.2505236,Ship-Water-Cloud-2.bmp,5936,1904
351.05383,11870.49,5.534076e+08,8.155273,-0.13391113,117.27022,480412.25,6.525278,-0.1619873,91.303406,374086.25,6.5807066,-0.0054931603,24.548613,100551.25,6.4552884,Ship-Water-Cloud-2.bmp,0,2016
281.02686,13266.614,3.7782614e+08,8.069685,0.2692871,511.85193,2.0968425e+06,6.4287453,-0.2558593,301.71393,1.2360885e+06,6.5094633,0.052490234,104.4207,427718.5,6.401298,Ship-Water-Cloud-2.bmp,112,2016
223.54712,10961.484,2.4958893e+08,7.9851236,0.12817383,695.8245,2.8501645e+06,6.66197,-0.090332106,473.8011,1.9407225e+06,6.929991,0.05615236,159.90175,654970.5,6.737053,Ship-Water-Cloud-2.bmp,224,2016
207.59045,11963.799,2.255159e+08,7.8960376,0.13903809,665.0304,2.7240438e+06,7.0540237,0.23425287,625.56616,2.5625438e+06,7.113613,0.0020751953,169.72675,695200.75,7.050545,Ship-Water-Cloud-2.bmp,336,2016
194.67468,9884.238,1.95717e+08,7.909107,-0.42736816,808.02246,3.3104082e+06,7.2261605,0.16857915,809.99457,3.3178542e+06,7.1223555,0.06506347,222.06808,909608.25,7.089425,Ship-Water-Cloud-2.bmp,448,2016
190.3722,8468.858,1.8313392e+08,7.9558744,-0.47790527,798.6761,3.2723128e+06,7.209032,-0.27893066,732.42676,3.0003388e+06,7.173832,-0.027954092,218.92836,896733.75,7.089363,Ship-Water-Cloud-2.bmp,560,2016
206.27332,10470.473,2.1716645e+08,7.9286976,0.38293457,716.9208,2.9371082e+06,6.96632,-0.27282715,617.7291,2.5305232e+06,7.0208716,0.14343262,198.50122,813145.25,6.9369664,Ship-Water-Cloud-2.bmp,672,2016
195.91907,12731.502,2.0937024e+08,7.8241205,0.54455566,790.58405,3.2394468e+06,7.0315976,0.7279053,745.14124,3.0542688e+06,6.9439654,-0.069458015,222.59521,911769.75,6.922305,Ship-Water-Cloud-2.bmp,784,2016
201.21802,12643.025,2.1762752e+08,7.859475,-0.2019043,855.86487,3.5057895e+06,7.077253,0.10839845,754.4369,3.0902215e+06,6.920394,-0.049804673,275.08603,1.1267625e+06,6.8982677,Ship-Water-Cloud-2.bmp,896,2016
210.11182,9488.459,2.1969074e+08,7.963093,0.23339844,790.1116,3.23652e+06,7.1984653,0.18066409,704.4334,2.885493e+06,7.0663886,-0.0024414137,198.719,813953.0,7.166507,Ship-Water-Cloud-2.bmp,1008,2016
200.44519,8376.326,1.9887965e+08,7.965048,-0.119262695,745.8794,3.0551802e+06,7.240122,-0.21179202,602.2606,2.4670432e+06,7.1907253,0.025512695,188.1952,770850.25,7.2217116,Ship-Water-Cloud-2.bmp,1120,2016
186.26538,9545.277,1.8120731e+08,7.8839717,-0.1989746,719.5317,2.947364e+06,7.1073475,0.3039551,659.7191,2.702588e+06,7.082151,-0.037353516,180.04547,737472.0,7.1595,Ship-Water-Cloud-2.bmp,1232,2016
204.86304,7753.88,2.0366435e+08,8.002876,0.22192383,766.22253,3.1386495e+06,7.2232866,0.23583981,701.5221,2.8736625e+06,7.1999273,-0.11865237,207.56198,850231.5,7.1474614,Ship-Water-Cloud-2.bmp,1344,2016
240.19739,7326.39,2.6632674e+08,8.10681,-0.13098145,477.30676,1.9551188e+06,6.835387,-0.04675293,345.64496,1.4157708e+06,6.907262,0.031616203,125.281654,513157.75,6.8554416,Ship-Water-Cloud-2.bmp,1456,2016
176.90076,9018.879,1.6512106e+08,7.89913,0.6483154,183.16544,751967.25,6.947896,-0.24108884,153.45708,628798.25,6.964827,-0.080444336,43.48553,178143.25,7.0444646,Ship-Water-Cloud-2.bmp,1568,2016
120.0697,10519.768,1.021399e+08,7.368907,-0.5579834,72.583984,298579.25,7.1493006,-0.85192865,68.91734,285258.25,7.112606,-0.05822754,18.989101,77793.25,7.250392,Ship-Water-Cloud-2.bmp,1680,2016
264.5028,26752.879,3.9614307e+08,7.792889,-0.5626221,42.760296,176442.75,6.9967976,-1.3834229,43.92568,187758.75,7.1699195,-0.041625977,11.247231,46075.75,7.201428,Ship-Water-Cloud-2.bmp,1792,2016
321.22205,13519.6875,4.7801667e+08,8.092848,-0.10119629,105.019485,430201.75,6.69315,-0.6776123,82.31544,339044.75,6.8831797,0.049438477,25.1181,102893.75,6.708306,Ship-Water-Cloud-2.bmp,1904,2016
137.81787,10518.502,1.2088226e+08,7.5611935,1.1098633,61.84193,258350.0,6.3014436,0.14379884,47.884354,196219.0,6.2152677,-0.05493164,12.064364,49428.0,6.503921,Ship-Water-Cloud-2.bmp,2016,2016
68.08508,1321.0261,2.4398252e+07,7.7542353,-0.22546387,60.312508,247248.25,5.1487107,-0.06262211,46.07085,188722.25,5.3898735,-0.000610352,10.695373,43808.25,5.8589,Ship-Water-Cloud-2.bmp,2128,2016
124.76831,8014.782,9.659152e+07,7.63079,-0.52978516,344.79807,1.4134425e+06,6.466187,-0.35009766,323.9391,1.3273565e+06,6.682846,-0.04663087,92.52042,378972.5,6.5794783,Ship-Water-Cloud-2.bmp,2240,2016
154.45056,6734.1265,1.2529296e+08,7.9238815,0.07824707,460.94794,1.8880678e+06,6.8172274,-0.08850101,392.90106,1.6093548e+06,6.9475965,0.103637695,128.16278,524998.75,6.99309,Ship-Water-Cloud-2.bmp,2352,2016
188.86792,7560.3086,1.770758e+08,7.9647417,0.12841797,478.61414,1.960471e+06,6.6381545,-0.44604492,389.44604,1.595986e+06,6.783868,-0.026367176,134.55984,551160.0,6.811314,Ship-Water-Cloud-2.bmp,2464,2016
244.64294,7370.672,2.7533658e+08,8.098759,-0.21203613,275.4279,1.1283368e+06,6.585494,-0.20935051,288.08258,1.1801658e+06,6.57777,0.028442375,119.25524,488472.75,6.3226857,Ship-Water-Cloud-2.bmp,2576,2016
283.44727,9330.982,3.6730198e+08,8.11997,-0.55688477,186.7608,766242.5,6.3798943,-0.35009766,186.7445,765407.5,6.1988764,0.07836914,67.524254,276604.5,6.074114,Ship-Water-Cloud-2.bmp,2688,2016
380.2339,12022.032,6.4143296e+08,8.187564,0.20092773,127.19412,521152.5,6.0382886,0.21215816,134.92189,552824.5,5.875082,0.18261719,49.942604,204701.5,5.7323623,Ship-Water-Cloud-2.bmp,2800,2016
240.39941,8389.083,2.7107725e+08,8.086364,0.56518555,244.27968,1.001878e+06,6.629774,0.100585945,215.23012,881624.0,6.569268,-0.0949707,80.66774,330452.0,6.3977222,Ship-Water-Cloud-2.bmp,2912,2016
351.083,21066.816,5.911597e+08,8.0685215,-1.2753906,250.45958,1.032545e+06,6.493033,-0.89550793,224.992,924852.0,6.586171,0.05078125,96.71129,396140.0,6.221588,Ship-Water-Cloud-2.bmp,3024,2016
395.24658,15549.227,7.0356614e+08,8.168937,0.48779297,189.93637,778954.0,6.1545844,-0.15795895,145.2397,595004.0,6.308961,-0.05883789,65.68941,269078.0,5.850111,Ship-Water-Cloud-2.bmp,3136,2016
304.33276,9586.0205,4.1862944e+08,8.142218,0.06640625,177.9183,728771.5,6.915698,-0.45605457,134.4474,551548.5,7.0089884,-0.017333988,42.758614,175140.5,6.976165,Ship-Water-Cloud-2.bmp,3248,2016
260.10352,11142.048,3.2274797e+08,8.023066,0.6020508,308.0284,1.263169e+06,6.533952,-0.10156247,159.89178,654959.0,6.6703987,-0.004394533,77.32175,316710.0,6.548195,Ship-Water-Cloud-2.bmp,3360,2016
213.23718,3587.0977,2.0093827e+08,8.185651,-0.11584473,55.509834,227423.25,7.2022867,0.13537598,40.246628,164925.25,7.2390976,-0.0028076172,17.494192,71656.25,7.3061996,Ship-Water-Cloud-2.bmp,3472,2016
248.3418,3462.0312,2.6679574e+08,8.215823,-0.107666016,37.371223,153120.0,7.321349,0.39721683,29.37591,120970.0,7.291955,-0.021484375,11.105005,45488.0,7.418727,Ship-Water-Cloud-2.bmp,3584,2016
215.51184,4559.3765,2.0891536e+08,8.134542,0.2208252,71.994995,295091.25,6.8411856,0.022338912,61.310356,251129.25,6.8207254,-0.055297855,16.685966,68358.25,7.1982555,Ship-Water-Cloud-2.bmp,3696,2016
165.42896,740.4285,1.1512696e+08,8.2665,0.04663086,84.387726,345661.0,7.0488505,0.076416075,65.40969,267942.0,7.0954323,-0.02856445,22.704262,93000.0,7.2758207,Ship-Water-Cloud-2.bmp,3808,2016
183.92322,3427.021,1.5259555e+08,8.131779,-0.32556152,72.868675,298904.25,6.9164124,0.08605961,68.5825,280944.25,7.0216074,0.052612305,20.081034,82263.25,7.155011,Ship-Water-Cloud-2.bmp,3920,2016
198.18884,3788.6553,1.7640438e+08,8.142332,0.3326416,36.647835,150562.75,6.9753876,0.03698741,42.349648,173469.75,6.962706,-0.023315426,10.533331,43146.75,7.330024,Ship-Water-Cloud-2.bmp,4032,2016
153.28345,861.5751,9.976787e+07,8.248688,0.17138672,42.624554,174710.5,7.0937233,-0.01684568,51.479816,210862.5,7.01602,-0.057617188,14.107154,57796.5,7.25698,Ship-Water-Cloud-2.bmp,4144,2016
134.4386,718.4685,7.697287e+07,8.253487,-0.07019043,58.448624,239425.75,6.8567057,0.1341553,82.95362,339851.75,6.6946316,0.004272461,19.6696,80566.75,7.0841455,Ship-Water-Cloud-2.bmp,4256,2016
117.385864,2100.7756,6.504537e+07,8.095694,0.07702637,81.80235,335086.75,6.869687,0.080444396,106.723206,437164.75,6.8563776,0.088012695,26.408209,108199.75,7.0721827,Ship-Water-Cloud-2.bmp,4368,2016
204.4419,10481.436,2.1413037e+08,7.918584,-0.8305664,570.1826,2.3382935e+06,6.702568,0.5104981,176.83961,725402.5,6.836275,0.13208008,95.50368,391254.5,6.7919436,Ship-Water-Cloud-2.bmp,4480,2016
204.73096,17677.986,2.440919e+08,7.73699,0.41210938,808.70764,3.313162e+06,6.5831966,0.24853514,213.77393,875871.0,6.5368032,0.025878906,73.72662,301987.0,6.689207,Ship-Water-Cloud-2.bmp,4592,2016
52.914917,10425.004,5.416957e+07,6.2532635,0.14611816,217.9753,892914.25,4.927034,-0.2755127,37.863365,155399.25,5.258986,-0.00183106,15.555721,63716.25,5.465313,Ship-Water-Cloud-2.bmp,4704,2016
75.23389,7443.903,5.3674144e+07,7.1290774,0.027832031,63.231647,259000.0,5.0686655,-0.7763672,17.824257,75477.0,6.589672,-0.0009765648,7.8007793,31952.0,5.38851,Ship-Water-Cloud-2.bmp,4816,2016
124.2168,14732.803,1.2354607e+08,7.4496984,-0.875,55.581177,230796.5,6.1367316,0.20361325,28.672531,117612.5,6.271723,0.01416016,7.6158886,31195.5,6.3090415,Ship-Water-Cloud-2.bmp,4928,2016
259.33032,9812.85,3.156585e+08,8.068983,0.20166016,294.9635,1.208337e+06,6.678088,-0.38598645,232.94037,954734.0,6.518735,0.064941406,49.609795,203219.0,6.761345,Ship-Water-Cloud-2.bmp,5040,2016
237.0094,9442.155,2.6876154e+08,8.016388,0.06970215,445.85764,1.8262528e+06,6.7533855,0.018676668,417.8763,1.7116228e+06,6.904447,-0.09240723,120.73724,494574.75,6.865569,Ship-Water-Cloud-2.bmp,5152,2016
217.75232,8693.419,2.2982448e+08,7.991235,0.34387207,311.26227,1.2754148e+06,6.601725,0.11804201,322.50482,1.3210368e+06,6.6900883,0.1348877,92.09087,377278.75,6.8039746,Ship-Water-Cloud-2.bmp,5264,2016
167.41614,2554.7847,1.2526776e+08,8.131025,0.21765137,59.337326,243239.75,7.235512,0.033325218,68.63701,281141.75,7.0847178,0.00085448567,22.4682,92029.75,7.3757024,Ship-Water-Cloud-2.bmp,5376,2016
151.05188,634.20465,9.605478e+07,8.267315,-0.16101074,77.292984,316698.25,7.3218794,-0.07482912,75.011795,307271.25,7.1604567,0.038940433,29.400158,120429.25,7.341129,Ship-Water-Cloud-2.bmp,5488,2016
151.6023,684.39496,9.69427e+07,8.261817,0.21875,154.44714,632811.5,7.258663,-0.21826169,107.14267,439051.5,7.28932,-0.028564453,48.77738,199795.5,7.325239,Ship-Water-Cloud-2.bmp,5600,2016
139.48401,515.817,8.18037e+07,8.270958,0.19177246,175.32498,718281.75,7.4111443,-0.12878418,104.56831,428379.75,7.3327904,-0.1505127,59.98388,245786.75,7.4964924,Ship-Water-Cloud-2.bmp,5712,2016
146.10449,384.3582,8.900969e+07,8.283319,-0.09448242,145.96007,597889.0,7.3924956,0.026367158,96.218056,394112.0,7.3279023,-0.07788086,54.771523,224369.0,7.4511595,Ship-Water-Cloud-2.bmp,5824,2016
138.10583,776.9919,8.130648e+07,8.24151,0.005737312,319.4418,1.3084338e+06,7.4625034,-0.09460449,236.36305,968179.75,7.396203,0.0064697266,88.83754,363878.75,7.4596176,Ship-Water-Cloud-2.bmp,5936,2016
370.77197,5561.4424,5.858644e+08,8.243978,0.18164062,86.735565,355404.0,6.915252,-0.016845584,92.486534,378826.0,6.7791357,0.0246582,20.29871,83146.0,6.9184513,Ship-Water-Cloud-2.bmp,0,2128
316.58154,7085.3237,4.395385e+08,8.192574,0.20825195,185.64426,760576.5,6.5757465,0.21484359,184.0621,754107.5,6.5610805,0.07739258,50.924553,208611.5,6.5047493,Ship-Water-Cloud-2.bmp,112,2128
238.83118,9412.103,2.721892e+08,8.04038,-0.288208,521.49475,2.1363828e+06,7.0323606,-0.104126036,499.82822,2.0473408e+06,7.0620537,0.038207993,136.02728,557173.75,7.0001817,Ship-Water-Cloud-2.bmp,224,2128
215.37476,8690.99,2.2559651e+08,7.999076,0.0925293,662.3413,2.712985e+06,7.165985,-0.037109338,636.0475,2.605256e+06,7.1139803,-0.0058593806,170.58467,698715.0,7.0901384,Ship-Water-Cloud-2.bmp,336,2128
217.61975,14881.045,2.5493259e+08,7.839019,-0.1439209,658.33203,2.6966128e+06,6.936079,0.16369629,608.053,2.4906948e+06,6.909481,0.0147704985,192.89157,790084.75,6.8931265,Ship-Water-Cloud-2.bmp,448,2128
189.33606,9297.486,1.8491651e+08,7.9016647,0.16174316,581.0901,2.3802522e+06,7.004197,0.048705995,473.81604,1.9407602e+06,7.03535,-0.105102524,149.33032,611702.25,7.024134,Ship-Water-Cloud-2.bmp,560,2128
191.43335,7340.5957,1.8017208e+08,7.979693,0.48388672,776.4677,3.1813705e+06,7.095415,-0.031982407,589.89343,2.4162075e+06,7.0653496,-0.20703125,194.13501,795352.5,7.104123,Ship-Water-Cloud-2.bmp,672,2128
185.37195,7668.629,1.7216056e+08,7.941184,-0.064331055,770.0114,3.1539838e+06,7.115417,0.0687256,625.78015,2.5632148e+06,7.113772,-0.02087402,199.43457,816885.75,7.1130414,Ship-Water-Cloud-2.bmp,784,2128
195.00098,6622.9736,1.8287965e+08,8.018663,0.8774414,718.35925,2.945553e+06,7.24049,0.03149411,533.0608,2.183421e+06,7.2689037,0.0925293,151.79245,621777.0,7.278284,Ship-Water-Cloud-2.bmp,896,2128
160.2926,7179.023,1.3464675e+08,7.8711977,-0.06408691,574.08435,2.3514662e+06,7.1646194,0.09851067,473.35608,1.9389062e+06,7.0237894,-0.05847167,125.44147,513822.25,7.0631456,Ship-Water-Cloud-2.bmp,1008,2128
168.8717,8958.551,1.5350253e+08,7.852789,0.4000244,560.9125,2.2981532e+06,7.0514936,0.11853029,451.4223,1.8490832e+06,7.0539703,0.017944323,142.76707,584775.25,6.969765,Ship-Water-Cloud-2.bmp,1120,2128
90.58777,5915.34,5.784159e+07,7.36143,-0.43566895,272.84198,1.1183382e+06,6.5571938,0.22302248,249.78381,1.02331825e+06,6.5613723,-0.028442377,70.83153,290129.25,6.535164,Ship-Water-Cloud-2.bmp,1232,2128
218.68103,9597.941,2.351896e+08,7.9842596,-0.50109863,522.78656,2.1423622e+06,7.0842795,-0.4639892,532.13,2.1804862e+06,7.0342064,-0.11096192,131.24239,537619.25,6.9486675,Ship-Water-Cloud-2.bmp,1344,2128
239.22156,7739.943,2.6610442e+08,8.076836,-0.4058838,612.23987,2.5084092e+06,7.190936,-0.009643473,676.7522,2.7719772e+06,7.117832,0.06555177,157.07193,643384.25,7.128242,Ship-Water-Cloud-2.bmp,1456,2128
205.05798,10754.6875,2.1628299e+08,7.9119797,0.0953369,375.8756,1.5396238e+06,6.740631,-0.5657959,351.88147,1.4426178e+06,6.924595,-0.14367676,86.28007,353487.75,6.794688,Ship-Water-Cloud-2.bmp,1568,2128
255.52649,14787.333,3.2801226e+08,7.985985,-0.4522705,263.7644,1.0812168e+06,5.940398,0.055542096,200.90213,822907.75,6.3343744,-0.15368652,56.190426,230252.75,6.2197404,Ship-Water-Cloud-2.bmp,1680,2128
398.09302,19358.219,7.2841734e+08,8.142738,-0.67578125,27.474102,114404.5,6.6468425,1.3681641,24.50032,108020.5,6.7358775,-0.026123041,6.1603284,25235.5,6.652882,Ship-Water-Cloud-2.bmp,1792,2128
426.82556,15011.655,8.076973e+08,8.201601,0.88586426,25.083223,105955.25,6.612053,0.9354248,20.227581,86436.25,6.708145,-0.040893547,3.5672364,14618.25,6.9085593,Ship-Water-Cloud-2.bmp,1904,2128
182.94653,17047.348,2.0691674e+08,7.6490393,0.7849121,163.46544,672078.0,6.1581154,-0.51513684,144.2737,592032.0,6.014679,-0.06689453,57.864666,237032.0,5.679729,Ship-Water-Cloud-2.bmp,2016,2128
194.66174,11067.199,2.0054176e+08,7.903346,-0.2598877,387.69757,1.5882858e+06,6.824134,-0.7884522,332.44373,1.3642358e+06,6.838496,0.015014643,126.25143,517126.75,6.67192,Ship-Water-Cloud-2.bmp,2128,2128
207.4729,7090.296,2.053542e+08,8.056485,0.10864258,387.45316,1.5870565e+06,6.8874087,-0.0061034933,374.12823,1.5324295e+06,6.985527,-0.049072273,121.64445,498265.5,6.7533107,Ship-Water-Cloud-2.bmp,2240,2128
156.74377,7534.602,1.3149477e+08,7.878374,-0.08459473,376.31738,1.5414252e+06,6.883535,0.26184082,368.94418,1.5114762e+06,6.9053154,0.037475593,124.09021,508279.25,6.8385963,Ship-Water-Cloud-2.bmp,2352,2128
222.14563,8655.632,2.3758566e+08,8.035976,-0.66174316,496.88785,2.0370462e+06,6.802237,0.23547357,471.00195,1.9294512e+06,6.8002043,-0.057739273,150.392,616019.25,6.7302837,Ship-Water-Cloud-2.bmp,2464,2128
261.3153,9282.955,3.1772115e+08,8.094435,-0.51257324,614.74664,2.5190782e+06,6.894061,0.10461414,500.06967,2.0483302e+06,6.8964057,0.10925293,176.54135,723162.25,6.8718123,Ship-Water-Cloud-2.bmp,2576,2128
319.3711,19644.293,4.982464e+08,8.028683,0.08276367,434.43884,1.7794895e+06,6.664759,0.16796866,401.80222,1.6458975e+06,6.723996,0.28393555,157.54059,645616.5,6.3569756,Ship-Water-Cloud-2.bmp,2688,2128
297.16785,11781.807,4.099708e+08,8.103796,0.041870117,435.9431,1.7856302e+06,6.932327,0.04479991,410.94434,1.6832362e+06,6.9222345,0.20544434,146.84409,601646.25,6.8059025,Ship-Water-Cloud-2.bmp,2800,2128
338.0127,14476.878,5.2727584e+08,8.111948,0.28808594,537.8535,2.203388e+06,6.8051214,0.11254874,464.2915,1.90179e+06,6.7752447,0.061279297,169.1647,692914.0,6.7491355,Ship-Water-Cloud-2.bmp,2912,2128
338.12524,12378.902,5.1899424e+08,8.13034,-0.3791504,171.2062,701849.5,6.6032314,0.81665033,132.74776,546466.5,6.653452,0.019287113,56.30249,230616.5,6.4842725,Ship-Water-Cloud-2.bmp,3024,2128
356.79968,10897.128,5.6608006e+08,8.1690235,0.18151855,189.38715,775864.75,6.506939,1.0325929,189.806,781812.75,6.4999075,-0.021118172,73.441635,300818.75,6.361272,Ship-Water-Cloud-2.bmp,3136,2128
272.86,10649.804,3.4857933e+08,8.084763,0.5574951,182.98041,750760.75,6.618366,1.0714109,168.1943,693625.75,6.673452,0.010620125,86.775215,355431.75,6.294283,Ship-Water-Cloud-2.bmp,3248,2128
193.91736,12316.98,2.044761e+08,7.816726,0.2965088,178.45488,731311.25,6.2773733,0.8475342,85.44727,352934.25,6.7054734,-0.018920904,46.59565,190857.25,6.15813,Ship-Water-Cloud-2.bmp,3360,2128
162.6792,3772.753,1.2385188e+08,8.082542,0.18896484,115.74627,474243.0,6.89349,0.16894534,71.32034,292245.0,7.110651,-0.02734375,34.46898,141188.0,7.093956,Ship-Water-Cloud-2.bmp,3472,2128
157.64209,1828.6028,1.0927978e+08,8.193519,-0.12768555,55.692314,228182.5,7.227702,0.30761725,45.087135,185064.5,7.2650547,0.049072266,19.186436,78597.5,7.1817417,Ship-Water-Cloud-2.bmp,3584,2128
173.26965,2793.1694,1.3441246e+08,8.133099,-0.05407715,139.33563,570730.75,6.6779714,0.0023193136,74.6115,305608.75,6.824704,0.01403809,25.432114,104170.75,7.081112,Ship-Water-Cloud-2.bmp,3696,2128
157.47766,1704.7133,1.0856009e+08,8.200336,0.31115723,103.15703,422927.75,6.77546,0.10412599,89.86238,368120.75,7.0350857,-0.07458496,26.667227,109251.75,7.2666955,Ship-Water-Cloud-2.bmp,3808,2128
168.52148,805.85443,1.19625096e+08,8.265454,0.091796875,55.695793,228164.5,7.3365374,0.031738248,62.410004,255635.5,7.3900256,0.06689453,19.904827,81548.5,7.442222,Ship-Water-Cloud-2.bmp,3920,2128
160.63184,570.25745,1.0802317e+08,8.274672,0.048583984,42.18233,172788.5,7.405286,-0.025146471,44.876686,183817.5,7.429031,0.006835945,14.703688,60226.5,7.431329,Ship-Water-Cloud-2.bmp,4032,2128
149.0459,340.36887,9.238548e+07,8.2869625,0.07202149,36.40265,149126.5,7.4067726,-0.04223626,34.242966,140266.5,7.330324,-0.080566406,13.220926,54179.5,7.4154205,Ship-Water-Cloud-2.bmp,4144,2128
136.43323,317.69128,7.754431e+07,8.28583,0.008666992,31.064924,127242.25,7.3729286,-0.10559083,32.10439,131545.25,7.2334223,-0.052612305,13.179178,53993.25,7.3570027,Ship-Water-Cloud-2.bmp,4256,2128
123.514404,790.75226,6.572671e+07,8.230423,-0.0031738281,30.631823,125468.0,7.297391,-0.07202143,29.958437,122731.0,7.224037,0.00073242,11.178709,45788.0,7.309367,Ship-Water-Cloud-2.bmp,4368,2128
133.66187,1925.2578,8.106292e+07,8.115033,0.064453125,131.96129,540530.5,6.4797993,-0.033691406,50.61007,207303.5,7.0147257,0.006591792,24.090166,98673.5,6.6115046,Ship-Water-Cloud-2.bmp,4480,2128
113.27185,7734.2397,8.423323e+07,7.5123663,0.1739502,260.20566,1.0659262e+06,6.1416783,-0.15002444,68.69972,281486.25,6.086261,0.025512686,26.583637,108889.25,6.2633257,Ship-Water-Cloud-2.bmp,4592,2128
95.38904,10627.364,8.079947e+07,7.170439,-0.5155029,263.68854,1.0811568e+06,5.212158,-0.070434555,64.098495,262567.75,5.8450766,-0.0037841871,30.001389,122885.75,5.602948,Ship-Water-Cloud-2.bmp,4704,2128
154.55603,8752.296,1.3369287e+08,7.83156,-0.26940918,56.752796,232756.75,5.766184,0.3416749,25.377829,104425.75,7.2161903,-0.043334957,7.272719,29796.75,6.084225,Ship-Water-Cloud-2.bmp,4816,2128
97.451904,7524.023,6.971759e+07,7.4380693,-0.5444336,28.447365,117734.5,6.833957,0.1640625,17.982971,73768.5,7.070193,-0.0012207029,3.9974349,16373.5,7.107745,Ship-Water-Cloud-2.bmp,4928,2128
283.93872,8704.685,3.658788e+08,8.141737,-0.4074707,129.55577,531340.5,6.6689496,-0.09423834,112.241486,459777.5,6.4455557,-0.0107421875,22.036142,90260.5,6.8178077,Ship-Water-Cloud-2.bmp,5040,2128
184.39026,7073.1636,1.6823472e+08,7.945602,0.58654785,230.30872,944753.75,6.5921597,0.59069836,210.12198,862088.75,6.578372,0.03894043,54.034554,221331.75,6.678137,Ship-Water-Cloud-2.bmp,5152,2128
148.03271,702.302,9.263508e+07,8.25408,0.017822262,49.06719,200980.5,6.3308706,-0.06640629,75.94078,311071.5,6.4636126,0.035400394,18.390469,75332.5,6.787731,Ship-Water-Cloud-2.bmp,5264,2128
148.25732,236.36835,9.09992e+07,8.296333,-0.09375,50.87378,208415.0,7.1678567,0.09057623,45.290867,185545.0,7.2052026,0.04321289,22.525965,92274.0,7.2316346,Ship-Water-Cloud-2.bmp,5376,2128
155.11475,465.09488,1.0045718e+08,8.278946,-0.11352538,78.296326,320754.5,7.349398,-0.0002441667,61.20911,250712.5,7.34106,-0.041015625,33.59463,137610.5,7.263856,Ship-Water-Cloud-2.bmp,5488,2128
152.02979,684.3617,9.747422e+07,8.265249,0.10571289,133.94049,548666.0,7.2585278,-0.08374023,101.03131,413853.0,7.238799,-0.05029297,48.6127,199128.0,7.3525558,Ship-Water-Cloud-2.bmp,5600,2128
141.2157,1265.6971,8.686621e+07,8.213933,-0.11828613,285.28674,1.1685918e+06,7.377956,-0.10852055,181.80019,744701.75,7.2667575,0.0032958984,85.651535,350828.75,7.439228,Ship-Water-Cloud-2.bmp,5712,2128
144.86841,458.61426,8.784064e+07,8.272918,-0.061523438,128.96057,528238.0,7.3763013,0.08154297,97.65277,400013.0,7.3860483,0.0061035194,48.73678,199626.0,7.4335923,Ship-Water-Cloud-2.bmp,5824,2128
151.30078,1087.9977,9.822178e+07,8.225129,-0.08935547,184.6961,756548.0,7.287972,0.0146484,145.7261,596895.0,7.3613634,0.00390625,63.367165,259552.0,7.3295074,Ship-Water-Cloud-2.bmp,5936,2128
390.4325,17700.512,6.968854e+08,8.139774,1.2139893,77.28398,322591.75,6.3958488,-0.055297792,68.60796,281030.75,6.1762114,0.052856445,16.051102,65756.75,6.3280377,Ship-Water-Cloud-2.bmp,0,2240
201.41003,5285.427,1.8780746e+08,8.082132,0.072387695,274.23822,1.1233012e+06,6.8149533,0.4310303,241.61482,990415.25,6.7776814,-0.067749016,69.5067,284718.25,6.608631,Ship-Water-Cloud-2.bmp,112,2240
223.1101,7167.618,2.3324974e+08,8.066874,0.2019043,442.5293,1.812767e+06,6.854861,0.122802675,366.27057,1.500306e+06,6.961527,0.065673836,104.47104,427931.0,6.9328814,Ship-Water-Cloud-2.bmp,224,2240
226.91211,5376.3057,2.3292072e+08,8.13361,0.16455078,429.30518,1.758545e+06,6.908688,-0.40576172,377.131,1.545403e+06,6.9947267,-0.11181642,108.1457,443016.0,7.011119,Ship-Water-Cloud-2.bmp,336,2240
203.79053,7895.5,2.0244922e+08,8.00229,-0.23559567,643.678,2.6367325e+06,7.0219107,-0.46313486,552.88403,2.2654915e+06,7.0343637,0.015624993,158.10046,647580.5,7.047532,Ship-Water-Cloud-2.bmp,448,2240
201.56519,5757.04,1.8999526e+08,8.065401,0.03515625,509.46814,2.0867865e+06,7.1351576,0.14428708,462.43488,1.8942185e+06,7.071471,-0.056640618,150.78476,617627.5,7.0351963,Ship-Water-Cloud-2.bmp,560,2240
207.86267,5910.708,2.0118568e+08,8.066557,-0.10046387,590.6738,2.4194412e+06,7.0956364,0.0020751506,434.7635,1.7807912e+06,7.193037,-0.020629875,154.12512,631298.25,7.120611,Ship-Water-Cloud-2.bmp,672,2240
217.2826,9839.446,2.336816e+08,7.959958,-0.060424805,837.588,3.4307758e+06,7.1056423,0.0679932,690.67456,2.8290218e+06,7.1226726,0.028198235,222.0387,909473.75,7.1417923,Ship-Water-Cloud-2.bmp,784,2240
214.4856,8547.802,2.2344446e+08,8.001597,-0.045410156,766.5282,3.139708e+06,7.2287674,0.08105478,653.4912,2.676727e+06,7.1743207,-0.04809571,185.52893,759936.0,7.168132,Ship-Water-Cloud-2.bmp,896,2240
175.21204,7035.5283,1.545617e+08,7.9424706,0.32580566,526.8956,2.1585992e+06,7.05626,-0.20690925,509.20016,2.0858592e+06,7.019371,0.069458045,126.683235,518914.25,7.02144,Ship-Water-Cloud-2.bmp,1008,2240
181.89355,5613.8,1.5851136e+08,8.039667,-0.18481445,267.34033,1.095166e+06,6.914761,-0.6064453,273.52432,1.121862e+06,6.8281918,0.12280274,74.20636,304011.0,6.7551093,Ship-Water-Cloud-2.bmp,1120,2240
188.83423,10235.263,1.879803e+08,7.91049,-0.19995117,336.21735,1.37731e+06,6.8195543,-0.6672363,299.61584,1.22905e+06,6.752446,-0.07348633,81.0007,331801.0,6.6329994,Ship-Water-Cloud-2.bmp,1232,2240
334.68604,12911.084,5.1169616e+08,8.123971,-0.50927734,142.52579,584848.0,6.3132267,-0.76098615,99.1228,408379.0,6.5394683,-0.032958973,24.91859,102071.0,6.5956616,Ship-Water-Cloud-2.bmp,1344,2240
217.47046,16115.112,2.5972125e+08,7.829283,0.36889648,261.3517,1.071054e+06,6.715449,-0.17163081,291.80283,1.195345e+06,6.5903797,0.017822275,58.853928,241067.0,6.6394157,Ship-Water-Cloud-2.bmp,1456,2240
157.20178,24718.672,2.0246966e+08,7.3587656,0.3651123,287.66718,1.1788308e+06,6.2137365,0.84680176,421.90518,1.7310608e+06,6.166669,0.0057373047,71.77286,293981.75,6.3926997,Ship-Water-Cloud-2.bmp,1568,2240
147.25952,11401.947,1.3552563e+08,7.671055,0.049072266,28.802645,117985.5,6.7114534,0.6533203,46.85259,193656.5,5.7404623,-0.029785156,9.335661,38242.5,6.5795565,Ship-Water-Cloud-2.bmp,1680,2240
95.60852,4075.2827,5.413385e+07,7.586366,0.366333,14.682022,60687.25,6.9370203,0.6861572,14.041212,59441.25,6.8071938,-0.060913086,4.0317507,16529.25,7.3841047,Ship-Water-Cloud-2.bmp,1792,2240
147.45178,15354.649,1.51948e+08,7.454487,-0.30187988,171.31702,702087.75,6.019262,0.26550293,206.66846,846802.75,5.8873415,-0.028198238,63.533813,260237.75,5.713079,Ship-Water-Cloud-2.bmp,1904,2240
263.1665,15766.893,3.482563e+08,7.9762197,-0.6381836,502.0905,2.058231e+06,6.901177,-0.09643561,497.11914,2.036238e+06,6.8491845,-0.042724617,221.59631,907666.0,6.594586,Ship-Water-Cloud-2.bmp,2016,2240
347.67737,18211.035,5.69715e+08,8.089651,-0.016235352,617.9975,2.5313188e+06,6.8392015,-0.90515125,627.34424,2.5729578e+06,6.7827663,0.01794434,257.23108,1.0536198e+06,6.69308,Ship-Water-Cloud-2.bmp,2128,2240
264.0476,17962.705,3.5915302e+08,7.924806,1.1396484,252.89018,1.041158e+06,6.6690974,-0.2858886,265.6485,1.088431e+06,6.566429,-0.015136719,100.186295,410364.0,6.317739,Ship-Water-Cloud-2.bmp,2240,2240
110.99768,6407.46,7.670966e+07,7.57942,0.022094728,158.80914,650484.25,6.4045396,-0.09753408,159.0611,651553.25,6.428806,-0.024780266,55.371025,226802.25,6.457384,Ship-Water-Cloud-2.bmp,2352,2240
189.93079,9691.123,1.8745274e+08,7.909745,-0.19592285,337.91968,1.3842762e+06,6.66558,-0.09191896,274.21106,1.1232032e+06,6.7606783,-0.04382325,115.977875,475053.25,6.4862742,Ship-Water-Cloud-2.bmp,2464,2240
266.31604,8906.598,3.2698707e+08,8.107203,-0.3067627,660.7801,2.7069408e+06,6.9017324,-0.36804202,572.46533,2.3453728e+06,6.923896,0.010131825,209.54059,858278.75,6.7047787,Ship-Water-Cloud-2.bmp,2576,2240
282.52466,12312.455,3.7737526e+08,8.06261,-0.16870117,641.6478,2.628306e+06,6.813208,0.027099445,598.22046,2.450314e+06,6.7780523,0.009033207,261.2714,1.070168e+06,6.5548115,Ship-Water-Cloud-2.bmp,2688,2240
280.16943,15119.54,3.834448e+08,8.0170765,0.025146484,619.27246,2.5365425e+06,7.0262275,0.43530282,593.64166,2.4323325e+06,6.9754424,0.023437498,212.8482,871828.5,6.938908,Ship-Water-Cloud-2.bmp,2800,2240
209.00598,8642.746,2.1432832e+08,7.970345,0.3170166,448.43863,1.8372162e+06,7.0928774,0.4637452,402.01495,1.6475342e+06,7.0350847,0.17517091,156.15346,639730.25,6.982461,Ship-Water-Cloud-2.bmp,2912,2240
191.55164,1855.5437,1.5789085e+08,8.223611,-0.041137695,163.5318,669833.25,7.172813,0.09802246,124.65157,510612.25,7.1830688,0.07702637,51.723377,211883.25,7.2483716,Ship-Water-Cloud-2.bmp,3024,2240
184.82043,7506.4775,1.7066011e+08,7.9588156,0.2960205,186.14693,762816.75,6.53571,0.8568115,181.4875,746379.75,6.5159254,-0.13879395,81.29,333042.75,6.3516436,Ship-Water-Cloud-2.bmp,3136,2240
133.27869,1949.8534,8.0744696e+07,8.120077,-0.084350586,76.2012,312149.25,6.719696,0.1485596,62.00997,254083.25,6.9513707,0.03552247,25.854755,105906.25,6.8089895,Ship-Water-Cloud-2.bmp,3248,2240
131.75635,3424.9954,8.513426e+07,7.9631767,-0.08129883,67.15306,275086.0,6.910038,-0.22045895,67.04564,274818.0,6.886818,-0.040527344,24.660957,101018.0,7.045202,Ship-Water-Cloud-2.bmp,3360,2240
143.70642,6772.9688,1.1233076e+08,7.806627,-0.1282959,78.23604,320522.25,6.623664,-0.12390135,60.99643,249904.25,6.8351626,0.057006836,16.66844,68287.25,6.977875,Ship-Water-Cloud-2.bmp,3472,2240
108.73157,7200.46,7.7918264e+07,7.517429,0.21057129,70.15823,287549.75,6.871337,-0.37048334,68.33095,280445.75,6.777954,-0.038940437,18.950571,77627.75,6.7989254,Ship-Water-Cloud-2.bmp,3584,2240
140.11719,4086.8071,9.715562e+07,7.9644732,-0.5727539,296.2617,1.2148315e+06,7.0837903,0.1369629,170.53995,698608.5,7.119594,-0.040771484,53.847336,220565.5,7.184554,Ship-Water-Cloud-2.bmp,3696,2240
172.12598,1098.2869,1.2585222e+08,8.235041,0.23901367,109.85693,450208.0,6.8454857,-0.12475589,80.34186,329144.0,7.036694,-0.088378906,27.3877,112212.0,7.2459326,Ship-Water-Cloud-2.bmp,3808,2240
162.93372,335.20587,1.1011114e+08,8.292501,-0.06530762,46.954296,192342.25,7.368078,-0.027710002,50.920193,208572.25,7.4122834,-0.032592773,18.145973,74330.25,7.4659243,Ship-Water-Cloud-2.bmp,3920,2240
160.08423,353.74292,1.0641696e+08,8.290432,0.021728516,50.06667,205075.0,7.4246716,0.01440434,43.104774,176558.0,7.467075,0.055419926,16.275494,66677.0,7.4230766,Ship-Water-Cloud-2.bmp,4032,2240
153.75354,290.78467,9.802112e+07,8.293362,-0.05895996,44.15198,180860.75,7.4007998,-0.06530754,36.848213,150947.75,7.33801,0.00061034784,15.500915,63491.75,7.3952465,Ship-Water-Cloud-2.bmp,4144,2240
140.2229,254.25012,8.157885e+07,8.291979,-0.092285156,37.0469,151779.0,6.929322,-0.039306574,32.753826,134166.0,6.885394,-0.0004882794,11.998779,49147.0,7.2091446,Ship-Water-Cloud-2.bmp,4256,2240
136.90039,653.3425,7.944217e+07,8.255411,-0.11401367,115.61846,473626.5,6.713646,-0.028076176,93.64996,383593.5,6.6910486,-0.026367188,32.175697,131794.5,6.881158,Ship-Water-Cloud-2.bmp,4368,2240
167.6842,1839.0087,1.2270388e+08,8.19703,-0.19616699,133.85611,548432.25,6.966215,-0.083862334,103.65782,424611.25,6.8811703,-0.023315433,36.130623,147993.25,7.0739427,Ship-Water-Cloud-2.bmp,4480,2240
193.61963,10021.185,1.945999e+08,7.9200535,0.5053711,281.5073,1.1541e+06,6.727372,-0.38085938,117.410614,481508.0,6.3711023,-0.06201172,48.91803,200384.0,6.673382,Ship-Water-Cloud-2.bmp,4592,2240
228.39026,14894.299,2.7466304e+08,7.9332447,-0.37072754,45.8105,188202.75,6.8977222,-0.7869873,23.346897,98165.75,7.279173,-0.022583008,6.731118,27572.75,7.214823,Ship-Water-Cloud-2.bmp,4704,2240
125.85193,17384.668,1.3608294e+08,7.2341113,0.56799316,58.576492,241250.75,5.6250606,-0.94958496,28.353111,119827.75,6.917961,0.017456058,7.5482183,30918.75,6.1494865,Ship-Water-Cloud-2.bmp,4816,2240
66.19324,7271.4307,4.7730588e+07,6.9246826,-0.5682373,74.93194,308243.75,5.319991,0.18298346,24.34707,99862.75,6.435198,0.0010986323,9.960142,40796.75,5.5182714,Ship-Water-Cloud-2.bmp,4928,2240
248.07947,17131.52,3.2225254e+08,8.005149,-0.41149902,69.0562,283547.75,6.3503246,0.7598878,35.72329,148687.75,6.949944,-0.050415043,10.924887,44758.75,6.8001785,Ship-Water-Cloud-2.bmp,5040,2240
197.68347,12444.743,2.1104024e+08,7.8973904,0.45715332,161.01996,660393.75,6.7949514,-0.4620361,136.57602,560289.75,6.84891,0.019165039,31.886288,130607.75,7.0323763,Ship-Water-Cloud-2.bmp,5152,2240
144.32361,441.71906,8.712611e+07,8.2803135,-0.18493652,47.884315,196274.25,7.132348,-0.074096695,33.503845,137254.25,7.2856197,0.05065918,16.41888,67262.25,7.3242216,Ship-Water-Cloud-2.bmp,5264,2240
146.25122,276.79407,8.874481e+07,8.292192,-0.091796875,71.17492,291567.0,7.293294,-0.044189427,60.090088,246137.0,7.3703218,0.078125,34.38672,140873.0,7.2875667,Ship-Water-Cloud-2.bmp,5376,2240
147.13354,352.32227,9.011447e+07,8.285784,0.060302738,55.21292,226167.0,7.374074,0.103271455,59.564774,244021.0,7.349271,-0.0017089788,23.8518,97697.0,7.3652115,Ship-Water-Cloud-2.bmp,5488,2240
149.3208,978.3452,9.533459e+07,8.229488,-0.051513664,96.78776,396453.5,7.0757456,-0.06982422,79.43592,325389.5,7.1699457,-0.027587889,32.654877,133757.5,7.234091,Ship-Water-Cloud-2.bmp,5600,2240
142.1023,608.38354,8.520272e+07,8.259649,-0.18139648,121.34258,497154.0,7.206477,0.1699219,88.028015,360681.0,7.222637,-0.0625,38.62378,158219.0,7.27594,Ship-Water-Cloud-2.bmp,5712,2240
141.48535,401.4984,8.3638696e+07,8.277851,0.18847656,61.819336,253357.5,7.2003665,0.0632324,53.50345,219166.5,7.281584,0.0056152344,23.58725,96613.5,7.2605677,Ship-Water-Cloud-2.bmp,5824,2240
144.61292,314.3617,8.694685e+07,8.288456,0.1307373,90.53692,370909.25,7.3237314,0.118041985,68.5894,280999.25,7.351184,0.08068848,37.09072,151950.25,7.3415313,Ship-Water-Cloud-2.bmp,5936,2240
318.5431,10938.506,4.60424e+08,8.130148,0.2388916,415.4353,1.7018568e+06,6.8107543,-0.29919428,299.8086,1.2283828e+06,6.838872,0.08459473,89.12071,365067.75,6.880831,Ship-Water-Cloud-2.bmp,0,2352
220.22998,4842.464,2.1849584e+08,8.14313,0.07543945,122.475876,501684.5,6.796394,-0.12670903,115.11737,471586.5,6.769856,-0.041992184,29.926826,122587.5,6.827955,Ship-Water-Cloud-2.bmp,112,2352
262.33838,5869.824,3.0593536e+08,8.166718,-0.4794922,162.28082,665644.0,6.6994314,-0.2304688,139.8319,572969.0,6.7319455,0.032226562,40.12372,164351.0,6.6522274,Ship-Water-Cloud-2.bmp,224,2352
279.5437,8870.487,3.5641414e+08,8.12259,0.46264648,435.9516,1.7865345e+06,6.882198,-0.26513666,376.15735,1.5410285e+06,6.951111,-0.012207041,105.25241,431114.5,6.8456955,Ship-Water-Cloud-2.bmp,336,2352
232.9657,12104.541,2.718825e+08,7.951608,0.10925293,660.14716,2.7040118e+06,7.0280275,-0.27355957,632.4373,2.5907698e+06,7.07123,0.041381836,181.93646,745218.75,6.9778666,Ship-Water-Cloud-2.bmp,448,2352
206.75085,6087.1904,2.0002042e+08,8.062064,0.057251,708.8066,2.9032852e+06,7.214139,-0.15466307,649.18585,2.6591632e+06,7.22437,-0.04895019,218.38316,894507.25,7.121797,Ship-Water-Cloud-2.bmp,560,2352
210.60718,5805.0874,2.0545728e+08,8.076057,-0.2824707,629.0058,2.5767345e+06,7.1426497,0.2561034,619.21484,2.5365725e+06,7.114456,-0.01977539,181.9536,745283.5,7.185774,Ship-Water-Cloud-2.bmp,672,2352
212.2456,9026.853,2.214914e+08,7.9690695,0.13232422,713.1108,2.9209735e+06,7.1175556,0.51367176,696.9354,2.8557285e+06,7.1250443,0.080078125,211.76422,867412.5,7.041213,Ship-Water-Cloud-2.bmp,784,2352
184.81787,6612.191,1.6699325e+08,8.000061,0.049316406,585.77856,2.399359e+06,7.136986,0.71313477,563.73535,2.311143e+06,7.262812,-0.0769043,135.79584,556244.0,7.2398663,Ship-Water-Cloud-2.bmp,896,2352
188.57422,10778.193,1.898022e+08,7.8203135,0.042724602,427.51987,1.751129e+06,6.9762387,-0.5102539,448.44128,1.837882e+06,7.067312,0.04077149,100.015434,409670.0,7.103487,Ship-Water-Cloud-2.bmp,1008,2352
168.2655,11116.574,1.6150467e+08,7.7693663,0.29992676,180.09796,738049.75,6.5204463,0.56457525,235.3953,965484.75,6.477771,-0.07385254,43.215675,177033.75,6.5862026,Ship-Water-Cloud-2.bmp,1120,2352
162.60803,7978.506,1.4098382e+08,7.9034305,0.05432129,72.37223,296448.75,6.3950167,0.6158447,65.59138,270215.75,6.2247214,-0.034057617,14.292236,58545.75,6.6271553,Ship-Water-Cloud-2.bmp,1232,2352
180.07507,36605.4,2.8275683e+08,7.3251,-0.3861084,18.66519,77063.25,6.544456,1.3966064,30.224844,131790.25,6.1419787,0.010131835,4.216755,17272.25,6.837428,Ship-Water-Cloud-2.bmp,1344,2352
120.51611,22916.902,1.5335848e+08,7.044939,0.63012695,22.993198,95806.5,6.8099008,1.0925293,23.22862,100033.5,6.903793,0.0126953125,4.030234,16508.5,7.28246,Ship-Water-Cloud-2.bmp,1456,2352
93.902954,3646.0688,5.105186e+07,7.7519474,-0.27087402,17.062305,70187.75,7.2411404,-0.2520752,16.922482,69574.75,7.233818,-0.0040283184,4.678633,19163.75,7.49893,Ship-Water-Cloud-2.bmp,1568,2352
76.453125,3168.9556,3.6921492e+07,7.394933,0.083740234,23.077703,94555.0,5.4664197,-0.57055664,30.644676,126854.0,4.6510496,0.047851562,7.754057,31770.0,5.901948,Ship-Water-Cloud-2.bmp,1680,2352
93.47681,7737.5957,6.748369e+07,7.157688,-0.5371094,143.43112,588675.5,5.654249,-0.7592774,159.99734,657710.5,5.6299763,-0.039306644,46.14433,189013.5,5.751378,Ship-Water-Cloud-2.bmp,1792,2352
266.5714,16776.797,3.597808e+08,7.961998,-0.46154785,528.4018,2.1652062e+06,6.8194513,-0.25183108,541.68933,2.2190192e+06,6.794064,-0.19055176,197.53381,809247.25,6.701041,Ship-Water-Cloud-2.bmp,1904,2352
281.30774,20970.172,4.1002688e+08,7.9232497,-0.602417,429.24176,1.7596608e+06,6.707861,-0.23010263,459.48483,1.8822668e+06,6.5981092,-0.05920411,144.40341,591490.75,6.585194,Ship-Water-Cloud-2.bmp,2016,2352
258.0016,21987.182,3.62709e+08,7.845348,0.4071045,358.04477,1.4672302e+06,6.4230657,0.7371828,343.95905,1.4110822e+06,6.457834,-0.25427246,153.547,629193.25,6.290066,Ship-Water-Cloud-2.bmp,2128,2352
161.19617,14848.753,1.6725179e+08,7.5645714,0.6986084,110.10185,452976.25,6.5909247,0.8248291,130.17226,535972.25,6.427635,0.06555176,55.176426,226020.25,6.266624,Ship-Water-Cloud-2.bmp,2240,2352
145.44946,6180.2246,1.1196732e+08,7.872783,-0.038085938,135.84232,556416.0,6.59564,-0.07983395,134.51486,550999.0,6.5527983,0.03564453,43.723095,179095.0,6.3293023,Ship-Water-Cloud-2.bmp,2352,2352
342.53052,17042.47,5.50378e+08,8.097992,-0.87475586,89.99188,371741.0,6.512721,-0.6586914,83.15256,342370.0,6.4950695,0.0390625,36.170593,148161.0,5.7797956,Ship-Water-Cloud-2.bmp,2464,2352
391.67883,7912.2744,6.6078554e+08,8.229256,0.6553955,61.291836,252810.75,6.8516874,-0.76745605,55.660217,230396.75,6.9175253,0.007446291,18.787971,76955.75,6.834601,Ship-Water-Cloud-2.bmp,2576,2352
274.87854,7621.831,3.4070547e+08,8.146937,0.5423584,371.2043,1.5216578e+06,6.838545,-0.013794079,314.41797,1.2878568e+06,6.8809037,-0.04235839,154.01791,630864.75,6.6017027,Ship-Water-Cloud-2.bmp,2688,2352
196.74646,7526.13,1.8937979e+08,7.9752717,0.43737793,437.77728,1.7939192e+06,7.117817,0.5582276,391.5339,1.6049992e+06,7.099043,-0.022827148,138.69461,568095.25,7.0422688,Ship-Water-Cloud-2.bmp,2800,2352
142.5022,2464.8901,9.327315e+07,8.103886,-0.030517578,176.22342,721815.0,6.754629,0.32080087,141.255,579002.0,6.8754783,0.060546882,50.505608,206886.0,6.965173,Ship-Water-Cloud-2.bmp,2912,2352
152.01233,2294.401,1.040472e+08,8.135219,-0.26306152,143.40741,587680.25,6.750745,0.3614502,124.26418,509521.25,6.9899883,0.003051754,41.67412,170697.25,6.9134827,Ship-Water-Cloud-2.bmp,3024,2352
106.98352,2872.2563,5.864542e+07,7.9363832,0.22961426,69.62752,285410.25,7.105236,0.18396002,68.61026,281166.25,7.1603913,-0.025024418,22.129807,90646.25,7.252014,Ship-Water-Cloud-2.bmp,3136,2352
110.16162,2919.223,6.1664484e+07,7.911105,-0.25390625,58.534523,240021.5,7.146642,0.12377942,55.734314,228350.5,7.1690006,0.06762695,20.529972,84109.5,7.2516413,Ship-Water-Cloud-2.bmp,3248,2352
163.67651,4491.4336,1.2812876e+08,8.028311,-0.12890625,84.21897,345029.0,7.1342897,-0.0063476562,83.6523,342640.0,7.1071625,-0.013916016,26.15215,107120.0,7.248538,Ship-Water-Cloud-2.bmp,3360,2352
205.854,6368.8955,1.9965856e+08,8.0417185,-0.3322754,89.99176,369058.5,7.1411138,-0.13940436,84.00412,344160.5,7.0765815,-0.009765627,24.435085,100086.5,7.1509123,Ship-Water-Cloud-2.bmp,3472,2352
273.162,7934.6025,3.381333e+08,8.137904,-0.12609863,35.85916,146944.25,7.3033447,-0.21350089,34.577766,141817.25,7.2955604,-0.006958007,9.180432,37603.25,7.2724056,Ship-Water-Cloud-2.bmp,3584,2352
323.7627,13012.015,4.8264925e+08,8.129349,-0.053466797,52.934273,216830.5,7.0047436,-1.3107909,43.99313,187233.5,7.187236,-0.030761717,14.134918,57900.5,7.0695324,Ship-Water-Cloud-2.bmp,3696,2352
232.63806,7837.1147,2.5377826e+08,8.037418,0.6134033,148.49037,609757.75,6.60731,-0.8502197,94.210175,388845.75,6.9429307,0.00061035715,32.49066,133081.75,7.001029,Ship-Water-Cloud-2.bmp,3808,2352
162.58606,592.0066,1.1069945e+08,8.270258,-0.02746582,70.87857,290321.75,7.064814,-0.008666966,61.378044,251404.75,7.203844,-0.027954098,21.561413,88318.75,7.294025,Ship-Water-Cloud-2.bmp,3920,2352
163.23206,300.33124,1.1036686e+08,8.295471,0.08874512,43.869385,179721.25,7.245746,0.009155266,45.42527,186062.25,7.3462048,-0.006225589,15.51052,63531.25,7.376544,Ship-Water-Cloud-2.bmp,4032,2352
157.28699,298.78098,1.0255555e+08,8.2939205,0.013793949,41.26867,169037.25,7.243786,0.0150146615,42.127037,172553.25,7.222539,-0.07458496,16.315056,66849.25,7.3115616,Ship-Water-Cloud-2.bmp,4144,2352
137.48682,488.0949,7.942438e+07,8.267103,0.104003906,71.115036,291331.5,6.7670546,0.094970666,66.70375,273255.5,6.8472757,0.033935547,20.868843,85483.5,7.1293507,Ship-Water-Cloud-2.bmp,4256,2352
137.96692,1586.072,8.446338e+07,8.179398,-0.25427246,287.47165,1.1777488e+06,7.1673336,0.00061030686,218.36053,894404.75,7.1007423,-0.011108402,74.87774,306699.75,7.191757,Ship-Water-Cloud-2.bmp,4368,2352
165.76086,3437.244,1.2662336e+08,8.083813,-0.5328369,195.88116,803492.25,6.9523816,-0.08728025,163.50854,669762.25,6.962594,-0.048950195,46.81871,191779.25,7.1182365,Ship-Water-Cloud-2.bmp,4480,2352
220.41223,10089.493,2.403166e+08,7.9764433,-0.11901855,434.49225,1.7797382e+06,6.87527,0.42761222,181.63873,744741.25,6.9098034,0.0052490253,81.75711,334877.25,7.0537014,Ship-Water-Cloud-2.bmp,4592,2352
282.87378,7596.757,3.588683e+08,8.144445,-0.43041992,289.2321,1.1854535e+06,6.561377,0.1982423,106.957405,438258.5,6.5804796,0.011230469,54.46362,223083.5,6.649855,Ship-Water-Cloud-2.bmp,4704,2352
305.86902,20565.883,4.6744262e+08,8.012526,0.9451904,50.790756,211698.25,6.907304,0.53869635,43.469635,179240.25,7.001625,-0.009155272,8.749489,35838.25,6.9028764,Ship-Water-Cloud-2.bmp,4816,2352
32.515137,3076.1384,1.6930294e+07,6.4173584,0.60498047,101.99082,419253.5,4.756095,0.059570312,18.318106,75045.5,5.8188076,-0.030273432,14.665465,60073.5,4.9228954,Ship-Water-Cloud-2.bmp,4928,2352
50.733276,10032.089,5.1633988e+07,6.5023594,-0.9432373,90.317764,373585.75,4.9616394,0.4205322,18.143158,75038.75,5.7795696,0.0008544866,12.318785,50457.75,5.5160875,Ship-Water-Cloud-2.bmp,5040,2352
201.40723,7977.1475,1.9882813e+08,7.976862,0.0769043,127.44415,522035.5,6.583103,0.4409179,82.572556,339013.5,6.8283296,0.02954102,31.284649,128145.5,6.9242725,Ship-Water-Cloud-2.bmp,5152,2352
142.54016,274.4822,8.434557e+07,8.291736,-0.020141602,46.799217,191691.25,7.0489388,0.0013427362,23.940731,98061.25,7.340057,0.045532227,16.996035,69624.25,7.2909055,Ship-Water-Cloud-2.bmp,5264,2352
153.97302,452.824,9.896147e+07,8.279639,-0.1060791,75.90286,310944.25,7.3657827,-0.0701905,60.65602,248467.25,7.3361106,-0.045288086,33.704796,138063.25,7.3145094,Ship-Water-Cloud-2.bmp,5376,2352
149.44019,324.55505,9.280277e+07,8.288694,0.16796875,64.606544,264744.0,7.3786287,0.0915527,61.013836,249947.0,7.24945,-0.050292965,26.65665,109196.0,7.3863387,Ship-Water-Cloud-2.bmp,5488,2352
143.19812,472.25342,8.59257e+07,8.269124,-0.014526367,63.95554,261962.75,7.227477,0.116577186,62.288353,255188.75,7.1351843,-0.04333496,28.511738,116791.75,7.2844124,Ship-Water-Cloud-2.bmp,5600,2352
136.11694,536.7859,7.808864e+07,8.258675,-0.21801758,61.26595,251140.0,7.069338,0.07104493,54.29451,222411.0,7.037095,-0.03735351,22.475657,92066.0,7.1698227,Ship-Water-Cloud-2.bmp,5712,2352
137.49219,327.05704,7.8770824e+07,8.284039,-0.064453125,71.53539,293026.0,7.172306,0.039062478,62.309753,255227.0,7.150279,0.04052734,26.064522,106767.0,7.2342424,Ship-Water-Cloud-2.bmp,5824,2352
139.19446,290.37302,8.054976e+07,8.288658,-0.07434082,32.36819,132602.75,7.3379517,0.007934511,43.098755,176532.75,7.1384964,-0.02551269,13.769308,56401.75,7.3959255,Ship-Water-Cloud-2.bmp,5936,2352
313.33228,13973.449,4.593687e+08,8.098999,1.0932617,225.31725,927795.0,6.451808,0.82958984,185.35426,762030.0,6.5067635,-0.04956055,48.95579,200533.0,6.651609,Ship-Water-Cloud-2.bmp,0,2464
196.65186,6106.285,1.8341165e+08,8.044,-0.44848633,349.20316,1.43116e+06,7.002442,0.19506821,301.30792,1.234313e+06,6.8672056,-0.10009764,82.44725,337745.0,6.8889823,Ship-Water-Cloud-2.bmp,112,2464
302.333,9505.157,4.1332902e+08,8.131294,-1.1049805,233.94882,963255.5,6.8195724,0.0732422,204.00891,835642.5,6.5322347,-0.03515625,59.140244,242243.5,6.4789467,Ship-Water-Cloud-2.bmp,224,2464
319.58838,19408.994,4.978513e+08,8.020962,1.0412598,318.45508,1.308833e+06,6.545904,-0.380371,288.44467,1.182062e+06,6.5061426,0.08569336,74.127914,303658.0,6.595843,Ship-Water-Cloud-2.bmp,336,2464
197.5946,6267.7207,1.8559528e+08,8.028899,0.011108398,630.62067,2.5830228e+06,7.1676083,-0.110961944,582.3455,2.3853378e+06,7.151436,-0.059692383,181.21146,742256.75,7.0762887,Ship-Water-Cloud-2.bmp,448,2464
208.3468,6924.447,2.061633e+08,8.030327,0.17419434,652.8301,2.6741162e+06,7.2081146,0.13928223,566.6365,2.3210222e+06,7.240863,-0.0030517597,177.28278,726150.25,7.0840487,Ship-Water-Cloud-2.bmp,560,2464
185.9336,5651.357,1.64752e+08,8.015707,0.10620118,567.596,2.3249195e+06,7.153479,-0.020019643,460.49387,1.8861845e+06,7.1028314,-0.19848633,131.45657,538607.5,7.2415953,Ship-Water-Cloud-2.bmp,672,2464
187.46509,14651.021,2.0395696e+08,7.7233167,0.36889648,592.0519,2.425602e+06,7.083602,0.009033196,465.4438,1.906458e+06,6.9883494,0.0012207069,111.700195,457524.0,7.094823,Ship-Water-Cloud-2.bmp,784,2464
141.63,19423.43,1.6172026e+08,7.2843785,0.42370605,302.7058,1.2406182e+06,6.686206,0.46203625,370.8537,1.5198912e+06,6.5651464,0.09411621,66.37304,271900.25,6.7004366,Ship-Water-Cloud-2.bmp,896,2464
109.9812,20197.602,1.3227404e+08,6.875493,0.29638672,156.61784,641866.5,5.725695,0.7778321,245.71127,1.0089115e+06,5.9183497,-0.02563477,32.713577,133997.5,5.869773,Ship-Water-Cloud-2.bmp,1008,2464
69.52661,2643.9966,3.0629668e+07,7.3266163,-0.023925781,18.655432,76415.0,5.5564737,0.15014648,30.182777,123721.0,4.506461,-0.016601562,5.14279,21066.0,5.5258884,Ship-Water-Cloud-2.bmp,1120,2464
102.95337,3644.3303,5.8342304e+07,7.7752447,-0.099853516,35.272133,144515.5,5.973865,0.34936523,64.90126,266335.5,5.344782,-0.009521483,14.730499,60336.5,5.6375,Ship-Water-Cloud-2.bmp,1232,2464
99.85254,3660.3203,5.583196e+07,7.805186,0.15209961,15.275082,62661.5,7.263094,-0.5512695,12.388119,51986.5,7.2884007,-0.016357424,3.6543953,14969.5,7.4688153,Ship-Water-Cloud-2.bmp,1344,2464
46.6062,3209.156,2.204178e+07,7.0061727,-0.3408203,11.273123,46650.5,6.757835,-0.49633786,9.973497,41860.5,6.856739,-0.0014648442,2.7972388,11457.5,7.2898726,Ship-Water-Cloud-2.bmp,1456,2464
242.90039,19366.078,3.2098992e+08,7.8667574,-0.63842773,36.49134,151138.0,7.308773,-1.4162598,28.439035,124702.0,7.418482,0.08203125,6.8558197,28109.0,7.49391,Ship-Water-Cloud-2.bmp,1568,2464
266.44934,20035.258,3.7286096e+08,7.9038286,-0.32995605,72.71846,298300.75,6.2812386,-1.4537352,66.402954,280642.75,6.1800294,0.046264645,17.199215,70456.75,6.2725515,Ship-Water-Cloud-2.bmp,1680,2464
222.43005,6743.1606,2.3027011e+08,8.0791,0.3717041,138.42966,567573.75,6.5564833,-0.65441895,140.55775,577478.75,6.385237,0.0074462863,40.395878,165461.75,6.5325212,Ship-Water-Cloud-2.bmp,1792,2464
209.3695,10069.402,2.2079485e+08,7.9188223,0.04064943,255.177,1.04521175e+06,6.4335885,0.0672608,243.56181,997647.75,6.4075985,-0.00915527,73.43443,300787.75,6.253791,Ship-Water-Cloud-2.bmp,1904,2464
238.16064,20122.812,3.147502e+08,7.7939157,-0.33911133,357.20996,1.463603e+06,6.541811,0.10888672,322.69614,1.321812e+06,6.3906584,0.036376957,103.736465,424910.0,6.3627644,Ship-Water-Cloud-2.bmp,2016,2464
234.86365,13332.594,2.805495e+08,7.9528112,0.58825684,249.87141,1.02489075e+06,6.6686425,-0.6468505,243.18161,997785.75,6.6793566,0.020629875,72.86792,298468.75,6.4619694,Ship-Water-Cloud-2.bmp,2128,2464
166.73181,16205.507,1.8024448e+08,7.561517,-0.43859863,74.82503,307271.25,6.8760753,-0.88488764,71.38403,295596.25,6.8137345,0.05847168,23.106747,94659.25,6.621994,Ship-Water-Cloud-2.bmp,2240,2464
303.96692,18390.846,4.5378246e+08,8.009867,-0.32214355,57.72172,236853.25,6.9232836,-1.357788,52.28147,221696.25,6.8600054,0.012817383,14.166157,58025.25,6.593796,Ship-Water-Cloud-2.bmp,2352,2464
396.70288,11757.496,6.9275923e+08,8.20113,-0.6386719,50.786926,209694.0,6.9985833,-0.43969712,39.453884,162395.0,6.9960327,-0.018554688,12.856344,52661.0,6.488495,Ship-Water-Cloud-2.bmp,2464,2464
422.78857,8486.081,7.6691974e+08,8.240609,0.73339844,79.32211,327106.5,6.4506764,0.46289062,64.11446,263490.5,6.576931,-0.026367186,23.380775,95770.5,6.432398,Ship-Water-Cloud-2.bmp,2576,2464
236.52612,10843.133,2.735626e+08,7.9846177,0.30639648,387.4817,1.5875095e+06,7.0997295,0.22412112,305.44113,1.2512925e+06,7.1079183,-0.048339844,111.965805,458621.5,6.962013,Ship-Water-Cloud-2.bmp,2688,2464
127.73425,5899.361,9.099428e+07,7.750303,0.44470215,172.82684,708708.75,6.629494,0.43615723,126.51015,518964.75,6.683076,-0.029663082,42.665558,174761.75,6.7961664,Ship-Water-Cloud-2.bmp,2800,2464
69.354004,289.29596,2.0886626e+07,8.200298,0.05102539,5.299032,21715.5,5.59471,0.1694336,3.9235625,16188.5,6.1833143,0.024169922,2.8086197,11506.5,7.053213,Ship-Water-Cloud-2.bmp,2912,2464
56.287476,680.9704,1.5766528e+07,7.973819,0.05407715,4.6077323,18885.25,6.2991114,0.20617677,4.167025,17242.25,6.4486732,0.006958008,2.63429,10790.25,6.812135,Ship-Water-Cloud-2.bmp,3024,2464
42.516357,1179.6327,1.2235872e+07,7.407743,-0.10424805,14.117428,57869.5,6.211749,0.15942386,14.398535,59080.5,6.416131,0.022216797,5.15246,21106.5,6.717083,Ship-Water-Cloud-2.bmp,3136,2464
83.86328,3803.895,4.438813e+07,7.5212445,-0.56933594,22.583328,93829.0,6.9873486,-0.14794917,20.001549,82016.0,7.1358714,0.03515625,7.0790863,29001.0,7.274276,Ship-Water-Cloud-2.bmp,3248,2464
254.84656,6681.2373,2.933883e+08,8.1366825,-0.37268066,60.073822,246631.25,6.8358,-0.34216303,73.126884,300007.25,6.646126,0.055786133,17.579226,72017.25,6.955206,Ship-Water-Cloud-2.bmp,3360,2464
242.04297,6367.3,2.6604378e+08,8.118784,0.30566406,85.52034,350674.0,7.0460267,0.015380859,89.72144,367500.0,6.935994,-0.0046386635,21.663551,88734.0,7.1527977,Ship-Water-Cloud-2.bmp,3472,2464
201.46594,5897.171,1.904054e+08,8.051021,-0.3145752,58.34227,239375.25,7.250122,0.5032959,50.24822,206854.25,7.2728972,0.029418949,16.226002,66465.25,7.322769,Ship-Water-Cloud-2.bmp,3584,2464
363.53638,13258.103,5.956272e+08,8.154327,-0.52734375,48.123756,198254.0,6.992199,0.9199219,34.12249,143231.98,7.1119413,-0.09057617,12.348486,50613.0,7.0536637,Ship-Water-Cloud-2.bmp,3696,2464
306.943,12057.989,4.3529008e+08,8.101303,0.88049316,107.65497,444130.25,6.7708464,0.6343994,65.52338,270032.25,6.9024024,0.002075199,22.837704,93543.25,7.0047984,Ship-Water-Cloud-2.bmp,3808,2464
180.5924,2364.6877,1.4327114e+08,8.162018,0.053100586,184.30536,754926.25,6.6010714,-0.14978033,108.39023,444058.25,6.864604,0.0057372972,35.364773,144854.25,6.9789295,Ship-Water-Cloud-2.bmp,3920,2464
163.10107,240.52496,1.0994682e+08,8.300054,0.13671875,44.850445,183784.0,6.9609957,-0.023193372,41.063183,168197.0,7.2326107,-0.027587894,16.169407,66233.0,7.3120413,Ship-Water-Cloud-2.bmp,4032,2464
158.29602,1750.2749,1.0980518e+08,8.150696,-0.006225587,52.7958,216251.75,7.015649,-0.07604987,112.2278,459708.75,6.026331,-0.043334953,19.381363,79393.75,7.1507053,Ship-Water-Cloud-2.bmp,4144,2464
143.4253,3990.3696,1.0060261e+08,7.8751993,-0.030761719,57.71097,236388.0,6.893853,0.11694339,192.0774,786805.0,5.816055,-0.05053711,20.573374,84279.0,7.0335755,Ship-Water-Cloud-2.bmp,4256,2464
139.18213,4175.7134,9.645006e+07,7.832374,0.012939453,68.61861,281062.5,6.810195,0.08056642,179.21213,734079.5,5.806917,-0.047119144,22.555275,92395.5,6.9286175,Ship-Water-Cloud-2.bmp,4368,2464
135.87415,1443.9768,8.1534e+07,8.136181,0.0072021466,62.426033,255697.25,7.1604524,-0.00598148,86.113556,352721.25,6.3117075,0.026489258,21.272797,87136.25,7.322169,Ship-Water-Cloud-2.bmp,4480,2464
197.1748,8060.027,1.9225776e+08,7.965334,-0.21386719,379.75397,1.5556595e+06,6.99032,-0.0031737238,145.93002,597729.5,7.0985746,0.07885742,58.602303,240060.5,7.240252,Ship-Water-Cloud-2.bmp,4592,2464
211.45801,16238.936,2.4966523e+08,7.807083,0.532959,595.97876,2.4422925e+06,6.7625685,0.15502928,128.68825,527205.5,6.876603,-0.012695301,75.45137,309049.5,6.8486695,Ship-Water-Cloud-2.bmp,4704,2464
98.75293,10420.363,8.262658e+07,7.340904,0.5917969,161.57312,663238.0,5.750171,0.30541995,46.48216,190773.0,6.439292,0.044189442,21.518555,88148.0,6.1647434,Ship-Water-Cloud-2.bmp,4816,2464
11.619019,436.046,2.3390108e+06,5.773742,-0.007690427,78.91199,323223.75,4.5169964,0.005981438,10.82754,44349.75,5.1155195,0.018920902,12.936838,52990.75,4.5066376,Ship-Water-Cloud-2.bmp,4928,2464
19.877075,1786.7062,8.936671e+06,5.835388,-0.068725586,40.918312,167620.75,4.2347827,-0.5076904,11.341555,47510.75,5.834972,0.008911131,5.814069,23814.75,4.85049,Ship-Water-Cloud-2.bmp,5040,2464
120.900024,5006.459,8.0376936e+07,7.9548244,-0.4119873,105.77552,433951.75,5.626089,-0.008911163,26.720074,109445.75,6.863576,-0.008911137,17.985943,73670.75,6.651231,Ship-Water-Cloud-2.bmp,5152,2464
140.7605,258.25024,8.221397e+07,8.292568,0.08129883,31.516096,129117.0,7.2669973,0.015380897,24.52906,100472.0,7.2779155,0.033447266,12.56016,51451.0,7.4581265,Ship-Water-Cloud-2.bmp,5264,2464
144.17749,405.2257,8.680397e+07,8.279951,0.16577148,66.59519,272886.5,7.276537,0.015624944,64.74304,265188.5,7.143613,-0.011718757,29.462627,120679.5,7.2408385,Ship-Water-Cloud-2.bmp,5376,2464
142.75195,352.70435,8.491346e+07,8.283863,0.08691406,47.94704,196422.0,7.3552375,0.0024414808,53.998775,221179.0,7.0627894,-0.030761722,20.845734,85388.0,7.3857956,Ship-Water-Cloud-2.bmp,5488,2464
143.5791,346.2556,8.585713e+07,8.284859,-0.08178711,33.209255,136052.5,7.3963566,-0.06054686,37.962273,155508.5,7.0056467,0.010498045,15.219738,62340.5,7.407933,Ship-Water-Cloud-2.bmp,5600,2464
137.49707,268.78076,7.8537624e+07,8.2895775,0.13623047,62.873283,257605.0,7.0448847,-0.10668939,39.02841,159907.0,7.1639957,0.04370117,21.20805,86876.0,7.089367,Ship-Water-Cloud-2.bmp,5712,2464
142.3446,409.5511,8.4670616e+07,8.2773285,-0.18371582,98.82385,404920.75,7.2252116,0.008666999,58.32726,238908.75,7.235491,0.022827145,31.101467,127393.75,7.2914104,Ship-Water-Cloud-2.bmp,5824,2464
137.34204,463.87994,7.916223e+07,8.272985,0.07055664,47.259552,193595.5,7.333703,0.04125975,33.662483,137888.5,7.3843565,-0.0075683594,16.22858,66472.5,7.356091,Ship-Water-Cloud-2.bmp,5936,2464
180.72864,11249.72,1.7986586e+08,7.8116264,-0.19567871,69.58385,285172.25,6.853873,-0.5482178,70.01006,287992.25,6.6828847,0.029907227,15.736227,64459.25,6.918089,Ship-Water-Cloud-2.bmp,0,2576
185.68408,8959.102,1.7792074e+08,7.8857555,-0.36523438,203.99478,836109.0,6.9010744,-0.64086914,185.75873,762550.0,6.722872,-0.033447266,49.041847,200880.0,6.782344,Ship-Water-Cloud-2.bmp,112,2576
258.65198,8858.135,3.1030877e+08,8.078991,-0.6446533,264.61218,1.0855538e+06,7.095907,0.00036619604,188.03876,770206.75,7.077203,-0.018432613,59.897064,245339.75,7.002923,Ship-Water-Cloud-2.bmp,224,2576
277.23523,11741.944,3.62911e+08,8.041755,0.8712158,328.3288,1.3479438e+06,6.985523,0.2364501,275.73212,1.1296278e+06,6.968446,-0.0303955,67.20263,275265.75,7.0823016,Ship-Water-Cloud-2.bmp,336,2576
198.48315,6875.2437,1.8952522e+08,8.0262375,0.07128906,479.21692,1.9628935e+06,7.136101,-0.34448242,480.18372,1.9673185e+06,7.145545,-0.015625,128.86365,527826.5,7.110739,Ship-Water-Cloud-2.bmp,448,2576
133.32336,11901.537,1.2155558e+08,7.5472484,0.33361816,401.44308,1.6447668e+06,6.734293,0.7076416,388.51654,1.5934148e+06,6.713415,0.03869629,106.80289,437470.75,6.5910144,Ship-Water-Cloud-2.bmp,560,2576
133.85657,16868.63,1.4248432e+08,7.2496643,-0.3614502,169.25247,693793.25,6.2707496,0.61486816,196.99065,808422.25,6.018442,0.04919433,41.218834,168842.25,6.433831,Ship-Water-Cloud-2.bmp,672,2576
108.97266,20175.316,1.3127826e+08,6.886865,0.6159668,278.25937,1.1413045e+06,5.9690146,0.69384766,231.1466,948748.5,6.0043597,0.036865246,47.895493,196185.5,6.06911,Ship-Water-Cloud-2.bmp,784,2576
35.459106,181.98079,5.895492e+06,7.846017,0.022338867,4.5819597,18769.75,5.5952177,0.101684555,5.4432125,22337.75,5.1686516,0.013549804,2.2062979,9037.75,7.4087543,Ship-Water-Cloud-2.bmp,896,2576
57.15735,3977.3193,2.9672578e+07,6.6033096,-0.048461914,42.557037,174323.25,4.6435614,0.050415035,139.42818,571108.25,4.7674203,0.009643553,19.261932,78897.25,4.7280617,Ship-Water-Cloud-2.bmp,1008,2576
61.142456,2198.8591,2.4319012e+07,7.126231,0.033325195,26.049366,106702.75,4.417285,0.060669005,62.56242,256270.75,4.422304,0.039917,12.160699,49816.75,4.7974367,Ship-Water-Cloud-2.bmp,1120,2576
63.51587,832.03723,1.9932376e+07,7.915023,-0.2529297,9.367544,38631.5,6.4467196,0.2902832,10.876796,44896.5,5.4752517,0.009277341,3.6413932,14915.5,6.3542438,Ship-Water-Cloud-2.bmp,1232,2576
112.446045,3604.6504,6.6554936e+07,7.879723,-0.11987305,17.724766,72659.5,7.2801905,0.4631348,19.27806,79841.5,7.292713,-0.0134277325,4.1378813,16949.5,7.4929066,Ship-Water-Cloud-2.bmp,1344,2576
186.82959,10202.486,1.8476147e+08,7.8777776,-0.37426758,31.112244,128009.5,7.3167257,-0.7399902,26.503807,110802.5,7.399356,-0.042968746,6.4579926,26459.5,7.4991775,Ship-Water-Cloud-2.bmp,1456,2576
370.6714,18473.633,6.384472e+08,8.117794,-1.1960449,35.850117,152701.5,7.1452584,0.45385736,32.42695,133664.5,7.072033,-1.8626451e-09,6.687134,27390.5,7.2427073,Ship-Water-Cloud-2.bmp,1568,2576
482.99597,3082.7622,9.681628e+08,8.294742,-0.04699707,12.198169,49972.75,6.223999,0.088745,13.52429,55427.754,6.262801,0.036499023,2.8001206,11474.75,6.4674063,Ship-Water-Cloud-2.bmp,1680,2576
431.13354,11299.391,8.07631e+08,8.219061,0.47827148,38.162006,157248.5,6.364955,-0.9421385,33.367867,140310.5,6.386462,-0.015869137,8.677604,35544.5,6.2515287,Ship-Water-Cloud-2.bmp,1792,2576
261.94836,10118.954,3.2250224e+08,8.057524,0.7113037,75.831635,312678.75,6.6942096,-0.392456,89.531715,367352.78,6.602479,0.00036621094,19.253845,78863.75,6.617407,Ship-Water-Cloud-2.bmp,1904,2576
240.48389,7802.43,2.6884067e+08,8.079116,-0.21875,142.31628,583123.5,6.691695,-0.066162065,136.51161,559169.5,6.663319,0.15209961,46.881775,192122.5,6.3765483,Ship-Water-Cloud-2.bmp,2016,2576
348.6737,11303.39,5.442631e+08,8.163055,0.07458496,281.4088,1.1526732e+06,6.588596,-0.10778816,243.08415,995720.25,6.6009407,0.17541504,82.42803,337751.25,6.3581805,Ship-Water-Cloud-2.bmp,2128,2576
212.35205,14260.293,2.4311269e+08,7.83794,0.30908203,86.92363,356430.5,6.711404,0.82324225,68.12831,281829.5,6.9931984,-0.038085938,22.755753,93213.5,6.6191792,Ship-Water-Cloud-2.bmp,2240,2576
425.38818,14623.359,8.010894e+08,8.193598,-0.8754883,45.38977,189056.0,6.2041974,0.31518582,43.219017,177432.0,6.209963,-0.060302734,15.599149,63909.0,5.6643825,Ship-Water-Cloud-2.bmp,2352,2576
449.12646,5311.1377,8.4797734e+08,8.26985,0.4560547,20.62661,85338.5,6.8219404,0.41113284,17.17704,71049.5,6.772318,-0.00048828125,4.7205806,19335.5,6.846363,Ship-Water-Cloud-2.bmp,2464,2576
311.30884,10417.37,4.39626e+08,8.130785,0.8010254,139.81757,575321.0,6.9161673,0.40820336,118.59582,486451.0,6.901759,-0.026855472,32.598648,133527.0,7.0421185,Ship-Water-Cloud-2.bmp,2576,2576
184.90442,4566.452,1.5874496e+08,8.065056,0.44909668,296.272,1.2143562e+06,6.974927,-0.28039548,237.88898,974715.25,6.997672,0.017211907,81.19434,332573.25,7.0372066,Ship-Water-Cloud-2.bmp,2688,2576
69.23767,2741.921,3.0866538e+07,7.3995404,0.46325684,68.27581,280536.75,5.687208,-0.24475099,56.863617,233158.75,5.7806187,0.041381843,22.631771,92706.75,5.648943,Ship-Water-Cloud-2.bmp,2800,2576
44.21643,312.16486,9.286688e+06,7.9315815,-0.014770508,3.5755262,14646.25,6.2539244,0.07873535,7.357876,30163.25,5.4585476,-0.019165039,2.0265489,8302.25,7.208537,Ship-Water-Cloud-2.bmp,2912,2576
42.49756,46.21923,7.586864e+06,8.267473,0.005859375,1.6293602,6674.0,6.9634304,0.0029296982,2.4052649,9852.0,6.1149282,-0.0043945312,1.3964648,5720.0,7.408412,Ship-Water-Cloud-2.bmp,3024,2576
70.79089,6260.2417,4.6168444e+07,6.874067,-0.23352051,29.411226,120691.75,5.906006,-0.6710205,53.45812,220808.75,5.7727046,0.014038086,14.443101,59159.75,6.0590243,Ship-Water-Cloud-2.bmp,3136,2576
222.41235,17124.014,2.7275782e+08,7.879549,-0.90185547,34.133316,143141.5,7.0976763,-0.79589844,50.71359,210317.5,6.7276525,0.009521487,14.052766,57560.5,6.7905426,Ship-Water-Cloud-2.bmp,3248,2576
323.31116,3496.2695,4.4247603e+08,8.25425,-0.40515137,21.614845,89206.75,7.482848,0.10949707,20.460604,83855.75,7.4830136,0.0357666,6.8763456,28170.75,7.51187,Ship-Water-Cloud-2.bmp,3360,2576
317.99768,13141.073,4.680237e+08,8.107795,0.6795654,31.746748,131926.25,7.2964287,-0.0565186,25.76542,105548.25,7.377183,0.033081055,6.8226967,27950.25,7.392624,Ship-Water-Cloud-2.bmp,3472,2576
119.802246,2742.337,7.0020776e+07,8.024451,0.052246094,48.600906,199080.5,7.008119,0.0034180135,30.565538,125196.5,7.1918793,-0.010742188,10.859383,44480.5,7.2432547,Ship-Water-Cloud-2.bmp,3584,2576
219.63489,10892.454,2.4220442e+08,7.897871,-0.4678955,152.08655,623843.25,6.876929,-0.1470947,96.992096,397368.25,7.0500345,-0.057983395,34.80114,142559.25,7.168584,Ship-Water-Cloud-2.bmp,3696,2576
199.69568,8948.374,1.999943e+08,7.9090576,0.83483887,319.5891,1.3118918e+06,7.1822176,0.29138184,196.53076,805337.75,7.16574,-0.037231445,71.24562,291827.75,7.252794,Ship-Water-Cloud-2.bmp,3808,2576
167.73523,3208.2983,1.2838259e+08,8.117373,0.030883789,234.37007,959983.75,6.9504204,0.003540028,157.64763,645724.75,6.937584,-0.021606447,55.174522,225996.75,7.1074476,Ship-Water-Cloud-2.bmp,3920,2576
171.18213,3327.3457,1.3365522e+08,8.060791,0.32495117,97.11792,398227.5,6.502653,-0.01928708,172.59204,706938.5,6.241386,-0.03173828,31.56674,129301.5,6.8423796,Ship-Water-Cloud-2.bmp,4032,2576
155.2323,1972.8,1.0678218e+08,8.126069,0.28015137,62.710518,257183.75,6.6859303,0.17199707,118.92471,487236.75,6.1421447,0.0357666,20.317509,83225.75,7.063016,Ship-Water-Cloud-2.bmp,4144,2576
123.003174,234.98827,6.2934092e+07,8.286558,0.12524414,25.887634,106100.0,7.375248,0.039550807,26.606346,108986.0,7.310396,0.057128906,10.659335,43674.0,7.4090204,Ship-Water-Cloud-2.bmp,4256,2576
104.32153,199.19984,4.5392616e+07,8.280631,0.08178711,30.646873,125557.0,7.2804937,-0.0034179948,26.950916,110391.0,7.2990527,0.010253903,13.738175,56272.0,7.3928337,Ship-Water-Cloud-2.bmp,4368,2576
109.52551,289.73026,5.032169e+07,8.2696495,-0.028198242,39.559814,162040.25,7.2314568,0.0028076116,32.100147,131482.25,7.17517,-0.08557129,17.016422,69729.25,7.334597,Ship-Water-Cloud-2.bmp,4480,2576
153.6305,7585.688,1.2774611e+08,7.741885,-0.38562012,221.92802,909626.25,6.6703386,0.44104004,107.99939,443162.25,6.8631907,0.02062988,39.464725,161649.25,7.0021,Ship-Water-Cloud-2.bmp,4592,2576
212.04712,15361.361,2.470926e+08,7.827745,0.075927734,730.959,2.9940315e+06,6.9557133,0.26708984,154.38434,632650.5,7.0914927,0.047851577,81.61185,334291.5,6.8936415,Ship-Water-Cloud-2.bmp,4704,2576
208.92786,15555.539,2.4250934e+08,7.8393016,0.115356445,371.52533,1.5218222e+06,6.4086056,-0.49377453,136.84488,561515.25,6.7721853,0.039916996,54.553402,223457.25,6.6225595,Ship-Water-Cloud-2.bmp,4816,2576
110.09827,14327.646,1.0833623e+08,7.2875814,0.35217285,56.0744,230188.75,5.257625,-0.8043213,23.044413,97039.75,6.7167444,0.017456055,7.902222,32368.75,5.91541,Ship-Water-Cloud-2.bmp,4928,2576
147.76855,15187.874,1.5164792e+08,7.588555,-0.36694336,92.70983,380291.0,5.532756,0.13891602,38.621323,158272.0,6.949071,-0.005859372,13.178432,53979.0,5.719861,Ship-Water-Cloud-2.bmp,5040,2576
102.44446,7709.4185,7.456475e+07,7.6136217,0.07800293,110.52278,452726.25,5.738861,0.2279053,31.435427,128972.25,6.797554,0.03137207,16.203423,66373.25,6.5087457,Ship-Water-Cloud-2.bmp,5152,2576
142.26514,189.168,8.367528e+07,8.299164,-0.020263672,37.6407,154178.0,7.2181406,-0.03515629,25.071762,102699.0,7.29859,-0.0134277325,16.074284,65841.0,7.376391,Ship-Water-Cloud-2.bmp,5264,2576
143.0221,313.4062,8.50687e+07,8.2867985,0.13513184,66.58177,272793.75,7.2312155,-0.044311453,53.797775,220363.75,7.2043066,-0.009399414,27.942478,114452.75,7.235697,Ship-Water-Cloud-2.bmp,5376,2576
144.00623,302.12772,8.617951e+07,8.286892,0.1463623,58.776733,240837.25,7.28808,-0.029418971,43.02019,176214.25,7.3110814,-0.027954103,22.950941,94010.25,7.3557243,Ship-Water-Cloud-2.bmp,5488,2576
147.70654,274.07123,9.0485944e+07,8.292515,-0.057128906,44.186066,180999.5,7.3427987,0.04272462,32.134773,131631.5,7.3713636,-0.03930664,17.376019,71178.5,7.403546,Ship-Water-Cloud-2.bmp,5600,2576
139.24402,296.79855,8.063261e+07,8.288261,-0.0064697266,38.933247,159470.75,7.0547476,0.012329042,22.979279,94123.75,7.4726486,-0.039428715,11.343355,46468.75,7.476066,Ship-Water-Cloud-2.bmp,5712,2576
142.99927,567.5056,8.608275e+07,8.262144,0.1940918,95.353195,390721.0,7.0670557,-0.068603486,67.71844,277394.0,7.0918865,-0.08520508,29.97321,122800.0,7.1744947,Ship-Water-Cloud-2.bmp,5824,2576
127.940796,715.14624,6.997604e+07,8.238969,0.23498535,75.16371,308096.75,7.1479874,-0.0023192912,50.93548,208631.75,7.179362,-0.012817384,22.398945,91746.75,7.15803,Ship-Water-Cloud-2.bmp,5936,2576
354.89417,13166.96,5.698225e+08,8.142625,-0.5233154,53.847054,221679.25,7.044843,-0.557495,37.974167,156815.25,7.1385913,0.025024414,9.061446,37118.25,7.2022285,Ship-Water-Cloud-2.bmp,0,2688
444.3523,9859.896,8.491371e+08,8.237527,-0.34179688,32.773796,134720.0,6.517329,-0.76171863,28.908798,120787.0,6.4745054,0.011474609,5.4271145,22230.0,6.552382,Ship-Water-Cloud-2.bmp,112,2688
393.49988,10981.999,6.7921574e+08,8.191929,0.83117676,84.11389,347360.25,6.541803,-0.7635498,77.39385,319393.25,6.5319076,0.068725586,19.126198,78360.25,6.46899,Ship-Water-Cloud-2.bmp,224,2688
231.68774,9746.428,2.5979142e+08,8.021771,0.7873535,505.32806,2.072363e+06,6.7734017,0.3413086,486.01852,1.991209e+06,6.7684584,0.062988274,128.0805,524634.0,6.7581224,Ship-Water-Cloud-2.bmp,336,2688
117.63025,16451.422,1.2406086e+08,7.1515083,0.81359863,538.2428,2.2073538e+06,6.1305504,0.7825927,595.56085,2.4419258e+06,6.035857,0.029418945,177.12018,725487.75,6.02538,Ship-Water-Cloud-2.bmp,448,2688
30.81665,104.760574,4.318931e+06,7.9350185,0.025634766,20.25911,82984.0,2.8857188,-0.02319337,22.948439,93999.0,2.946231,0.0026855464,11.360835,46534.0,3.1615834,Ship-Water-Cloud-2.bmp,560,2688
32.99695,512.4609,6.5587585e+06,7.022849,-0.14611816,15.778638,64716.75,3.8639307,-0.047973625,22.660479,92826.75,3.6873064,0.022827148,8.319486,34078.75,4.422737,Ship-Water-Cloud-2.bmp,672,2688
50.46582,5312.213,3.2190512e+07,6.120382,-0.087646484,52.548344,215269.5,4.955547,-0.04321289,126.79416,519356.5,4.774352,0.016113281,22.077011,90428.5,5.2488365,Ship-Water-Cloud-2.bmp,784,2688
39.94287,14.975983,6.596235e+06,8.299692,-0.018066406,2.0641265,8456.0,7.5594063,-0.029785177,2.013273,8250.0,7.583466,-0.02441406,1.8907609,7747.0,7.563994,Ship-Water-Cloud-2.bmp,896,2688
41.743774,18.73397,7.214189e+06,8.295894,-0.008178711,2.3823183,9758.25,7.48514,0.0067138458,2.2727213,9309.25,7.421997,0.016479492,1.9636564,8044.25,7.5660744,Ship-Water-Cloud-2.bmp,1008,2688
44.211914,7.3269157,8.036435e+06,8.310322,-0.059814453,2.140221,8781.0,7.4920444,0.032226566,1.9921255,8164.0,7.5606904,-0.00024414016,1.913574,7838.0,7.525345,Ship-Water-Cloud-2.bmp,1120,2688
53.31604,1007.46857,1.5769882e+07,7.5813665,-0.095336914,26.786867,109756.25,5.135439,-0.2508545,29.88733,122676.25,5.1942863,-0.0006103534,7.6238394,31227.25,5.986448,Ship-Water-Cloud-2.bmp,1232,2688
109.81995,6662.349,7.668846e+07,7.597499,-0.22473145,120.108,492169.25,6.453683,-0.44104004,111.725464,458424.25,6.003703,-0.042846672,31.723322,129946.25,6.479978,Ship-Water-Cloud-2.bmp,1344,2688
294.13025,14449.756,4.1354182e+08,8.047749,-0.8026123,115.110016,474129.25,6.884635,0.23718256,92.60226,379529.25,6.8031793,-0.040405273,28.323624,116020.25,6.9788246,Ship-Water-Cloud-2.bmp,1456,2688
392.06494,10507.385,6.726546e+08,8.199685,-0.10180664,43.11049,176623.0,6.9831996,0.012939513,37.5262,153708.0,7.0431323,-0.012207031,9.041599,37035.0,7.0192523,Ship-Water-Cloud-2.bmp,1568,2688
414.55725,6864.3125,7.320454e+08,8.245239,-0.47253418,35.80314,147564.25,7.1800623,0.2149657,24.9309,102306.25,7.202644,-0.007690431,7.0952168,29062.25,7.311942,Ship-Water-Cloud-2.bmp,1680,2688
484.78357,2015.4299,9.7087706e+08,8.302287,0.17199707,9.205953,37828.75,6.4629292,0.49255365,8.181889,34506.742,6.59539,-0.018920898,2.610665,10694.75,6.5723004,Ship-Water-Cloud-2.bmp,1792,2688
287.18372,16144.86,4.0394483e+08,8.010674,1.189331,73.63597,307406.75,6.693329,0.22204594,71.26509,292103.75,6.8766932,-0.015502922,19.83295,81236.75,6.862796,Ship-Water-Cloud-2.bmp,1904,2688
291.88794,10724.551,3.9290112e+08,8.120865,-0.9279785,67.15619,278599.0,6.71393,-0.4990236,46.870358,193001.0,6.8153634,0.083984375,18.36941,75270.0,5.9144406,Ship-Water-Cloud-2.bmp,2016,2688
387.87305,11625.199,6.638416e+08,8.190841,-0.21289062,190.99495,782501.0,6.2070813,-0.559082,168.64958,692069.0,6.279075,0.234375,63.198486,259086.0,5.9702044,Ship-Water-Cloud-2.bmp,2128,2688
269.1162,18774.002,3.735451e+08,7.9413896,0.74731445,435.57495,1.7864025e+06,6.80859,-1.1000977,329.34534,1.3539555e+06,6.907336,0.036376953,139.86061,572874.5,6.705241,Ship-Water-Cloud-2.bmp,2240,2688
397.71094,16963.727,7.173641e+08,8.154537,-1.3937988,91.33356,382059.5,6.367011,-0.46044916,84.67239,347686.5,6.293109,-0.013916023,30.684256,125683.5,6.100238,Ship-Water-Cloud-2.bmp,2352,2688
424.62134,6664.9375,7.658218e+08,8.250805,0.8234863,29.277313,122697.5,6.903508,0.19995107,25.10199,102981.51,6.9475317,0.022705078,6.619236,27114.5,6.9326434,Ship-Water-Cloud-2.bmp,2464,2688
265.4071,6133.395,3.1364845e+08,8.160284,0.774292,116.86622,481139.75,7.0660152,0.028442368,141.98912,581590.75,6.824612,0.029907227,32.086205,131428.75,7.1421432,Ship-Water-Cloud-2.bmp,2576,2688
181.30225,8225.633,1.6832978e+08,7.852028,0.2878418,235.1459,963497.0,6.867346,0.06567377,302.2303,1.237953e+06,6.7722597,-0.12988281,69.70334,285574.0,6.8483734,Ship-Water-Cloud-2.bmp,2688,2688
141.95154,10315.194,1.24786424e+08,7.557062,0.6385498,149.35684,613435.75,6.64837,-0.36535648,241.44946,989523.75,6.48199,-0.0045166016,44.58976,182639.75,6.644166,Ship-Water-Cloud-2.bmp,2800,2688
59.75818,4085.3608,3.1360616e+07,6.8415236,-0.045776367,32.20951,131938.75,6.0408187,-0.8868408,62.80598,260474.75,5.843616,-0.036499023,10.949291,44853.75,6.450138,Ship-Water-Cloud-2.bmp,2912,2688
136.15625,12719.267,1.280319e+08,7.4188333,-0.3647461,95.45131,391513.5,6.7168097,-0.33325198,172.66347,707684.5,6.628867,-0.043212887,35.41134,145052.5,6.7879124,Ship-Water-Cloud-2.bmp,3024,2688
173.10352,13075.512,1.7629323e+08,7.636944,-0.04638672,142.48833,583641.0,6.60342,0.13696283,156.11136,639509.0,6.538208,-0.03540039,38.965054,159606.0,6.7381663,Ship-Water-Cloud-2.bmp,3136,2688
249.47998,7490.121,2.8561565e+08,8.09647,-0.31274414,46.56064,191113.0,6.464734,0.37475586,34.552673,142103.0,6.8708143,-0.03417968,10.637747,43577.0,7.045427,Ship-Water-Cloud-2.bmp,3248,2688
232.44019,7789.413,2.5320594e+08,8.077709,0.13623047,21.131342,86630.0,7.366233,0.4130859,21.714127,89640.0,7.3861084,-0.014892579,5.925803,24273.0,7.531201,Ship-Water-Cloud-2.bmp,3360,2688
209.69885,11356.979,2.2663408e+08,7.8923216,0.20373535,26.322931,107988.75,7.1186166,0.17077637,34.90681,143097.75,6.8158154,-0.00744629,9.098516,37267.75,6.736506,Ship-Water-Cloud-2.bmp,3472,2688
223.17029,12126.559,2.5367157e+08,7.9073997,-0.2886963,111.19309,455788.25,6.6545825,-0.6314697,110.54491,454425.25,6.5510097,0.05407715,29.37629,120337.25,6.7439065,Ship-Water-Cloud-2.bmp,3584,2688
265.07446,8493.462,3.225925e+08,8.089839,0.2763672,116.14286,476034.0,6.787796,0.06665051,131.11005,537045.0,6.462139,-0.05126953,28.423397,116433.0,6.991205,Ship-Water-Cloud-2.bmp,3696,2688
193.70203,4873.499,1.7364573e+08,8.071507,0.3560791,317.75644,1.3020498e+06,7.069302,0.24645995,205.2439,840927.75,7.0549107,-0.0657959,74.56665,305442.75,7.1091146,Ship-Water-Cloud-2.bmp,3808,2688
180.807,4742.4146,1.5332798e+08,8.057154,0.1763916,318.8626,1.3061888e+06,7.2536902,-0.04846192,223.06888,913699.75,7.075491,-0.05212403,76.867584,314860.75,7.2964807,Ship-Water-Cloud-2.bmp,3920,2688
156.07458,1086.8972,1.0422752e+08,8.245787,0.06726074,109.48467,448467.75,6.8224735,-0.10656738,80.91046,331455.75,6.8894095,0.010620117,27.606274,113075.75,7.139311,Ship-Water-Cloud-2.bmp,4032,2688
149.65991,306.82245,9.299932e+07,8.291147,0.16723633,52.82347,216479.5,6.6792564,-0.037841804,44.813145,183560.5,6.8969073,0.0061035156,16.720055,68485.5,7.1414824,Ship-Water-Cloud-2.bmp,4144,2688
124.28992,265.1388,6.436095e+07,8.284597,0.028686523,26.388763,108091.75,7.4831734,0.011840846,27.461468,112482.75,7.350482,0.013305668,10.973395,44947.75,7.451886,Ship-Water-Cloud-2.bmp,4256,2688
97.76672,205.63876,3.9993224e+07,8.273375,0.18103027,30.52979,125184.25,7.496689,-0.01647944,28.098179,115091.25,7.28177,-0.044067383,16.045483,65730.25,7.413361,Ship-Water-Cloud-2.bmp,4368,2688
101.346436,165.35387,4.274771e+07,8.284941,-0.1484375,35.826843,146837.0,7.2397103,-0.040527325,28.401188,116338.0,7.363993,0.0002441397,17.156738,70274.0,7.447762,Ship-Water-Cloud-2.bmp,4480,2688
116.75989,356.64532,5.7301064e+07,8.264759,-0.17590332,54.343872,222719.25,6.7883234,0.13830557,42.062965,172368.25,6.881584,0.012084961,18.766273,76867.25,7.1340175,Ship-Water-Cloud-2.bmp,4592,2688
213.37732,15703.193,2.5081066e+08,7.803903,-0.4605713,935.2789,3.8317712e+06,6.8440294,-0.3931886,226.4961,928361.25,6.9656715,-0.0030517578,127.898735,523873.25,6.699867,Ship-Water-Cloud-2.bmp,4704,2688
254.12488,13151.549,3.1838618e+08,7.9951797,-0.10095215,621.8351,2.5470782e+06,6.7423553,-0.35412592,241.48721,989645.25,6.6343994,-0.0657959,98.2655,402513.25,6.6503506,Ship-Water-Cloud-2.bmp,4816,2688
180.41797,14639.334,1.9329014e+08,7.800556,1.048584,125.82333,519876.0,6.0329027,0.38134763,106.800125,438049.0,5.8007236,-0.03393554,25.061836,102658.0,6.20662,Ship-Water-Cloud-2.bmp,4928,2688
55.934814,5833.7505,3.6710212e+07,6.888529,-0.2734375,101.78351,417211.5,4.893038,-0.57666016,20.475935,85231.5,6.1136193,0.019775394,14.052221,57559.5,5.195182,Ship-Water-Cloud-2.bmp,5040,2688
126.02991,7077.581,9.4048744e+07,7.852664,-0.06921387,66.298,271576.25,6.3543177,-0.44177258,72.033905,295850.25,6.096162,-0.059936523,20.530159,84106.25,6.7584476,Ship-Water-Cloud-2.bmp,5152,2688
139.29236,318.3698,8.077611e+07,8.284834,0.103637695,50.576115,207203.75,6.9363985,-0.06481932,32.13856,131656.75,7.126279,-0.08166504,18.201035,74578.75,7.200729,Ship-Water-Cloud-2.bmp,5264,2688
140.3219,259.3698,8.171358e+07,8.2910385,-0.017700192,42.440178,173836.25,7.2138324,0.11071784,34.018078,139388.25,7.2750573,-0.015014648,15.832111,64849.25,7.2943134,Ship-Water-Cloud-2.bmp,5376,2688
143.61133,248.9571,8.549651e+07,8.293297,-0.01977539,43.023773,176227.0,7.312483,0.0029296987,32.009514,131111.0,7.347769,0.06616211,16.687273,68369.0,7.402338,Ship-Water-Cloud-2.bmp,5488,2688
136.45935,169.68152,7.696726e+07,8.2994995,0.114868164,28.909836,118468.75,7.497503,0.07043451,22.992292,94196.75,7.476993,-0.01965332,12.516643,51269.75,7.4821014,Ship-Water-Cloud-2.bmp,5600,2688
138.83386,199.49481,7.976688e+07,8.297279,0.07897949,35.366257,144885.75,7.167822,0.11950678,20.965637,85933.75,7.416741,-0.07727051,11.900462,48768.75,7.478716,Ship-Water-Cloud-2.bmp,5712,2688
119.75098,1020.7698,6.291893e+07,8.194107,0.19702148,37.689945,154537.0,7.197728,0.1137695,34.834225,142734.0,6.9848757,-0.026611326,13.604271,55726.0,7.1993475,Ship-Water-Cloud-2.bmp,5824,2688
131.375,592.7085,7.31222e+07,8.254408,-0.03149414,75.30394,308449.0,7.0024,0.012939468,40.603592,166313.0,7.194705,-0.0068359375,20.72554,84892.0,7.1377177,Ship-Water-Cloud-2.bmp,5936,2688
478.74658,5708.31,9.621774e+08,8.277315,0.21459961,23.633635,96992.0,5.3788447,-0.36132812,19.53082,80533.0,5.645755,-0.031982422,3.9320824,16110.0,5.544528,Ship-Water-Cloud-2.bmp,0,2800
464.98132,5943.7656,9.0993216e+08,8.270721,-0.18713379,52.276077,214266.25,5.969928,0.27795395,37.94771,155750.25,5.9383364,0.028930664,9.24141,37856.25,5.88669,Ship-Water-Cloud-2.bmp,112,2800
401.6648,21361.707,7.483241e+08,8.130991,1.0754395,20.139694,87229.5,6.410061,1.2636719,22.162289,97317.5,6.374236,0.015136717,3.1485744,12897.5,6.64037,Ship-Water-Cloud-2.bmp,224,2800
125.75647,11560.299,1.1212795e+08,7.363846,1.1663818,231.53622,953944.75,5.216818,0.5479737,174.08298,714273.75,5.2182813,0.008178721,54.3197,222493.75,5.202672,Ship-Water-Cloud-2.bmp,336,2800
48.816895,2558.339,2.0240088e+07,6.4139285,0.23779297,81.57676,334370.0,4.114756,0.21606442,138.8967,569112.0,3.8801136,-0.008056644,33.660095,137872.0,4.2117434,Ship-Water-Cloud-2.bmp,448,2800
46.272705,2589.5042,1.9376814e+07,6.368119,0.015625,17.665283,72358.0,4.67819,-0.27954102,57.851543,237280.0,4.3688416,-0.05078125,5.5989833,22944.0,5.2940497,Ship-Water-Cloud-2.bmp,560,2800
39.693848,976.8636,1.0454897e+07,6.887046,-0.00048828125,17.637695,72244.0,4.1826735,0.06640625,31.518785,129119.0,3.967246,-0.002441409,7.048822,28872.0,4.6553,Ship-Water-Cloud-2.bmp,672,2800
39.44922,1062.6085,1.0726808e+07,6.7597203,-0.06762695,21.919865,89802.5,4.1376605,0.2607422,37.627945,154402.5,3.7750936,0.038818356,9.068684,37151.5,4.720499,Ship-Water-Cloud-2.bmp,784,2800
40.41455,142.41994,7.273496e+06,8.071161,-0.044189453,3.9360356,16130.0,5.8879743,-0.08911134,11.495967,47120.0,4.2985525,0.013671875,2.7937584,11444.0,6.542515,Ship-Water-Cloud-2.bmp,896,2800
71.01172,4227.4033,3.797019e+07,7.173102,-0.20092773,101.27688,414995.5,5.436753,-0.49316412,136.2618,559124.5,5.6691794,0.009521486,27.902863,114290.5,5.8630996,Ship-Water-Cloud-2.bmp,1008,2800
97.79675,4475.502,5.750664e+07,7.710161,-0.15441895,126.6454,518837.25,6.4084315,-0.57141113,125.28488,514504.25,6.530959,-0.057739258,33.38198,136746.25,6.63791,Ship-Water-Cloud-2.bmp,1120,2800
148.93213,3141.0215,1.037181e+08,8.113227,-0.09399414,163.862,671215.0,6.9220185,-0.28100586,130.09561,533195.0,6.8614225,0.0102539025,44.590958,182645.0,7.0348516,Ship-Water-Cloud-2.bmp,1232,2800
190.58289,1967.1948,1.5683187e+08,8.201114,0.02453613,134.68819,551685.25,7.1531544,0.010375962,157.73848,646097.25,6.845976,-0.026489262,44.586517,182629.25,7.293971,Ship-Water-Cloud-2.bmp,1344,2800
203.14465,3395.3826,1.829402e+08,8.160888,-0.22009277,239.62386,981697.75,7.203397,0.2406007,288.2013,1.1807098e+06,7.111351,-0.09631348,69.935486,286493.75,7.2993793,Ship-Water-Cloud-2.bmp,1456,2800
231.06458,9504.75,2.5762034e+08,7.994335,-0.41662598,205.13751,840954.25,7.0168123,0.8443605,194.45972,799427.25,7.1940446,-0.05871581,52.26052,214073.25,7.141941,Ship-Water-Cloud-2.bmp,1568,2800
330.73633,11944.861,4.969733e+08,8.140831,-0.37695312,82.79662,339717.0,6.8182435,0.74658215,111.312485,458219.0,6.5326424,-0.01660156,23.849823,97690.0,6.6723075,Ship-Water-Cloud-2.bmp,1680,2800
275.2893,17096.533,3.804395e+08,8.00131,0.8635254,48.102104,200080.5,7.301482,1.4450682,47.053497,201284.48,7.2856474,-0.010009765,10.446311,42788.5,7.1926346,Ship-Water-Cloud-2.bmp,1792,2800
120.6156,7130.8145,8.879693e+07,7.558522,0.4202881,52.94146,217571.75,6.45279,0.51672363,42.610374,175625.75,6.5831575,-0.0062255794,11.207176,45904.75,6.9293766,Ship-Water-Cloud-2.bmp,1904,2800
171.41455,12400.761,1.7114606e+08,7.740193,-0.6657715,60.358017,249042.0,6.7222176,0.6442872,48.536797,200507.0,6.7057447,0.0415039,14.71068,60262.0,6.0125885,Ship-Water-Cloud-2.bmp,2016,2800
410.17273,12138.104,7.388356e+08,8.203798,-0.9493408,57.102352,237582.75,6.5235157,0.08679196,36.95798,151410.75,6.8091083,0.06970215,10.5602665,43274.75,6.6137915,Ship-Water-Cloud-2.bmp,2128,2800
364.35046,15061.156,6.054397e+08,8.143436,0.7105713,388.66336,1.5940332e+06,6.546837,-0.13366683,354.94458,1.4539262e+06,6.484393,0.05847168,127.371895,521729.25,6.348999,Ship-Water-Cloud-2.bmp,2240,2800
308.5614,13545.529,4.454632e+08,8.081343,-0.41662598,210.01508,860932.75,6.7554026,0.5780028,214.97957,881924.75,6.656621,0.046752926,51.48506,210891.75,6.7263227,Ship-Water-Cloud-2.bmp,2352,2800
310.45312,8450.968,4.2939232e+08,8.169289,0.21801758,154.12302,631482.5,7.041563,0.8134765,154.98096,637512.5,6.9275703,0.0012206975,40.461304,165729.5,7.048561,Ship-Water-Cloud-2.bmp,2464,2800
226.65027,7974.5312,2.4307662e+08,8.048467,0.47766113,97.56865,400575.75,7.0053434,0.5716554,98.67632,405516.75,7.004319,0.04699707,28.823166,118068.75,7.1434574,Ship-Water-Cloud-2.bmp,2576,2800
146.77905,739.15515,9.127218e+07,8.259312,0.08227539,87.621765,358926.5,7.0487843,-0.10839847,104.65853,428729.5,6.9785776,-0.033203125,31.85839,130496.5,7.22079,Ship-Water-Cloud-2.bmp,2688,2800
175.78577,7691.424,1.5807309e+08,7.833679,-0.33703613,162.63232,666607.25,6.628524,-0.12951669,217.92982,892709.25,6.602066,0.004028324,56.481487,231348.25,6.708418,Ship-Water-Cloud-2.bmp,2800,2800
210.87048,19551.23,2.6221603e+08,7.6910696,0.3609619,280.47046,1.1493408e+06,6.3292136,0.0064697266,364.07166,1.4912378e+06,6.5103765,-0.01037598,101.36091,415174.75,6.214125,Ship-Water-Cloud-2.bmp,2912,2800
96.69409,3397.832,5.2214084e+07,7.567242,0.42114258,42.373177,174287.0,4.8760595,0.42309573,51.229923,210571.0,5.4075737,-0.041259766,16.202154,66371.0,5.2130976,Ship-Water-Cloud-2.bmp,3024,2800
61.935547,1979.9939,2.3822362e+07,7.2504086,-0.19238281,17.329443,71133.0,5.0439005,0.22241211,10.086275,41516.004,5.574464,-0.014404296,4.903845,20087.0,6.3725348,Ship-Water-Cloud-2.bmp,3136,2800
181.92212,11038.239,1.8077245e+08,7.811228,-0.5439453,156.35904,641658.5,6.3753934,0.42578137,99.25023,407271.5,6.6366057,0.0026855431,30.739124,125907.5,6.717201,Ship-Water-Cloud-2.bmp,3248,2800
201.94641,4343.5347,1.8483565e+08,8.11471,0.020141602,50.555443,207076.75,6.9340186,-0.13293457,74.83823,306609.75,6.8363996,-0.016723627,19.581934,80208.75,6.867602,Ship-Water-Cloud-2.bmp,3360,2800
195.3164,14564.199,2.159112e+08,7.8088303,0.012451172,48.707607,199507.0,6.829673,0.5295411,77.68907,319363.0,6.4585576,0.0,15.803223,64730.0,6.616657,Ship-Water-Cloud-2.bmp,3472,2800
206.83362,13130.388,2.2900954e+08,7.9096613,0.2593994,57.605255,236226.75,6.4239607,1.0928954,55.836517,233598.75,6.4653754,0.06896973,15.121403,61956.75,6.335621,Ship-Water-Cloud-2.bmp,3584,2800
92.400635,7571.6265,6.598453e+07,7.2536073,0.33520508,61.297302,251534.0,5.620035,0.8200683,39.498386,164540.0,5.980367,0.0046386695,11.140603,45632.0,6.4872856,Ship-Water-Cloud-2.bmp,3696,2800
98.31824,6155.286,6.4805936e+07,7.5418406,-0.41882324,183.92853,754089.75,6.2534447,0.4039306,90.29552,370518.75,6.2932515,-0.014770509,42.628876,174608.75,6.3262887,Ship-Water-Cloud-2.bmp,3808,2800
172.26904,4061.8818,1.3819291e+08,8.066605,-0.13256836,438.838,1.7975525e+06,7.273946,-0.018066376,289.69342,1.1865855e+06,7.202294,0.0041503944,99.39072,407104.5,7.3370304,Ship-Water-Cloud-2.bmp,3920,2800
161.4674,2415.7527,1.166847e+08,8.157102,-0.019165039,252.48663,1.03418675e+06,7.206124,0.018676773,161.32478,660787.75,7.1675186,0.017944332,72.43468,296693.75,7.23502,Ship-Water-Cloud-2.bmp,4032,2800
143.35168,427.7,8.592346e+07,8.281246,0.058471676,63.80365,261353.75,6.6141734,0.021606447,46.297813,189637.75,6.8252435,-0.024536137,18.087961,74090.75,7.098301,Ship-Water-Cloud-2.bmp,4144,2800
126.226074,308.924,6.6527012e+07,8.281063,0.1394043,22.310402,91463.0,7.4375,0.08569333,23.035381,94383.0,7.3024216,-0.023437496,10.530701,43136.0,7.398897,Ship-Water-Cloud-2.bmp,4256,2800
100.163086,131.28848,4.1631464e+07,8.2910385,0.022460938,29.152205,119409.5,7.477858,-0.014404321,26.81266,109825.5,7.384733,-0.012451174,14.370083,58860.5,7.466301,Ship-Water-Cloud-2.bmp,4368,2800
100.97766,130.86664,4.2300844e+07,8.291635,-0.013793947,29.97118,122762.75,7.321401,0.019164953,27.212215,111462.75,7.3255725,0.019897461,14.671663,60096.75,7.4065485,Ship-Water-Cloud-2.bmp,4480,2800
107.387085,196.05737,4.8038064e+07,8.283487,-0.08728027,32.0348,131245.75,7.238841,0.04431148,30.692066,125722.75,7.2002516,0.05480957,14.832628,60766.75,7.3998685,Ship-Water-Cloud-2.bmp,4592,2800
202.20349,14091.414,2.2518851e+08,7.773468,-0.42736816,433.91705,1.7780722e+06,6.70749,0.26940912,180.8264,740962.25,6.8213463,-0.00061036646,75.3172,308499.25,6.786457,Ship-Water-Cloud-2.bmp,4704,2800
306.61096,18682.105,4.6158803e+08,8.025824,-0.25524902,1010.49164,4.1392408e+06,6.8472157,0.13806148,344.3515,1.4105418e+06,6.753761,-0.07043457,172.80577,707832.75,6.758321,Ship-Water-Cloud-2.bmp,4816,2800
240.71826,13188.389,2.9136352e+08,8.02132,1.0512695,220.75043,908720.5,6.644209,-0.5063477,98.08675,402813.5,6.528749,0.054687515,32.68048,133871.5,6.659134,Ship-Water-Cloud-2.bmp,4928,2800
133.91284,4786.299,9.305681e+07,7.940896,-0.16333008,49.848076,204287.0,5.925339,0.30151364,24.116608,99154.0,7.1628337,0.04272461,7.590948,31100.0,6.6141233,Ship-Water-Cloud-2.bmp,5040,2800
135.83826,4301.352,9.319786e+07,8.009473,-0.047729492,139.06784,569631.25,6.244423,0.46350092,42.990795,176970.25,6.995748,-0.033325195,25.189137,103179.25,6.736891,Ship-Water-Cloud-2.bmp,5152,2800
134.65588,277.04462,7.5404296e+07,8.288028,-0.060913086,34.426407,141025.75,7.290049,-0.028442383,39.4774,161702.75,7.293135,-0.017211912,14.90687,61059.75,7.3944836,Ship-Water-Cloud-2.bmp,5264,2800
138.88037,231.79659,7.995209e+07,8.293806,-0.16113281,28.256142,115843.5,7.3252463,-0.09179689,32.73877,134132.5,7.291933,-0.008300781,11.416556,46762.5,7.509123,Ship-Water-Cloud-2.bmp,5376,2800
137.03052,250.85834,7.79396e+07,8.291067,0.06591797,33.537037,137385.5,7.236529,-0.10034173,37.46344,153491.5,7.1364527,0.013671879,13.593927,55681.5,7.4061046,Ship-Water-Cloud-2.bmp,5488,2800
134.73486,222.24477,7.5266984e+07,8.293724,0.024169922,22.532986,92297.5,7.308897,0.0522461,23.23836,95195.5,7.1522574,-0.016845701,8.303549,34012.5,7.4152355,Ship-Water-Cloud-2.bmp,5600,2800
136.30115,228.51534,7.7031496e+07,8.293934,-0.05847168,25.25006,103438.25,7.406584,0.109497085,28.840855,118181.25,7.1937056,-0.061645508,9.5931835,39309.25,7.44415,Ship-Water-Cloud-2.bmp,5712,2800
132.6416,412.93832,7.375558e+07,8.274399,0.095947266,22.91035,93878.5,7.3631577,-0.097656205,25.691025,105269.5,7.3736343,-0.0114746075,8.894522,36432.5,7.468086,Ship-Water-Cloud-2.bmp,5824,2800
137.72876,711.8119,8.061347e+07,8.24502,0.07763672,45.87459,187927.0,7.100088,-0.17089844,42.043793,172331.0,7.096474,0.0070800795,15.383007,63009.0,7.118392,Ship-Water-Cloud-2.bmp,5936,2800
483.5238,3896.5305,9.7358566e+08,8.290178,-0.1295166,13.753307,56402.25,6.0474076,0.49694812,14.408377,60028.246,5.894181,0.006225587,2.5166237,10308.25,6.028304,Ship-Water-Cloud-2.bmp,0,2912
385.9961,19551.977,6.903602e+08,8.12813,1.1999512,82.049614,341973.0,6.10439,0.7080077,122.64082,504390.0,6.024976,0.006591793,17.35616,71091.0,5.937587,Ship-Water-Cloud-2.bmp,112,2912
128.03967,11657.039,1.148977e+08,7.338031,0.84020996,60.56266,250956.25,5.4842553,0.47595215,125.35629,514387.25,5.3918076,-0.017456055,12.142334,49736.25,5.997294,Ship-Water-Cloud-2.bmp,224,2912
73.7561,3935.1213,3.8400344e+07,7.043047,-0.0034179762,54.231678,222133.0,4.7609253,0.16210943,150.1041,614934.0,4.556763,-0.0378418,26.52103,108636.0,4.794903,Ship-Water-Cloud-2.bmp,336,2912
46.878296,713.0154,1.1921777e+07,7.4448643,0.10949707,9.178135,37642.75,4.401438,0.06823733,28.757002,117807.76,3.549137,-0.004272461,5.1483583,21087.75,4.8179893,Ship-Water-Cloud-2.bmp,448,2912
52.0343,4407.3027,2.9142512e+07,6.3540754,-0.01989746,68.257484,279584.25,4.7716417,0.24377443,115.09543,471674.25,4.984866,0.0010986328,21.098206,86418.25,5.1862154,Ship-Water-Cloud-2.bmp,560,2912
36.858276,1714.5873,1.2587498e+07,6.6971483,-0.005493164,22.271389,91223.75,5.3886776,0.07165526,71.74529,293889.75,5.1634784,0.012084958,10.572303,43304.75,5.68167,Ship-Water-Cloud-2.bmp,672,2912
58.77942,2362.7654,2.3829648e+07,7.2133656,-0.10534668,36.010815,147545.75,5.4862094,-0.111450195,94.92673,388870.75,5.209688,0.011108397,15.979795,65453.75,5.73627,Ship-Water-Cloud-2.bmp,784,2912
74.74573,2874.1465,3.4656544e+07,7.4418154,-0.3511963,129.1714,529591.25,5.896454,-0.3985595,252.81218,1.03616925e+06,5.721117,0.033325195,43.292896,177332.25,6.16949,Ship-Water-Cloud-2.bmp,896,2912
173.0387,14724.666,1.8295627e+08,7.595569,-0.092163086,301.97302,1.2369162e+06,6.6501236,-0.20520025,402.36517,1.6482602e+06,6.6472907,-0.053833,82.316246,337179.25,6.6301074,Ship-Water-Cloud-2.bmp,1008,2912
156.82617,4210.198,1.1798384e+08,8.022584,-0.3869629,164.60977,674855.0,7.071747,0.32177728,195.74997,802216.0,7.050068,0.10131836,47.41307,194246.0,7.0589943,Ship-Water-Cloud-2.bmp,1120,2912
224.20337,7705.465,2.3745584e+08,8.036898,-0.3112793,346.45233,1.4194655e+06,6.815308,-0.23730463,359.97897,1.4747045e+06,6.9461813,-0.029296871,99.67968,408291.5,6.880724,Ship-Water-Cloud-2.bmp,1232,2912
237.40186,11696.682,2.7875872e+08,7.9691525,0.5979004,454.28668,1.8622225e+06,7.001402,-0.0710448,376.3969,1.5417425e+06,7.0179586,-0.02978516,113.85788,466365.5,7.075969,Ship-Water-Cloud-2.bmp,1344,2912
220.9541,11221.645,2.4593349e+08,7.9211426,-0.2619629,436.25818,1.7871945e+06,7.0692816,0.14672858,395.01788,1.6180815e+06,7.028776,-0.0883789,122.82581,503126.5,7.0272293,Ship-Water-Cloud-2.bmp,1456,2912
189.04968,5410.715,1.6855245e+08,8.041412,0.22058105,384.72034,1.5760138e+06,7.187551,0.017456055,340.93445,1.3964688e+06,7.143341,0.022827145,103.54458,424120.75,7.2667174,Ship-Water-Cloud-2.bmp,1568,2912
155.26733,8768.475,1.3466182e+08,7.785927,0.2993164,174.41809,714783.5,6.9355583,0.8005371,185.29555,761595.5,6.7012634,0.044921875,60.4522,247620.5,6.639722,Ship-Water-Cloud-2.bmp,1680,2912
64.6582,3258.4185,3.047056e+07,7.485737,0.24487305,59.644623,244550.0,6.698133,0.46044922,46.360497,190761.0,6.768555,0.025634762,13.228836,54188.0,6.914928,Ship-Water-Cloud-2.bmp,1792,2912
125.88623,8056.2285,9.790903e+07,7.595864,-0.47509766,26.875965,111008.5,7.3073244,-0.79101557,24.865139,104410.5,7.260953,0.018066412,7.1123447,29133.5,7.3222704,Ship-Water-Cloud-2.bmp,1904,2912
267.4978,17588.547,3.6513226e+08,7.9603148,-0.7351074,30.966576,129052.5,7.3713202,-1.1791992,26.669916,114935.5,7.3643537,0.04736328,7.4893336,30685.5,7.3449116,Ship-Water-Cloud-2.bmp,2016,2912
431.00024,7115.757,7.9002406e+08,8.251261,-0.24853516,21.408445,87942.0,7.026947,-0.29614273,23.162296,95232.0,6.9226284,0.016113281,5.3408046,21877.0,7.0065055,Ship-Water-Cloud-2.bmp,2128,2912
366.08545,10371.1,5.9142e+08,8.182394,0.638916,64.98399,267846.5,6.7717705,-0.12792975,67.78063,277696.5,6.5460052,0.05053711,16.79835,68816.5,6.8007736,Ship-Water-Cloud-2.bmp,2240,2912
250.21558,13702.041,3.1256525e+08,7.969097,0.24169922,209.03815,856459.5,7.067376,0.2846679,234.92178,962571.5,7.0404615,-0.0559082,53.77092,220258.5,7.1452827,Ship-Water-Cloud-2.bmp,2352,2912
174.73755,6204.753,1.5047869e+08,7.9240007,0.23925781,87.99976,360681.5,6.9079313,0.5136719,108.37372,444979.5,6.8235703,-0.010986332,29.201172,119608.5,7.091675,Ship-Water-Cloud-2.bmp,2464,2912
149.82812,1695.7546,9.889473e+07,8.153275,-0.27246094,92.45286,378991.0,6.818774,-0.041015625,90.24466,369649.0,6.753113,-0.018554684,31.209618,127836.0,7.009726,Ship-Water-Cloud-2.bmp,2576,2912
187.72998,6749.246,1.7199838e+08,7.9350986,-0.47583008,220.58914,904460.5,6.682607,-0.18237302,183.93585,753537.5,6.961631,0.0063476562,54.537678,223386.5,7.1375895,Ship-Water-Cloud-2.bmp,2688,2912
236.11877,6127.176,2.534574e+08,8.11133,-0.035278313,126.88969,519745.25,6.7424607,-0.29235837,157.82816,646814.25,6.562475,-0.037231445,40.611954,166352.25,6.7889776,Ship-Water-Cloud-2.bmp,2800,2912
165.77454,4981.978,1.3296917e+08,7.997531,0.55163574,25.65279,106320.25,6.3599725,-0.47644037,33.0653,136365.25,6.189726,-0.0020751953,8.084041,33112.25,6.725156,Ship-Water-Cloud-2.bmp,2912,2912
81.90686,451.20053,2.932709e+07,8.185681,0.16003418,3.4735956,14332.75,7.5353136,-0.06359865,3.3071737,13562.75,7.575524,-0.045776367,2.5474038,10442.75,7.5591664,Ship-Water-Cloud-2.bmp,3024,2912
82.69934,3631.9023,4.2889556e+07,7.323967,-0.36730957,14.100006,58306.25,6.0337706,-0.46228033,21.824934,90270.26,5.5608,0.04675293,5.7307854,23482.25,6.5985193,Ship-Water-Cloud-2.bmp,3136,2912
183.71204,10365.7705,1.8069866e+08,7.8167934,-0.27453613,72.00941,295259.25,6.466811,-0.026000932,78.98865,323540.25,6.5445642,0.019165035,17.48358,71614.25,6.7823687,Ship-Water-Cloud-2.bmp,3248,2912
122.619385,12929.629,1.1454522e+08,7.367743,0.87060547,45.056255,187655.0,6.634388,0.20581049,78.224,320579.0,6.245251,0.0034179688,13.74242,56289.0,6.5672026,Ship-Water-Cloud-2.bmp,3360,2912
35.840454,486.74808,7.255188e+06,7.4789925,0.025756836,3.6915364,15123.25,6.535719,0.07702637,6.197009,25407.25,5.497692,0.0020751958,2.0225174,8284.25,7.2507915,Ship-Water-Cloud-2.bmp,3472,2912
42.13513,710.02563,1.0180178e+07,7.633699,-0.06774902,5.3417845,21898.75,6.971982,-0.043823242,5.3713098,22008.75,6.971097,-0.012329101,2.4602363,10077.75,7.5322714,Ship-Water-Cloud-2.bmp,3584,2912
57.252808,1175.7021,1.8241888e+07,7.6601458,-0.03186035,6.9991674,28672.75,6.507025,-0.4119873,7.360235,30842.75,6.632906,-0.04724121,3.0218768,12386.75,7.230902,Ship-Water-Cloud-2.bmp,3696,2912
104.646484,4103.3496,6.166215e+07,7.7942,-0.5024414,73.57775,302408.5,6.2709827,-0.31982422,44.253304,181680.5,6.594818,-0.001953125,21.500605,88066.5,6.778455,Ship-Water-Cloud-2.bmp,3808,2912
163.5503,2488.7178,1.19756456e+08,8.156344,-0.049804688,333.54816,1.3662235e+06,7.0394297,-0.0305175,208.0285,852088.5,7.148778,0.004150387,77.58238,317777.5,7.2282596,Ship-Water-Cloud-2.bmp,3920,2912
148.93921,2930.4175,1.028641e+08,8.100576,-0.26660156,498.88574,2.043727e+06,7.401108,0.17993155,316.89636,1.29814e+06,7.314071,-0.034667976,120.01053,491568.0,7.424521,Ship-Water-Cloud-2.bmp,4032,2912
153.72314,2045.3638,1.0516959e+08,8.161751,0.09692383,200.06897,819521.0,6.911251,-0.13500975,134.66708,551671.0,6.8807893,-0.020019535,48.392178,198216.0,7.107663,Ship-Water-Cloud-2.bmp,4144,2912
132.35168,213.4064,7.262362e+07,8.293793,0.054565433,28.991959,118763.25,7.270358,0.03820803,26.186588,107266.25,7.300539,0.03308105,11.773381,48228.25,7.3673315,Ship-Water-Cloud-2.bmp,4256,2912
118.19153,315.44348,5.851005e+07,8.273943,0.039672848,32.98323,135105.75,7.4622803,-0.089721724,31.708443,129910.75,7.3594675,0.015258788,14.008495,57379.75,7.43986,Ship-Water-Cloud-2.bmp,4368,2912
109.31152,230.32425,4.988655e+07,8.27914,-0.16259766,32.74956,134250.5,7.4306164,-0.08691411,30.255997,123959.5,7.3704777,-0.04345703,14.404974,59010.5,7.3986826,Ship-Water-Cloud-2.bmp,4480,2912
108.974976,190.74628,4.942353e+07,8.285641,0.018188477,38.665012,158373.25,7.392866,-0.08947759,33.3026,136440.25,7.440468,-0.00915527,17.1428,70217.25,7.4306965,Ship-Water-Cloud-2.bmp,4592,2912
148.4071,6943.4404,1.1865338e+08,7.753925,-0.35949707,240.56602,985887.75,6.554941,0.041381914,97.93695,401156.75,6.819003,0.019897453,40.67508,166606.75,6.8805294,Ship-Water-Cloud-2.bmp,4704,2912
272.9618,23508.344,4.0147552e+08,7.8731246,-0.21130371,715.64514,2.9314652e+06,6.7620735,0.09826677,162.70354,666473.25,6.855669,-0.01623537,115.90531,474749.25,6.5472274,Ship-Water-Cloud-2.bmp,4816,2912
277.61133,16112.448,3.8166733e+08,8.00366,0.07324219,428.10474,1.753539e+06,6.7445097,0.12890628,130.86888,536107.0,6.9454985,-0.059570312,59.372425,243204.0,6.723401,Ship-Water-Cloud-2.bmp,4928,2912
72.69116,11848.242,7.017368e+07,6.742827,1.0112305,101.004265,417902.0,5.4181185,-0.17065433,28.864433,118348.01,6.2711687,-0.0039062444,15.500227,63489.0,5.8542633,Ship-Water-Cloud-2.bmp,5040,2912
64.32947,6551.852,4.3786784e+07,7.17632,-0.53356934,200.5961,822807.75,5.65879,0.18444827,37.696877,154545.75,6.3513613,-0.029174816,26.957829,110422.75,6.0108805,Ship-Water-Cloud-2.bmp,5152,2912
135.65466,518.60504,7.749957e+07,8.258709,0.04553222,61.56427,252175.75,6.7347994,-0.039428674,39.959812,163681.75,7.0956936,-0.067993164,19.46724,79756.75,7.0989437,Ship-Water-Cloud-2.bmp,5264,2912
136.69849,146.48636,7.7139816e+07,8.302175,0.02734375,25.613384,104915.5,7.4890146,0.080078095,21.8941,89704.5,7.5211596,-0.0031738281,11.544301,47285.5,7.5243382,Ship-Water-Cloud-2.bmp,5376,2912
134.31836,98.78488,7.430229e+07,8.306808,0.041259762,19.654062,80510.0,7.5119576,0.0070800567,15.996044,65520.0,7.493823,-0.048339844,8.66026,35482.0,7.513031,Ship-Water-Cloud-2.bmp,5488,2912
136.94214,94.86078,7.720146e+07,8.3076105,0.041503906,17.150986,70257.5,7.4823656,-0.066406295,13.747421,56327.5,7.486951,-0.017822264,6.858448,28093.5,7.539524,Ship-Water-Cloud-2.bmp,5600,2912
141.30933,120.50308,8.228384e+07,8.305743,-0.06616211,23.15297,94852.5,7.4406548,-0.002685558,16.888054,69173.5,7.4077168,0.037841797,9.579989,39245.5,7.4519024,Ship-Water-Cloud-2.bmp,5712,2912
141.18616,111.301834,8.210364e+07,8.306576,0.010375977,20.68477,84725.25,7.4639945,-0.10803227,17.937609,73520.25,7.4445066,-0.018676754,8.678423,35548.25,7.4563193,Ship-Water-Cloud-2.bmp,5824,2912
145.58496,582.9209,8.920229e+07,8.260612,-0.03125,29.323364,120112.5,7.400279,0.038574226,20.744972,84977.5,7.493428,0.014160156,10.288008,42140.5,7.4496956,Ship-Water-Cloud-2.bmp,5936,2912
265.40405,20715.033,3.733682e+08,7.8755774,0.8327637,72.408424,299425.5,5.9846706,0.22924793,84.49101,346290.5,6.0799046,-0.012451177,12.447233,50984.5,5.807333,Ship-Water-Cloud-2.bmp,0,3024
197.0166,13995.529,2.1631414e+08,7.760358,0.31225586,74.16153,304165.0,5.8237743,0.9145508,104.608185,431901.0,5.5407987,0.023193356,14.827343,60735.0,5.7991433,Ship-Water-Cloud-2.bmp,112,3024
85.31714,2315.0996,3.929749e+07,7.6942587,0.6044922,13.374092,56277.0,5.7111816,0.12158202,13.043566,53487.0,5.1750536,0.032958984,3.084363,12638.0,6.8424125,Ship-Water-Cloud-2.bmp,224,3024
50.525635,1197.427,1.5361093e+07,7.2176204,0.09692383,36.669193,150235.5,3.9063144,0.3696289,67.82687,278378.5,3.7487886,-0.015625004,16.38635,67119.5,4.2353783,Ship-Water-Cloud-2.bmp,336,3024
38.253296,12.824085,6.046264e+06,8.29697,-0.013549805,2.080688,8523.25,6.0351987,0.00012206752,2.3501587,9626.25,5.594351,0.039916992,1.4977351,6141.25,6.7757473,Ship-Water-Cloud-2.bmp,448,3024
61.51477,3376.779,2.9330824e+07,7.1467175,0.08557129,132.77922,543893.75,6.0678167,-0.12658685,106.39993,435879.75,6.1047387,0.008666992,36.504505,149522.75,6.12504,Ship-Water-Cloud-2.bmp,560,3024
110.48804,11482.783,9.703584e+07,7.348883,-0.19726562,169.73428,695391.0,6.829503,-0.91503906,143.71301,592078.0,6.7890267,0.08569335,37.697487,154439.0,6.9324718,Ship-Water-Cloud-2.bmp,672,3024
138.5304,4114.1934,9.545672e+07,7.9920993,0.0406494,192.94763,790320.25,7.143734,-0.48156744,143.27548,587806.25,7.0989747,-0.04064942,40.904415,167551.25,7.197684,Ship-Water-Cloud-2.bmp,784,3024
98.21155,2597.5205,5.014745e+07,7.918682,-0.012817383,198.46754,812923.75,7.247384,-0.06774905,160.33618,656755.75,7.1693716,0.031616207,47.578773,194886.75,7.251212,Ship-Water-Cloud-2.bmp,896,3024
142.07751,4891.414,1.0271717e+08,7.8913403,-0.31677246,200.1435,820198.75,7.0181856,0.2020264,251.87976,1.03186675e+06,6.9380994,0.05285646,56.60628,231870.75,7.103179,Ship-Water-Cloud-2.bmp,1008,3024
124.667725,4247.6616,8.105862e+07,7.9137993,-0.15429688,144.11147,590378.0,7.08372,-0.02172847,168.54665,690369.0,6.998913,-0.027832035,41.406693,169605.0,6.910985,Ship-Water-Cloud-2.bmp,1120,3024
256.62903,12486.391,3.209005e+08,8.0121355,-0.7188721,316.44495,1.2982752e+06,6.535631,0.34021002,278.8255,1.1425432e+06,6.7671294,0.043579094,69.464714,284535.25,6.6542444,Ship-Water-Cloud-2.bmp,1232,3024
266.0204,17775.303,3.6266867e+08,7.945076,1.0125732,711.4373,2.9182468e+06,7.0011187,0.46643063,660.00134,2.7042568e+06,7.010193,0.079711914,175.60199,719291.75,7.0210075,Ship-Water-Cloud-2.bmp,1344,3024
200.09009,8290.728,1.9794645e+08,7.9713187,-0.08911133,484.22025,1.9833985e+06,7.219796,0.14843757,450.10236,1.8437095e+06,7.1008005,0.06494142,114.44684,468791.5,7.118265,Ship-Water-Cloud-2.bmp,1456,3024
166.31018,9005.152,1.5017669e+08,7.887826,0.4468994,286.10846,1.1727182e+06,6.9233284,0.24499518,202.38461,829213.25,6.9870834,0.044311523,68.762985,281661.25,7.0281134,Ship-Water-Cloud-2.bmp,1568,3024
34.646973,2887.595,1.674448e+07,6.7207174,0.4567871,21.430506,88634.0,6.289994,0.2783203,22.813408,93761.0,5.826306,0.045166016,6.974035,28574.0,6.42519,Ship-Water-Cloud-2.bmp,1680,3024
43.438477,3923.6218,2.3799904e+07,6.872157,-0.40771484,17.156525,70954.0,6.588253,-0.36889648,14.508691,59985.0,6.6014175,0.018798826,2.3419316,9594.0,6.874033,Ship-Water-Cloud-2.bmp,1792,3024
236.26526,13948.154,2.8577558e+08,7.9420085,-1.0692139,31.078762,131981.25,7.400668,-0.89099115,33.221333,139326.25,7.3171434,0.033325195,5.4686775,22404.25,7.4760904,Ship-Water-Cloud-2.bmp,1904,3024
381.45813,4568.687,6.147236e+08,8.258413,-0.2503662,31.797485,130499.25,7.2788267,-0.265259,28.336681,116355.25,7.307127,0.004760746,7.091591,29047.25,7.4059143,Ship-Water-Cloud-2.bmp,2016,3024
361.57263,21672.959,6.24262e+08,8.08856,0.3416748,26.604877,109451.75,6.9494915,1.239624,26.198133,113601.74,6.9832397,-0.05529785,6.976617,28588.75,6.906496,Ship-Water-Cloud-2.bmp,2128,3024
225.2987,27542.295,3.207242e+08,7.643838,0.7562256,39.56356,164394.75,6.9560456,1.3812256,46.950554,200123.75,6.4454584,0.021362305,10.174044,41674.75,6.916288,Ship-Water-Cloud-2.bmp,2240,3024
153.78687,3297.2886,1.1037773e+08,8.019367,-0.00170899,66.05542,270563.0,6.468786,0.22314456,91.24318,373936.0,6.3369036,-0.0625,23.175781,94944.0,6.6856623,Ship-Water-Cloud-2.bmp,2352,3024
177.37122,17420.75,2.002178e+08,7.498253,-0.770874,84.13494,347050.75,6.158353,-0.3321533,85.988495,352660.75,6.436686,-0.08654784,26.491716,108540.75,6.5841856,Ship-Water-Cloud-2.bmp,2464,3024
387.75427,26707.205,7.252402e+08,8.076889,-0.66955566,114.406136,470443.75,6.1090837,-1.4769287,188.56667,781303.75,6.0987644,-0.062377926,42.182087,172793.75,6.1841764,Ship-Water-Cloud-2.bmp,2576,3024
353.8911,18422.043,5.884353e+08,8.082119,0.12597656,416.911,1.7077325e+06,6.54514,-0.65429693,238.90211,980296.5,6.5228357,-0.041992188,75.02081,307292.5,6.6941442,Ship-Water-Cloud-2.bmp,2688,3024
334.82092,12481.629,5.1030704e+08,8.116947,-0.089721665,218.54437,895190.75,6.609112,-0.28234845,196.50714,805219.75,6.526216,-0.019653324,58.874306,241150.75,6.694208,Ship-Water-Cloud-2.bmp,2800,3024
199.2998,4143.1,1.7966496e+08,8.10162,0.64086914,31.561821,130959.5,6.1537275,0.06518561,28.138208,115271.5,6.4781704,0.029785154,8.810026,36089.5,6.8199406,Ship-Water-Cloud-2.bmp,2912,3024
167.3529,11798.284,1.6304243e+08,7.6145983,-0.072143555,60.37291,247308.75,6.301326,-0.4334717,100.58792,412777.75,6.06579,0.07556152,26.326752,107857.75,6.38912,Ship-Water-Cloud-2.bmp,3024,3024
158.11548,11707.08,1.5035427e+08,7.609104,0.28320312,57.935913,237634.0,6.6204724,0.25878906,96.0148,393551.0,6.426605,0.022216795,25.208977,103258.0,6.640012,Ship-Water-Cloud-2.bmp,3136,3024
124.36206,4346.874,8.115322e+07,7.8252954,0.050048828,32.29058,132272.5,6.4556665,0.5793457,34.895443,144306.5,6.303998,0.0056152344,8.406829,34434.5,6.265116,Ship-Water-Cloud-2.bmp,3248,3024
132.4336,5769.1396,9.546874e+07,7.8416896,0.28442383,21.630527,88930.0,7.2358637,0.019042939,17.419315,71351.0,7.32252,0.036376953,3.7498972,15365.0,7.485012,Ship-Water-Cloud-2.bmp,3360,3024
115.81848,4295.8184,7.253909e+07,7.8526325,-0.07531738,14.756719,60466.75,7.2265925,-0.64611816,11.509228,48851.75,7.2517076,0.01965332,3.458293,14166.75,7.493417,Ship-Water-Cloud-2.bmp,3472,3024
140.25427,2783.8623,9.1976184e+07,8.084335,-0.022583008,23.242958,95205.25,7.092835,-0.55871594,22.903475,95091.25,6.958123,0.015502932,7.755192,31766.25,7.014131,Ship-Water-Cloud-2.bmp,3584,3024
177.32666,1536.9281,1.3509293e+08,8.231362,-0.076171875,35.728203,146366.5,7.2310324,-0.32202148,37.236267,152944.5,7.2473545,-0.003173831,13.681752,56040.5,7.259197,Ship-Water-Cloud-2.bmp,3696,3024
175.48071,510.57693,1.2822142e+08,8.286494,0.17749023,50.896595,208601.5,7.3429966,-0.025634795,46.739456,191447.5,7.3094616,0.048095703,24.631355,100899.5,7.364683,Ship-Water-Cloud-2.bmp,3808,3024
169.09375,1400.6381,1.22852696e+08,8.212936,0.036132805,146.72867,601006.0,6.7267594,-0.04345709,107.11237,438740.0,6.947874,-0.020507807,41.162178,168602.0,7.0269413,Ship-Water-Cloud-2.bmp,3920,3024
156.02734,5001.174,1.2020002e+08,7.989871,0.4572754,424.42322,1.739294e+06,7.1362257,-0.33081058,311.91058,1.278034e+06,7.112471,0.05517578,92.98987,380899.0,7.1406446,Ship-Water-Cloud-2.bmp,4032,3024
172.03125,4629.117,1.4018096e+08,8.044465,0.0793457,406.40668,1.6646675e+06,7.1681123,-0.12817389,249.04572,1.0201585e+06,7.191989,0.06298828,106.2984,435414.5,7.0959635,Ship-Water-Cloud-2.bmp,4144,3024
148.02283,2006.8297,9.796644e+07,8.135805,0.35046387,171.15898,701570.25,6.527858,-0.12634282,102.46188,419749.25,6.7172456,0.037231453,50.48378,206787.25,6.5994377,Ship-Water-Cloud-2.bmp,4256,3024
128.92322,219.28885,6.897862e+07,8.29112,0.003540039,27.755173,113685.25,7.5036764,-0.014770534,27.755215,113686.25,7.3629026,0.08654785,12.458147,51059.25,7.4052734,Ship-Water-Cloud-2.bmp,4368,3024
110.39526,309.96887,5.1188052e+07,8.267462,0.1237793,30.316341,124238.5,7.450194,-0.060302716,28.364407,116195.5,7.3551083,-0.034912117,13.6417265,55881.5,7.3786707,Ship-Water-Cloud-2.bmp,4480,3024
102.62085,244.6015,4.4137024e+07,8.270978,-0.057373047,32.443363,132901.5,7.3696165,0.11889647,33.22842,136161.5,7.197773,0.0075683584,14.340886,58740.5,7.375247,Ship-Water-Cloud-2.bmp,4592,3024
121.680786,1517.9205,6.6863656e+07,8.064222,-0.51916504,77.26764,317592.25,6.7092056,0.018676784,56.05074,229585.25,7.1914177,-0.005981451,22.761497,93231.25,7.3099823,Ship-Water-Cloud-2.bmp,4704,3024
205.39563,15196.306,2.3504352e+08,7.750863,-0.7125244,419.88742,1.7219382e+06,6.8395243,0.8165284,148.74545,611992.25,7.032443,0.0447998,58.56519,239891.25,6.9884415,Ship-Water-Cloud-2.bmp,4816,3024
257.38477,14225.826,3.2961635e+08,7.9753766,0.39282227,608.5985,2.4934515e+06,6.7308774,-0.21386717,145.76102,597224.5,6.8797207,-0.034912113,69.76551,285764.5,6.8939085,Ship-Water-Cloud-2.bmp,4928,3024
131.5885,16418.812,1.3817589e+08,7.4935007,1.0977783,161.60501,666870.25,6.0968857,-0.33337402,56.774418,233003.25,6.5272245,0.07336425,25.617725,104952.25,6.446287,Ship-Water-Cloud-2.bmp,5040,3024
13.302612,1606.4332,7.3047765e+06,5.484569,-0.16516113,143.44458,587660.75,4.754628,0.027221687,19.38323,79396.75,5.1653023,0.0008544959,17.20819,70484.75,4.8559403,Ship-Water-Cloud-2.bmp,5152,3024
123.44885,3954.2188,7.861797e+07,8.022469,-0.52233887,118.68426,487248.25,6.387496,0.05725096,40.36519,165349.25,6.9485865,-0.019897465,25.14566,102998.25,6.864216,Ship-Water-Cloud-2.bmp,5264,3024
136.39856,96.41946,7.659925e+07,8.307396,-0.044311527,23.872242,97788.75,7.503743,-0.044555657,18.729399,76723.75,7.4950433,0.025756834,11.873787,48637.75,7.5252876,Ship-Water-Cloud-2.bmp,5376,3024
136.70203,103.74329,7.69687e+07,8.3067,-0.021606445,17.648031,72288.25,7.5320625,0.03625488,15.007536,61476.25,7.4932804,0.0025634766,7.7297907,31661.25,7.524344,Ship-Water-Cloud-2.bmp,5488,3024
135.23108,132.068,7.544632e+07,8.303358,-0.03894043,20.553232,84192.25,7.503529,0.07824702,15.832806,64876.25,7.492113,-0.01159668,8.449635,34610.25,7.50529,Ship-Water-Cloud-2.bmp,5600,3024
144.40417,179.62283,8.614784e+07,8.300598,-0.17736816,35.23276,144442.25,7.4976854,-0.026733361,24.511797,100403.25,7.4317894,0.08459473,13.054184,53499.25,7.482725,Ship-Water-Cloud-2.bmp,5712,3024
139.17249,151.17917,7.995458e+07,8.302288,-0.004272461,22.076092,90423.75,7.452325,-0.043823212,19.279024,78974.75,7.4743147,0.024047855,9.211764,37733.75,7.4664006,Ship-Water-Cloud-2.bmp,5824,3024
140.93567,227.30145,8.228931e+07,8.2950945,-0.21911621,33.886497,138995.75,7.4185796,-0.10070801,23.902393,97945.75,7.42467,0.017456058,13.480348,55216.75,7.393875,Ship-Water-Cloud-2.bmp,5936,3024
423.57764,14132.716,7.927838e+08,8.199753,0.685791,32.1575,133643.5,6.7516656,-0.63793945,24.992567,104036.5,6.7911634,-0.013183597,4.3822727,17950.5,6.930914,Ship-Water-Cloud-2.bmp,0,3136
154.44922,12971.494,1.5083954e+08,7.5721073,0.9921875,65.479546,272236.5,5.150397,-0.6672363,101.41136,417204.5,5.0148873,0.030517578,16.001877,65547.5,5.4600716,Ship-Water-Cloud-2.bmp,112,3136
79.30432,4141.972,4.272598e+07,7.2877684,0.017700192,76.83398,314713.25,5.090207,-0.34094238,141.31082,579285.25,5.290562,-0.019653324,32.544106,133302.25,5.381715,Ship-Water-Cloud-2.bmp,224,3136
106.533325,5220.0674,6.786834e+07,7.699909,-0.24060059,66.840485,274015.75,6.2474813,-0.5220947,130.7596,536707.75,5.968953,-0.004028324,30.368818,124390.75,6.1439285,Ship-Water-Cloud-2.bmp,336,3136
144.50623,5682.243,1.0880734e+08,7.9172077,-0.2064209,230.80438,945549.25,6.731813,-0.7642822,268.62347,1.1026742e+06,6.733904,0.032836918,62.18746,254724.25,6.866095,Ship-Water-Cloud-2.bmp,448,3136
164.79773,6120.7783,1.3631107e+08,7.908655,-0.026977543,345.72992,1.4161128e+06,7.2211933,-0.84191895,333.099,1.3672768e+06,7.1804476,-0.02209473,81.42059,333500.75,7.228793,Ship-Water-Cloud-2.bmp,560,3136
257.77588,12160.785,3.2198323e+08,8.030382,-0.17773438,334.39453,1.3698095e+06,7.1706057,0.024658173,388.094,1.5896355e+06,7.101504,0.04663086,71.68594,293634.5,7.2465076,Ship-Water-Cloud-2.bmp,672,3136
250.63477,9710.184,2.9707456e+08,8.067072,0.60595703,159.67065,655515.0,7.091687,-0.033935547,219.50421,899094.0,6.972289,0.031494137,43.110092,176583.0,7.0864005,Ship-Water-Cloud-2.bmp,784,3136
119.63965,5576.26,8.146906e+07,7.739863,0.43603516,103.72651,425642.5,7.100682,-0.3210448,167.16656,685136.5,6.893055,0.0051269513,39.701996,162619.5,6.9924884,Ship-Water-Cloud-2.bmp,896,3136
136.92285,3522.7798,9.122057e+07,7.988883,-0.41357422,76.80515,315294.5,7.1311765,-0.29248044,83.79251,343564.5,7.0926085,0.0546875,23.87677,97811.5,7.122862,Ship-Water-Cloud-2.bmp,1008,3136
174.24658,4979.0415,1.4475637e+08,8.044624,0.06762695,159.07,651569.5,7.0448356,-0.4375,160.23328,657099.5,7.1325517,-0.013916004,78.05193,319701.5,6.5937266,Ship-Water-Cloud-2.bmp,1120,3136
192.5299,6563.2725,1.7871274e+08,8.015625,-0.7215576,89.70915,369581.25,7.241702,0.13293457,86.14255,352912.25,7.145868,0.0020751916,29.505915,120856.25,7.0540233,Ship-Water-Cloud-2.bmp,1232,3136
255.0509,9751.894,3.063925e+08,8.073198,0.289917,224.46432,919750.25,6.995982,-0.59265137,163.24867,670105.25,6.992386,0.024291987,65.02974,266364.25,6.8742256,Ship-Water-Cloud-2.bmp,1344,3136
175.65234,6297.4062,1.5217112e+08,7.9602757,-0.005615242,313.65036,1.284712e+06,7.204069,-0.08081052,245.66023,1.006251e+06,7.1310983,0.014648432,70.003204,286734.0,7.180999,Ship-Water-Cloud-2.bmp,1456,3136
95.69568,16178.544,1.037771e+08,7.026119,0.71691895,114.18579,469810.25,5.996773,-0.045532227,97.085144,397669.25,6.2808833,-0.035522472,25.094748,102793.25,6.3263087,Ship-Water-Cloud-2.bmp,1568,3136
11.562866,11.210954,593554.75,8.205269,0.0072021484,0.8426604,3451.75,7.4694023,-0.0076904343,0.83899117,3436.75,7.4793386,-0.0037841797,0.7880106,3227.75,7.480494,Ship-Water-Cloud-2.bmp,1680,3136
141.1914,27464.424,1.941481e+08,7.2348957,-1.1564941,40.140793,169895.0,6.692229,0.09423837,28.336578,116103.0,6.6775084,0.012451172,3.8829012,15905.0,6.9571037,Ship-Water-Cloud-2.bmp,1792,3136
428.64246,14725.977,8.128935e+08,8.201658,-0.7652588,31.816298,132718.25,6.7322803,-0.66320807,30.66593,127409.26,6.7517886,0.0018310547,3.8787193,15887.25,6.880858,Ship-Water-Cloud-2.bmp,1904,3136
418.03564,3821.8022,7.314457e+08,8.27593,0.35791016,29.06502,119575.0,7.223707,-0.18896472,28.211363,115700.0,7.29566,0.018066403,6.9327793,28398.0,7.370986,Ship-Water-Cloud-2.bmp,2016,3136
272.87915,15386.143,3.680222e+08,8.035223,0.8161621,28.93776,121257.5,7.4019823,-0.2919923,31.56086,129622.51,7.374382,0.00048828125,7.4998775,30719.5,7.474635,Ship-Water-Cloud-2.bmp,2128,3136
162.22937,16926.195,1.7712973e+08,7.535058,0.056762695,31.489761,128995.25,7.0636535,-0.9530029,27.611866,116818.25,7.082692,0.0052490244,8.195835,33570.25,7.1276217,Ship-Water-Cloud-2.bmp,2240,3136
219.55981,12447.193,2.484376e+08,7.9039197,-0.115478516,60.94601,249689.5,6.5698314,-0.89477533,71.15409,294726.5,6.496972,-0.0715332,13.480602,55237.5,6.36753,Ship-Water-Cloud-2.bmp,2352,3136
227.59729,7353.047,2.4229306e+08,8.057507,-0.49230957,49.16113,202356.75,6.579323,-0.41687012,55.43138,227758.75,6.940908,-0.05822754,9.807339,40184.75,6.8654675,Ship-Water-Cloud-2.bmp,2464,3136
428.5548,16399.844,8.194419e+08,8.184105,-0.44104004,95.00049,389918.75,6.049651,0.076049805,161.53932,661688.75,5.672929,0.072387695,24.957834,102248.75,5.5862126,Ship-Water-Cloud-2.bmp,2576,3136
381.21887,12269.028,6.4551674e+08,8.17455,0.2310791,353.73328,1.4491102e+06,6.799144,0.25744626,324.91986,1.3311432e+06,6.787958,0.12170411,97.72157,400328.25,6.7921543,Ship-Water-Cloud-2.bmp,2688,3136
361.6714,11765.252,5.839726e+08,8.164724,-0.43164062,377.82666,1.548341e+06,6.9219627,0.06079103,310.34763,1.271199e+06,6.976511,0.03686525,99.76745,408653.0,6.9822865,Ship-Water-Cloud-2.bmp,2800,3136
228.47363,23241.777,3.0901034e+08,7.721236,0.8696289,159.16928,655055.0,6.5717373,0.41821295,196.6691,806273.0,6.681858,0.05981445,50.597984,207264.0,6.6130695,Ship-Water-Cloud-2.bmp,2912,3136
103.66858,12011.334,9.321885e+07,6.977919,0.43151855,50.6377,208174.75,6.0714393,0.8099365,101.789,419614.75,5.8634253,0.008422847,24.015738,98368.75,6.2497334,Ship-Water-Cloud-2.bmp,3024,3136
53.687622,93.44349,1.2188894e+07,8.252643,0.03942871,3.1008012,12707.25,7.325676,0.119262695,2.9011207,11941.25,7.3281884,0.010620118,2.6459446,10838.25,7.246092,Ship-Water-Cloud-2.bmp,3136,3136
54.65039,1135.644,1.6884978e+07,7.6449494,-0.08935547,4.9140124,20160.5,6.901638,0.26220703,4.572483,19010.5,6.964779,0.02734375,2.0115814,8242.5,7.4795218,Ship-Water-Cloud-2.bmp,3248,3136
66.531494,4765.828,3.765153e+07,7.3492885,0.0390625,10.400085,42605.0,6.972664,0.5698242,10.333992,43658.0,7.0158815,0.012451172,2.6116614,10698.0,7.360408,Ship-Water-Cloud-2.bmp,3360,3136
116.647095,6270.6533,8.1417e+07,7.7610917,-0.33166504,20.947556,86251.75,7.2389655,0.449585,17.791222,73700.75,7.2774444,0.011352541,5.7759333,23658.75,7.360718,Ship-Water-Cloud-2.bmp,3472,3136
177.33875,3186.586,1.4186749e+08,8.154402,-0.21325684,33.41112,137038.25,7.3208923,0.34045413,42.888298,176145.25,7.233099,0.061889652,14.785294,60576.25,7.29609,Ship-Water-Cloud-2.bmp,3584,3136
191.37854,442.98016,1.518335e+08,8.2937565,-0.02746582,63.55631,260329.75,7.353241,0.02429206,64.37776,263693.75,7.3684616,-0.033081055,24.906805,102022.75,7.3485193,Ship-Water-Cloud-2.bmp,3696,3136
181.69983,633.23895,1.3782248e+08,8.280746,0.20446777,70.05505,287116.75,7.2989645,0.028686535,66.75473,273430.75,7.2824764,-0.028686523,27.978607,114603.75,7.4087543,Ship-Water-Cloud-2.bmp,3808,3136
166.45923,1032.091,1.1772218e+08,8.239021,0.15576172,94.70999,388031.5,7.1285663,0.008544922,90.11944,369129.5,7.173895,-0.038085934,32.40834,132750.5,7.240924,Ship-Water-Cloud-2.bmp,3920,3136
181.10974,4786.6895,1.5395811e+08,8.063742,0.45007324,278.07764,1.1398358e+06,6.8462963,0.06677252,276.24207,1.1315058e+06,6.7142205,0.08386229,88.30614,361730.75,6.6854553,Ship-Water-Cloud-2.bmp,4032,3136
151.89282,3318.275,1.0809222e+08,8.09803,0.22802734,335.16098,1.3730325e+06,7.105526,0.1364746,249.39507,1.0215985e+06,7.1196914,0.12597656,81.30505,333090.5,7.1625376,Ship-Water-Cloud-2.bmp,4144,3136
159.2633,3347.7954,1.176068e+08,8.081069,-0.18786621,349.19183,1.4304342e+06,7.086942,-0.058471758,215.86823,884210.25,7.1313057,0.08117676,98.609924,403933.25,7.012617,Ship-Water-Cloud-2.bmp,4256,3136
126.921875,609.63385,6.848019e+07,8.252682,0.19311523,50.75629,208050.5,6.6500797,-0.02172853,37.5912,153975.5,6.9811673,0.033691406,15.152307,62068.5,7.057844,Ship-Water-Cloud-2.bmp,4368,3136
119.90076,467.40842,6.0799384e+07,8.257835,-0.10241699,35.459057,145283.25,7.4541836,-0.03527832,35.575718,145723.25,7.39013,-0.0062255845,14.574486,59697.25,7.401763,Ship-Water-Cloud-2.bmp,4480,3136
108.87976,285.41248,4.972632e+07,8.270336,0.04748535,39.405888,161415.75,7.4546413,-0.022583049,35.452797,145216.75,7.409162,-0.0042724637,16.176924,66260.75,7.4608536,Ship-Water-Cloud-2.bmp,4592,3136
123.1145,339.84552,6.347582e+07,8.274118,-0.0234375,39.13324,160292.0,7.4790335,0.10766604,34.53846,141517.0,7.416979,-0.011718751,16.746933,68596.0,7.474642,Ship-Water-Cloud-2.bmp,4704,3136
76.38696,2381.6626,3.365532e+07,7.675739,0.14916992,53.608116,219670.0,6.6953096,0.28100583,34.019913,139669.0,7.101444,0.06274414,13.025848,53370.0,7.109892,Ship-Water-Cloud-2.bmp,4816,3136
160.62085,17367.793,1.7681142e+08,7.5045476,-0.2277832,550.375,2.2545485e+06,6.5213337,0.5751954,140.97102,578772.5,6.6657276,-0.04980468,66.97274,274330.5,6.6140065,Ship-Water-Cloud-2.bmp,4928,3136
180.6278,8780.005,1.6960066e+08,7.9120665,0.4293213,295.75165,1.2121538e+06,6.807061,-0.082397535,159.83788,654723.75,6.8529506,0.10681152,53.246338,218143.75,6.9786115,Ship-Water-Cloud-2.bmp,5040,3136
26.226196,2263.0776,1.208685e+07,6.3449693,0.48254395,75.30884,309418.75,4.6750336,-0.08312987,15.299669,62695.75,5.755993,0.032592773,11.155859,45698.75,5.015895,Ship-Water-Cloud-2.bmp,5152,3136
84.39075,7154.447,5.8475496e+07,7.5280986,-0.5765381,185.32355,760446.75,5.7962294,0.035522446,48.328754,197959.75,6.3694983,0.013061516,26.804213,109790.75,6.31115,Ship-Water-Cloud-2.bmp,5264,3136
128.9303,3663.6023,8.309402e+07,8.043815,0.027954102,37.87465,155137.75,6.9886475,0.45104983,116.29161,477163.75,5.9389277,-0.0006103553,21.434263,87794.75,6.803206,Ship-Water-Cloud-2.bmp,5376,3136
129.79468,1690.4427,7.592797e+07,8.178921,-0.046875,42.23828,173017.0,6.4713497,0.15527342,40.629696,166518.0,6.3364897,0.0075683584,14.698917,60207.0,6.6381474,Ship-Water-Cloud-2.bmp,5488,3136
127.59033,122.704605,6.7182584e+07,8.302734,0.08886719,20.884562,85575.5,7.4623885,-0.039795004,15.694584,64291.5,7.470585,-0.04858398,9.02535,36977.5,7.5091014,Ship-Water-Cloud-2.bmp,5600,3136
134.69934,160.17004,7.497352e+07,8.300144,-0.076538086,22.780704,93333.75,7.46961,0.03430175,18.59764,76180.75,7.440154,-0.0008544959,9.862975,40398.75,7.4335756,Ship-Water-Cloud-2.bmp,5712,3136
140.42725,192.59224,8.15612e+07,8.298258,-0.23071289,23.842644,97877.5,7.399021,0.10058589,19.192886,78655.5,7.3770385,0.008544924,9.795216,40121.5,7.4372406,Ship-Water-Cloud-2.bmp,5824,3136
148.1123,222.09335,9.076469e+07,8.29751,-0.023437496,35.861023,146889.0,7.3497663,0.06542967,24.241081,99309.0,7.4070997,-0.0146484375,12.752226,52234.0,7.4768105,Ship-Water-Cloud-2.bmp,5936,3136
218.08545,10535.98,2.379663e+08,7.9624147,0.26464844,437.52313,1.7923815e+06,7.0010524,0.04199212,398.4715,1.6321465e+06,6.879368,0.037109364,51.191864,209687.5,6.8510847,Ship-water-2.bmp,0,0
210.2992,11935.4375,2.3003622e+08,7.8842964,-0.07141114,464.56918,1.9028962e+06,6.845644,-0.2506103,406.99194,1.6672962e+06,6.889221,0.014038094,51.63561,211500.25,6.8024187,Ship-water-2.bmp,112,0
209.95264,13426.157,2.3554566e+08,7.853941,-0.053955078,435.8103,1.785091e+06,6.7216935,0.45898443,332.84695,1.364204e+06,6.9280686,-0.08374024,45.699776,187215.0,6.7253385,Ship-water-2.bmp,224,0
214.87048,12266.402,2.3935274e+08,7.9071074,0.029418942,337.60956,1.3828522e+06,6.722397,0.52233887,247.65668,1.01551925e+06,6.7153444,-0.016967764,32.142838,131658.25,6.680775,Ship-water-2.bmp,336,0
242.21545,13271.131,2.94664e+08,7.960372,-0.4197998,313.6097,1.2852672e+06,6.3718834,0.5032959,260.50653,1.0680722e+06,6.6528597,0.018920902,32.88569,134701.25,6.445238,Ship-water-2.bmp,448,0
244.35693,4974.76,2.6495005e+08,8.168449,0.3959961,135.07854,553924.0,6.8997207,-0.15185565,218.17493,893739.0,6.6909065,0.009277343,16.910315,69265.0,6.941468,Ship-water-2.bmp,560,0
201.40527,4485.403,1.8452269e+08,8.117728,0.15844727,200.65715,821994.5,6.367567,-0.19873044,215.75484,883893.5,6.68084,-0.0168457,22.49471,92139.5,6.658373,Ship-water-2.bmp,672,0
192.46387,4196.7383,1.6891526e+08,8.106903,0.03222657,124.5003,509957.5,6.03501,0.1140137,154.09601,631230.5,6.726087,-0.009033205,12.365031,50647.5,6.5316367,Ship-water-2.bmp,784,0
194.38245,9339.127,1.9301853e+08,7.929627,-0.13537598,299.54376,1.2270062e+06,6.573754,0.21789545,268.39862,1.0995552e+06,6.906018,-0.007446288,25.217293,103290.25,6.726142,Ship-water-2.bmp,896,0
198.37427,6785.6753,1.8898136e+08,8.016792,-0.24707031,341.3285,1.3983315e+06,6.7555866,-0.22753912,289.109,1.1844025e+06,7.013789,-0.017822271,29.123825,119292.5,7.0161543,Ship-water-2.bmp,1008,0
167.70874,7297.108,1.4509395e+08,7.9271646,-0.042236328,274.05035,1.1225175e+06,6.8561845,0.10668941,302.01706,1.2371085e+06,7.043459,0.01000977,19.26345,78903.5,7.1531143,Ship-water-2.bmp,1120,0
226.7915,10967.181,2.5559683e+08,8.01516,-0.17529297,187.80962,769394.0,6.081011,0.45385742,368.1104,1.508624e+06,6.65916,0.011962889,17.462017,71525.0,6.0461493,Ship-water-2.bmp,1232,0
227.3982,14518.721,2.712726e+08,7.9120493,-0.4099121,424.71213,1.740309e+06,6.037424,-0.19433574,330.80768,1.355143e+06,6.5550356,0.020507801,20.81208,85248.0,6.584441,Ship-water-2.bmp,1344,0
300.5923,17004.28,4.3974656e+08,8.039247,0.07080078,240.84875,986537.0,5.9959483,0.37133795,469.1187,1.922075e+06,6.7233515,-0.00024414435,20.376709,83463.0,6.6599464,Ship-water-2.bmp,1456,0
208.75842,13868.828,2.3531072e+08,7.8399215,0.4473877,365.45898,1.4977398e+06,6.8109026,-0.09069823,369.5354,1.5136508e+06,6.868127,-0.022338873,27.335865,111969.75,6.84362,Ship-water-2.bmp,1568,0
182.2594,8163.119,1.6949907e+08,7.905838,-0.22888184,367.5263,1.5056022e+06,7.0089045,-0.42810053,309.05676,1.2666472e+06,6.956905,0.00012205914,28.688782,117509.25,7.0644045,Ship-water-2.bmp,1680,0
211.39172,13305.242,2.3753402e+08,7.865014,0.23791504,519.8512,2.1295422e+06,6.837164,-0.15222178,475.89337,1.9493542e+06,6.968898,-0.024291994,34.858116,142781.25,6.9644737,Ship-water-2.bmp,1792,0
190.29578,9768.838,1.8833949e+08,7.888811,0.15808105,470.40668,1.9268882e+06,6.9815993,0.18469247,349.11633,1.4301202e+06,6.9045744,0.0020752032,28.650932,117354.25,6.940976,Ship-water-2.bmp,1904,0
200.52356,10445.484,2.0748362e+08,7.9000845,-0.29626465,496.08844,2.0323378e+06,7.0108366,-0.14343253,360.81946,1.4780008e+06,6.882052,-0.0062255776,34.356346,140723.75,7.017875,Ship-water-2.bmp,2016,0
202.53821,9605.088,2.0736742e+08,7.9433923,-0.1451416,409.17566,1.6760698e+06,6.9638786,0.19250491,313.69824,1.2850598e+06,7.1032066,0.011108402,31.075745,127286.75,7.114024,Ship-water-2.bmp,2128,0
215.67957,12306.491,2.4094378e+08,7.9049206,0.0076904297,414.42322,1.6974778e+06,6.9357586,0.024536267,431.1751,1.7660958e+06,6.9750586,0.0015869141,31.405453,128636.75,6.9468317,Ship-water-2.bmp,2240,0
204.01794,9904.033,2.1105606e+08,7.941454,0.04675293,340.4218,1.3943768e+06,6.969385,0.04309074,410.2952,1.6805768e+06,6.9363465,-0.011108397,29.417295,120493.75,7.1306367,Ship-water-2.bmp,2352,0
197.20105,9510.446,1.9824109e+08,7.932968,-0.29699707,403.23828,1.6520252e+06,7.015479,-0.14611813,297.63202,1.2191882e+06,6.924835,-0.009887691,31.0505,127183.25,7.118999,Ship-water-2.bmp,2464,0
217.30042,12384.098,2.4413622e+08,7.914568,-0.39733887,399.4629,1.6368468e+06,7.067586,-0.018676639,406.7071,1.6658738e+06,6.889042,0.014038075,30.093733,123264.75,6.9960194,Ship-water-2.bmp,2576,0
201.58081,10129.109,2.0792906e+08,7.910327,-0.016601562,357.17786,1.4630015e+06,7.063241,-0.0991212,409.72565,1.6782765e+06,6.824231,0.024169931,31.71316,129899.5,6.9700394,Ship-water-2.bmp,2688,0
186.19885,8054.815,1.750009e+08,7.9350853,-0.04919433,301.5197,1.2350348e+06,7.0718007,-0.03259281,347.5755,1.4236738e+06,6.8870277,-0.04675293,32.899124,134763.75,6.947714,Ship-water-2.bmp,2800,0
195.5155,6584.375,1.8354458e+08,8.024659,-0.24621582,297.9154,1.2205098e+06,7.093856,0.12683102,271.00192,1.1100898e+06,6.9869566,-0.0020752023,29.160334,119440.75,7.0449038,Ship-water-2.bmp,2912,0
205.06396,11922.365,2.2107586e+08,7.874086,-0.16870117,515.3518,2.1109975e+06,7.1402035,0.017333984,411.51324,1.6855595e+06,7.183143,-0.0009765532,53.289673,218274.5,7.195323,Ship-water-2.bmp,0,112
218.23987,12360.369,2.4571498e+08,7.9123297,0.20007324,505.97415,2.0726342e+06,7.0825596,-0.12976074,412.51788,1.6897422e+06,7.1585393,-0.0035400349,55.46684,227192.25,7.090543,Ship-water-2.bmp,112,112
191.53918,11724.797,1.9829578e+08,7.8169317,0.2232666,445.14465,1.8235168e+06,6.8710766,0.069946334,367.8615,1.5067808e+06,6.9909053,-0.057006843,50.98448,208845.75,6.8852015,Ship-water-2.bmp,224,112
206.55444,9354.693,2.1307158e+08,7.948762,0.50146484,437.04626,1.7911715e+06,6.917407,-0.11621103,406.05374,1.6632515e+06,6.901396,-0.013916021,50.135914,205357.5,6.8175983,Ship-water-2.bmp,336,112
199.94409,15066.048,2.2545894e+08,7.7482905,-0.4033203,413.12833,1.69284e+06,6.5353613,-0.21411139,386.649,1.583902e+06,6.599325,0.016113287,42.762436,175156.0,6.508469,Ship-water-2.bmp,448,112
250.55444,12926.443,3.100835e+08,7.9829493,0.5161133,459.82068,1.8845165e+06,6.6674213,0.3007812,352.81686,1.4455085e+06,6.2941794,-0.009033198,42.72465,175000.5,6.4499454,Ship-water-2.bmp,560,112
178.5553,6392.004,1.567703e+08,7.988097,-0.09094238,268.70407,1.1006458e+06,6.962083,0.0010986179,195.72748,801699.75,7.067395,0.0013427716,23.059017,94449.75,7.077775,Ship-water-2.bmp,672,112
187.47571,6035.6313,1.6868464e+08,8.028368,0.002319336,232.97884,954281.25,6.7557716,0.046508804,212.39682,869986.25,6.9585733,-0.00061034015,20.151184,82539.25,6.9044256,Ship-water-2.bmp,784,112
216.2926,5509.9385,2.141898e+08,8.127089,-0.0028076246,152.95123,626488.25,6.670966,0.17321768,160.23398,656441.25,6.917408,-0.019165033,17.533628,71819.25,6.5179286,Ship-water-2.bmp,896,112
220.23352,1778.3269,2.0595152e+08,8.250395,0.15075684,60.025177,245956.25,6.9538,-0.1929932,90.90251,372489.25,7.0218105,-0.011108398,8.820494,36129.25,7.347462,Ship-water-2.bmp,1008,112
179.80322,4352.593,1.502486e+08,8.105066,0.32055664,113.1586,463918.5,6.9861236,0.019042999,217.07938,889158.5,7.04722,0.010986331,13.098146,53650.5,7.096224,Ship-water-2.bmp,1120,112
233.59753,13194.277,2.775535e+08,7.9473224,-0.3441162,297.2387,1.2179748e+06,6.4300365,-0.12561034,731.2754,2.9953688e+06,7.051755,-0.008666987,27.7628,113716.75,6.688054,Ship-water-2.bmp,1232,112
196.07849,12540.922,2.088456e+08,7.85636,0.32922363,242.15509,992311.25,6.7961664,0.17883304,612.6109,2.5093852e+06,7.0496964,0.011108399,22.364437,91605.25,7.1129236,Ship-water-2.bmp,1344,112
214.0,10805.185,2.3183846e+08,7.9724646,-0.07910157,161.65073,662147.0,6.545438,0.17358391,543.9086,2.227973e+06,7.04852,0.0051269475,18.51511,75838.0,6.9625244,Ship-water-2.bmp,1456,112
218.37231,8786.689,2.3131406e+08,8.024517,0.07836913,235.97128,966563.5,6.8085938,0.041259766,509.53967,2.0870815e+06,6.994784,0.022216797,24.47448,100249.5,6.924177,Ship-water-2.bmp,1568,112
203.5304,7025.3633,1.9845114e+08,8.046735,0.21203613,186.64749,764692.25,6.854468,-0.2845459,248.48404,1.01812225e+06,7.0636115,-0.0013427688,16.45074,67382.25,7.186436,Ship-water-2.bmp,1680,112
218.22534,9144.629,2.3251733e+08,8.007811,-0.2932129,278.9105,1.1427695e+06,6.658824,0.08300773,256.34625,1.0500225e+06,6.9441423,-0.020996086,19.944748,81695.5,6.928447,Ship-water-2.bmp,1792,112
229.16309,7978.9697,2.4778627e+08,8.051338,-0.10253908,378.0122,1.548381e+06,6.774763,0.18310542,321.68915,1.317776e+06,6.758192,0.013671877,26.429014,108254.0,6.6778045,Ship-water-2.bmp,1904,112
188.35449,8844.935,1.8154434e+08,7.9023943,0.13916016,346.20868,1.41815e+06,6.767995,-0.08984372,320.04196,1.310925e+06,6.850645,-0.0517578,28.022472,114791.0,6.8300896,Ship-water-2.bmp,2016,112
207.229,11501.582,2.2300853e+08,7.888441,-0.4362793,432.3399,1.771644e+06,6.830229,0.5341796,345.8511,1.417775e+06,6.9507427,-0.029541016,30.3336,124250.0,6.84488,Ship-water-2.bmp,2128,112
210.88293,12513.327,2.334103e+08,7.8741198,0.40124512,448.80304,1.8389568e+06,6.842436,0.5823974,388.07068,1.5909268e+06,6.934512,-0.012084954,30.683142,125678.75,6.7887774,Ship-water-2.bmp,2240,112
205.9198,9577.792,2.1291318e+08,7.9534416,-0.05529785,350.59906,1.4360662e+06,7.017232,-0.068481326,381.0791,1.5609192e+06,6.9198174,-0.01818848,31.43601,128763.25,7.088787,Ship-water-2.bmp,2352,112
203.58093,10974.992,2.1471309e+08,7.89721,-0.24035645,486.01117,1.9909382e+06,7.0463147,-0.24401847,426.04352,1.7453182e+06,7.0114098,0.00061034225,42.294983,173240.25,7.049019,Ship-water-2.bmp,2464,112
212.55249,10400.4,2.2765142e+08,7.9387627,-0.3125,364.39392,1.4929575e+06,7.01554,0.3161621,387.66553,1.5882875e+06,6.945639,-0.006835941,29.491777,120798.5,7.115892,Ship-water-2.bmp,2576,112
231.86523,11756.623,2.6836218e+08,7.951071,-0.31933594,436.60175,1.7887385e+06,6.9529133,0.29052728,381.4638,1.5628215e+06,6.9323587,-0.012695295,30.674767,125644.5,7.0574627,Ship-water-2.bmp,2688,112
217.96802,9606.891,2.33951e+08,7.976135,0.18164062,289.83447,1.187297e+06,7.010008,-0.23657227,320.24237,1.311942e+06,7.00508,-0.0014648424,29.622309,121333.0,6.994852,Ship-water-2.bmp,2800,112
212.83911,6638.0596,2.1274029e+08,8.069002,-0.18066406,200.63814,821947.5,6.8215733,-0.2768553,222.038,909781.5,7.0951147,-0.017822262,18.376757,75272.5,7.107092,Ship-water-2.bmp,2912,112
165.8241,4546.3867,1.312523e+08,8.035818,-0.025024422,262.55243,1.0754172e+06,7.0481462,0.20739742,199.55324,817546.25,7.167124,-0.0015869159,28.252499,115722.25,7.0110426,Ship-water-2.bmp,0,224
179.92053,6940.323,1.6102082e+08,7.9596047,0.021850586,369.42584,1.5131702e+06,6.952154,0.16979977,280.25687,1.1480502e+06,7.038415,-0.041870117,41.7798,171137.25,6.9249578,Ship-water-2.bmp,112,224
216.11401,12236.621,2.4142598e+08,7.889865,0.10961914,518.8676,2.125331e+06,6.9746046,0.06176755,408.27325,1.672303e+06,7.0716944,-0.006103524,56.764122,232506.0,7.01687,Ship-water-2.bmp,224,224
184.6145,8008.2646,1.7240382e+08,7.9271894,0.18920898,321.66513,1.317687e+06,7.081835,-0.09326174,269.57114,1.104199e+06,7.203413,0.01757812,29.460382,120671.0,7.1827526,Ship-water-2.bmp,336,224
191.42761,9542.457,1.8918189e+08,7.8984675,0.010864262,395.5257,1.6200738e+06,6.948489,-0.1612549,343.55573,1.4073108e+06,7.1042023,-0.011596676,41.471725,169868.75,6.8946834,Ship-water-2.bmp,448,224
187.78528,8368.836,1.7871728e+08,7.9419403,-0.109497055,352.1751,1.4425582e+06,6.753363,0.4901123,369.1209,1.5129032e+06,6.800181,0.000122057274,38.147278,156251.25,6.6751842,Ship-water-2.bmp,560,224
210.4414,9966.684,2.2221728e+08,7.959711,0.08105469,311.78223,1.277087e+06,6.7439423,0.31933594,416.6424,1.706985e+06,6.7858605,-0.02978515,30.286953,124059.0,6.7812033,Ship-water-2.bmp,672,224
199.49341,7999.7637,1.9577808e+08,7.99717,-0.005615229,317.43466,1.3002125e+06,6.9708385,-0.37841803,361.24048,1.4802275e+06,6.86257,0.0048828134,25.256203,103449.5,6.912757,Ship-water-2.bmp,784,224
178.5874,7592.95,1.6173634e+08,7.9632077,-0.3005371,188.40381,772072.0,6.8816023,-0.66186523,199.18108,817640.0,6.782642,-0.013183597,18.085764,74080.0,6.508926,Ship-water-2.bmp,896,224
219.99036,3788.3145,2.1374595e+08,8.188166,-0.0037841797,75.14751,307804.25,6.415246,0.046508744,127.548676,522448.25,7.010062,0.007446287,8.8537655,36265.25,7.1078796,Ship-water-2.bmp,1008,224
191.38574,3795.6406,1.6557728e+08,8.146902,0.0073242188,120.31269,492801.0,6.4860926,-0.047119126,168.78343,691346.0,6.87696,-0.008056648,12.183285,49903.0,6.9128532,Ship-water-2.bmp,1120,224
217.031,10869.296,2.374523e+08,7.9246855,-0.32495117,239.67262,982131.5,6.280423,0.33251956,298.84802,1.2245345e+06,6.5846376,0.0048828158,25.409765,104078.5,6.3182554,Ship-water-2.bmp,1232,224
230.16553,9285.125,2.5502226e+08,8.054836,-0.203125,259.37997,1.0625895e+06,6.7712617,-0.14282225,185.03809,757999.5,6.7132072,-0.001220692,18.298458,74950.5,6.94653,Ship-water-2.bmp,1344,224
242.98743,8480.66,2.7657645e+08,8.098834,-0.047973644,257.49078,1.0546918e+06,6.7459707,0.030395478,205.40088,841325.75,6.9597616,-0.018676763,18.764236,76859.75,6.92955,Ship-water-2.bmp,1456,224
231.75415,12820.102,2.7250723e+08,7.94442,0.3869629,480.20197,1.9675205e+06,7.0173564,-0.113525316,438.40204,1.7957475e+06,7.1097803,-0.024169931,31.364285,128470.5,7.038831,Ship-water-2.bmp,1568,224
203.83154,10937.592,2.1497811e+08,7.920019,0.25976562,426.5182,1.747295e+06,6.9002132,-0.31689453,312.11835,1.278848e+06,6.9290013,0.033203118,25.510857,104497.0,7.088884,Ship-water-2.bmp,1680,224
177.7417,10060.202,1.7060789e+08,7.832183,0.062255867,274.85342,1.1258155e+06,7.078899,0.0036621392,329.17664,1.3483075e+06,7.009821,-0.01611328,21.654648,88698.5,7.1201086,Ship-water-2.bmp,1792,224
191.81567,8091.2783,1.8384704e+08,7.957144,-0.017089847,270.42645,1.107668e+06,6.738705,-0.2583008,318.20697,1.303649e+06,6.9448795,0.015380852,22.891123,93763.0,6.9668846,Ship-water-2.bmp,1904,224
198.95032,8595.451,1.9733168e+08,7.9486685,0.2322998,283.26422,1.1604712e+06,6.591913,-0.36975095,271.51788,1.1126972e+06,6.7737126,0.011352543,23.007011,94237.25,6.9206758,Ship-water-2.bmp,2016,224
217.98083,10300.156,2.3681352e+08,7.951707,0.2779541,351.5916,1.4404358e+06,6.5120764,0.0135498345,350.88013,1.4372058e+06,6.6809106,-0.037963863,23.560755,96510.75,6.7842884,Ship-water-2.bmp,2128,224
240.38086,8694.92,2.7229338e+08,8.063976,-0.11718749,287.91568,1.179359e+06,6.67947,-0.26098636,372.03223,1.524123e+06,6.868367,0.016845709,20.669395,84663.0,6.904237,Ship-water-2.bmp,2240,224
257.90356,10123.85,3.1390963e+08,8.0714245,-0.040771484,293.56696,1.202457e+06,6.6598196,-0.6831054,370.11664,1.517909e+06,6.685458,0.018554684,22.445946,91940.0,6.8212957,Ship-water-2.bmp,2352,224
217.62903,10203.912,2.3579158e+08,7.975052,0.15539551,286.88498,1.1751798e+06,6.790486,-0.057495177,334.84967,1.3715578e+06,6.989502,0.0054931603,25.905424,106108.75,6.9264617,Ship-water-2.bmp,2464,224
216.1029,9814.844,2.3148672e+08,7.9927006,-0.23547363,195.9916,803008.75,7.038329,0.1387938,215.20041,881539.75,7.1979833,0.022583004,16.642006,68167.75,6.9985785,Ship-water-2.bmp,2576,224
259.54456,12316.1455,3.2636733e+08,8.022464,0.009399414,353.0984,1.4462912e+06,6.5738544,-0.30920407,267.38956,1.0956192e+06,6.760204,-0.008911135,27.741924,113631.25,6.7015567,Ship-water-2.bmp,2688,224
232.21521,9389.067,2.5932992e+08,8.021007,-0.18737793,376.43982,1.5420412e+06,6.8025618,-0.17663568,374.73743,1.5350522e+06,6.9976263,-0.055786133,40.30896,165118.25,6.813871,Ship-water-2.bmp,2800,224
226.64026,9138.693,2.4782643e+08,8.013392,0.11755372,279.50626,1.1449142e+06,6.9568906,0.07824714,327.1905,1.3401972e+06,7.104475,-0.013793954,29.722527,121744.25,7.0442414,Ship-water-2.bmp,2912,224
104.50525,2119.516,5.3415376e+07,7.982716,-0.13244629,90.16465,369386.25,6.653118,0.3443604,66.264046,271903.25,6.951558,-0.0003662072,10.39679,42585.25,7.1597958,Ship-water-2.bmp,0,336
142.13696,2187.0298,9.1709224e+07,8.136964,-0.09179688,105.68627,432925.5,7.256553,0.3398438,80.75279,331236.5,7.2164164,-0.017333988,14.827458,60734.5,7.2817197,Ship-water-2.bmp,112,336
152.76624,3786.4702,1.1109987e+08,8.044209,0.060668945,167.16814,684735.75,7.253927,0.40734863,158.9966,651929.75,7.175017,-0.009155273,18.407814,75398.75,7.359106,Ship-water-2.bmp,224,336
171.83606,8542.631,1.5593579e+08,7.8440332,-0.25109863,329.57642,1.3502032e+06,7.0004363,0.04016113,302.86246,1.2405312e+06,7.0399966,0.02526857,32.07852,131396.25,7.055359,Ship-water-2.bmp,336,336
196.594,10718.896,2.0221171e+08,7.883158,-0.2055664,418.8474,1.715772e+06,7.0753255,-0.2885742,380.06296,1.557079e+06,7.196666,-0.004150386,41.047836,168132.0,7.167384,Ship-water-2.bmp,448,336
168.5918,7195.955,1.4589603e+08,7.9304714,-0.043945312,302.63763,1.2396115e+06,7.0269723,0.31445318,250.4718,1.0263375e+06,7.107036,-0.0039062537,26.160263,107152.5,7.2197785,Ship-water-2.bmp,560,336
221.28918,12764.395,2.5285958e+08,7.9108334,-0.015747093,466.92734,1.9125352e+06,6.903901,0.35217303,466.9842,1.9132752e+06,6.8543434,0.008666988,31.461653,128867.25,7.017008,Ship-water-2.bmp,672,336
229.297,10113.021,2.5677878e+08,8.019482,-0.026977539,296.22955,1.2133592e+06,6.776085,0.10510254,327.90186,1.3431312e+06,6.9360504,0.011108386,21.217466,86907.25,6.7423987,Ship-water-2.bmp,784,336
227.844,11017.558,2.577631e+08,7.989101,0.09716797,425.26544,1.741926e+06,6.779245,-0.18603507,355.1861,1.454984e+06,6.861492,-0.0070800735,33.15913,135820.0,6.8036757,Ship-water-2.bmp,896,336
198.56665,10130.215,2.0299338e+08,7.9185367,-0.23217773,440.40656,1.804126e+06,6.941254,0.20019537,347.20038,1.422297e+06,7.01333,0.030273438,33.51471,137280.0,7.067009,Ship-water-2.bmp,1008,336
183.76123,9037.064,1.7533034e+08,7.914887,0.26904297,304.98047,1.2494965e+06,7.05134,-0.072265476,290.49683,1.1898965e+06,7.009586,0.051757824,25.95521,106323.5,7.0232882,Ship-water-2.bmp,1120,336
191.28528,7244.335,1.7954566e+08,8.012247,-0.0010986365,255.06122,1.04473075e+06,6.56676,-0.06823751,239.52019,981093.75,6.7052836,0.00036621653,25.442078,104210.75,6.6386156,Ship-water-2.bmp,1232,336
205.61145,3338.1768,1.8683595e+08,8.174273,-0.045532223,133.69635,547628.75,6.8816023,0.16979986,126.081215,516546.75,6.9762654,-0.02966308,19.012243,77877.75,7.0682735,Ship-water-2.bmp,1344,336
225.1189,11338.204,2.5402048e+08,7.977801,-0.19189453,269.30228,1.103213e+06,6.8815827,-0.044921875,258.32513,1.058108e+06,6.9184437,0.004638682,21.28318,87176.0,7.0616207,Ship-water-2.bmp,1456,336
205.6549,10753.901,2.1728397e+08,7.9207706,-0.26257324,406.60834,1.6657502e+06,6.9872856,-0.19641122,378.23712,1.5494172e+06,6.957514,0.035034176,30.616507,125410.25,7.051133,Ship-water-2.bmp,1568,336
230.81494,9792.986,2.5832867e+08,8.017712,-0.084228516,440.1499,1.802883e+06,6.918208,-0.061767668,428.64194,1.755733e+06,7.014692,0.00976564,32.087795,131432.0,7.048505,Ship-water-2.bmp,1680,336
222.32263,10901.769,2.4710808e+08,7.967208,0.2298584,362.17966,1.4837042e+06,6.9789424,-0.26062012,404.8567,1.6585712e+06,7.075972,-0.011596671,25.946947,106279.25,7.095165,Ship-water-2.bmp,1792,336
196.0503,11484.179,2.044719e+08,7.8328347,-0.059570312,399.73083,1.637312e+06,6.9498796,-0.4597167,362.4322,1.485388e+06,6.981244,0.02856445,30.450356,124728.0,7.0161743,Ship-water-2.bmp,1904,336
192.781,10354.185,1.9463659e+08,7.868082,0.29516602,422.45267,1.730723e+06,6.9194613,0.015380815,381.44287,1.562391e+06,6.957402,-0.008544909,34.83391,142680.0,7.067172,Ship-water-2.bmp,2016,336
215.64185,11412.732,2.372163e+08,7.9128413,0.19238281,456.54993,1.87018e+06,6.9310384,0.26245126,433.71994,1.776799e+06,6.9541235,-0.0034179734,37.19603,152355.0,6.940277,Ship-water-2.bmp,2128,336
204.56775,10855.746,2.158744e+08,7.886483,-0.123168945,376.44913,1.5419978e+06,6.930772,0.093139544,395.211,1.6188198e+06,6.827715,-0.028930657,28.03255,114824.75,6.905293,Ship-water-2.bmp,2240,336
213.72803,11573.418,2.3450864e+08,7.9319406,-0.28955078,330.25064,1.35305e+06,6.849656,0.30102536,373.456,1.530047e+06,6.8785048,-0.014404299,28.656532,117378.0,6.7907734,Ship-water-2.bmp,2352,336
211.7616,10927.95,2.284377e+08,7.910064,-0.06506349,415.67505,1.7026222e+06,6.9848123,-0.16223145,395.82065,1.6213892e+06,7.0475554,0.0023193322,32.528374,133236.25,7.170602,Ship-water-2.bmp,2464,336
235.75854,16997.598,2.972864e+08,7.847339,-0.5373535,429.8609,1.761893e+06,6.9372845,0.10986334,415.1737,1.700601e+06,6.7112036,0.017578118,34.02752,139378.0,6.972638,Ship-water-2.bmp,2576,336
279.02722,16633.508,3.8702982e+08,7.9915595,0.13146973,349.72278,1.4325352e+06,6.8457355,0.5491944,395.86005,1.6226782e+06,6.718073,0.03186035,37.754417,154646.25,6.872493,Ship-water-2.bmp,2688,336
232.70227,13177.453,2.7577466e+08,7.927405,0.3519287,395.1234,1.6189328e+06,7.0496492,-0.11584476,429.8581,1.7607538e+06,7.0188527,-0.0023193322,47.453545,194369.75,7.0312896,Ship-water-2.bmp,2800,336
208.65796,7393.5005,2.0861603e+08,8.035377,0.2253418,323.7555,1.3263105e+06,7.1855526,0.20166013,336.0273,1.3765345e+06,7.110441,-0.013671893,37.02044,151636.5,7.067629,Ship-water-2.bmp,2912,336
75.62622,69.991394,2.371304e+07,8.293076,-0.044677734,7.5634336,30988.0,7.333934,0.06884765,7.152975,29318.0,7.302382,0.026367188,2.2021852,9023.0,7.371108,Ship-water-2.bmp,0,448
80.75696,376.42584,2.8254666e+07,8.19628,-0.03942871,18.41501,75434.25,6.881731,0.18493655,17.712685,72691.25,6.8348265,-0.007934571,4.160642,17042.25,7.2677984,Ship-water-2.bmp,112,448
98.70032,1560.9563,4.6295896e+07,8.021572,-0.1998291,47.64665,195324.25,6.8297853,0.21154787,43.765614,179447.25,6.927225,0.0072021447,6.950205,28468.25,7.1965885,Ship-water-2.bmp,224,448
151.63135,5724.7227,1.1762397e+08,7.9211626,-0.14624023,168.70834,691117.0,7.0806847,0.19653314,139.5976,571950.0,7.0888023,0.0024414049,15.232415,62392.0,7.205807,Ship-water-2.bmp,336,448
191.28235,6234.077,1.7540307e+08,7.9945498,-0.07141112,333.4288,1.3657452e+06,7.026146,0.21081534,253.3443,1.03788025e+06,7.0030165,-0.014526375,35.316986,144659.25,7.0668945,Ship-water-2.bmp,448,448
182.58508,6968.0156,1.6509062e+08,7.984411,-0.16784668,329.51556,1.3498112e+06,7.15541,-0.19836426,251.58987,1.03067325e+06,7.1335716,-0.011352539,31.095142,127366.25,7.291709,Ship-water-2.bmp,560,448
188.46118,8940.116,1.8209888e+08,7.91315,0.13452148,398.5184,1.6324055e+06,7.0973263,0.13867188,318.3952,1.3042255e+06,7.172455,-0.0063476674,34.905846,142974.5,7.072918,Ship-water-2.bmp,672,448
186.25537,8955.356,1.7877574e+08,7.8845587,-0.52490234,335.99634,1.3773695e+06,7.1273394,0.045166023,349.13943,1.4300835e+06,7.0203333,-0.010986331,34.223633,140180.5,7.070564,Ship-water-2.bmp,784,448
216.2893,12590.429,2.4318563e+08,7.893009,0.18798828,573.3075,2.3484125e+06,6.981533,0.24829102,430.55493,1.7638055e+06,6.942214,-0.013183589,46.985546,192453.5,6.8794985,Ship-water-2.bmp,896,448
207.37512,10593.857,2.1953862e+08,7.913109,-0.23132324,549.6117,2.2514288e+06,6.8537292,0.026245013,402.91846,1.6503568e+06,7.0374365,-0.0113525335,46.179737,189152.75,6.996093,Ship-water-2.bmp,1008,448
229.9347,12351.791,2.6714829e+08,7.9487066,0.24328613,457.73053,1.8751068e+06,7.0495377,-0.4085694,456.86743,1.8720128e+06,7.1712046,0.0040283203,48.605392,199087.75,7.058402,Ship-water-2.bmp,1120,448
205.19287,9089.268,2.096881e+08,7.952387,0.31445312,374.28918,1.5334935e+06,6.8631124,0.0070800483,430.41803,1.7629925e+06,6.9962816,0.0012207157,39.84192,163192.5,7.050353,Ship-water-2.bmp,1232,448
199.11414,4815.218,1.8211494e+08,8.102303,0.2076416,251.60893,1.03076675e+06,6.8248153,0.15100095,198.56894,813431.75,6.6097946,-0.013305663,26.91578,110247.75,6.840936,Ship-water-2.bmp,1344,448
227.95984,6528.4873,2.3959214e+08,8.088772,0.087524414,206.13144,844345.75,6.6861763,-0.18884286,169.1376,692933.75,6.4555483,-0.005981445,20.555809,84196.75,6.788245,Ship-water-2.bmp,1456,448
261.5692,11117.334,3.257786e+08,8.061847,-0.18713377,480.24823,1.9672402e+06,6.727115,-0.20959477,279.9759,1.1469612e+06,6.747232,-0.020141594,36.354145,148908.25,6.6594286,Ship-water-2.bmp,1568,448
284.13623,14337.031,3.8940845e+08,8.04731,0.14428711,479.6153,1.9645895e+06,6.678995,-0.16186522,447.6502,1.8336825e+06,6.8956656,-0.012695313,30.174522,123595.5,6.7266035,Ship-water-2.bmp,1680,448
261.4414,13867.772,3.367706e+08,8.007586,-0.107666016,407.7351,1.6701305e+06,6.772127,0.12133792,361.79034,1.4819535e+06,6.871688,0.022949215,16.304039,66783.5,6.91199,Ship-water-2.bmp,1792,448
200.06311,10247.271,2.0591624e+08,7.891384,-0.07556152,467.16513,1.9135318e+06,6.7877965,0.07458496,356.75366,1.4612858e+06,7.006885,0.048706062,30.7129,125809.75,6.9375916,Ship-water-2.bmp,1904,448
199.03088,8922.492,1.9880258e+08,7.9519463,-0.036987305,366.76016,1.5022552e+06,7.051435,0.22204587,431.42462,1.7673172e+06,7.0398035,-0.019653322,39.04801,159942.25,7.0979977,Ship-water-2.bmp,2016,448
246.72437,14987.789,3.1072544e+08,7.92089,0.07080078,536.62366,2.198031e+06,6.992299,0.16308604,528.2551,2.163842e+06,6.9095783,-0.029541021,46.814068,191754.0,6.9768305,Ship-water-2.bmp,2128,448
206.29297,11905.767,2.2307862e+08,7.8786597,-0.05053711,399.34058,1.6357095e+06,6.949335,0.0058594346,345.2708,1.4142295e+06,6.8477893,0.0017089793,26.497921,108535.5,7.038209,Ship-water-2.bmp,2240,448
172.09094,9758.635,1.612756e+08,7.8148384,0.22546387,284.66357,1.1661902e+06,6.9281745,0.36364746,224.40128,919689.25,6.940531,0.004028312,22.579147,92484.25,6.905143,Ship-water-2.bmp,2352,448
179.52393,9499.466,1.7091914e+08,7.853425,0.09423828,260.17288,1.0657045e+06,6.9649205,0.040771455,298.10004,1.2210245e+06,6.9656906,0.020263672,24.253616,99344.5,7.1152515,Ship-water-2.bmp,2464,448
159.85046,6992.1035,1.3330135e+08,7.872245,0.022583,232.89445,953937.75,7.0171676,-0.3067627,246.0755,1.00831075e+06,6.923377,0.0040283166,22.36052,91588.75,7.099767,Ship-water-2.bmp,2576,448
230.43958,11143.7705,2.631523e+08,7.9975843,-0.4996338,234.61322,961998.25,7.2891245,-0.3773194,264.63696,1.0845362e+06,7.1478148,-0.0015869136,27.936092,114426.25,7.2661357,Ship-water-2.bmp,2688,448
292.3844,13438.581,4.052059e+08,8.061902,0.46594238,274.96338,1.1271392e+06,6.947133,-0.6392821,309.18365,1.2680902e+06,6.744236,0.013061531,39.245983,160752.25,6.765905,Ship-water-2.bmp,2800,448
160.96375,14322.087,1.6478787e+08,7.5438757,0.94055176,242.33453,996225.75,6.478278,-0.17419446,335.235,1.3732468e+06,6.382002,0.008178713,31.473019,128913.75,6.4188757,Ship-water-2.bmp,2912,448
105.493286,4358.2676,6.343517e+07,7.6994247,0.05993653,106.22327,435105.25,6.8806305,-0.26257327,95.43039,391165.25,6.8846555,-0.009399418,10.509984,43049.25,7.0993643,Ship-water-2.bmp,0,560
76.09363,2125.5608,3.2423122e+07,7.708477,0.08068848,74.190445,303910.75,6.6551447,-0.1583252,51.791523,212240.75,6.6603856,0.004028323,7.463546,30570.75,6.9113245,Ship-water-2.bmp,112,560
90.226074,2733.1313,4.4539396e+07,7.7781267,-0.02319336,91.12519,373251.0,6.787375,-0.35986325,69.85097,286640.0,6.8337555,0.014892577,7.817161,32020.0,7.086767,Ship-water-2.bmp,224,560
88.91492,1439.9229,3.8280336e+07,7.992529,-0.04138184,56.588314,231792.75,6.5683146,0.023071289,55.640762,227906.75,6.7862196,-0.006469725,6.619526,27113.75,7.059149,Ship-water-2.bmp,336,560
116.65076,1714.06,6.27567e+07,8.090004,-0.2220459,59.446365,243694.25,7.0739307,0.32824713,44.82298,184036.25,7.204462,0.007202151,9.20411,37700.25,7.303895,Ship-water-2.bmp,448,560
168.31213,8270.654,1.4991208e+08,7.8282347,-0.1138916,265.53067,1.0876668e+06,6.7725267,0.3690186,197.44312,809284.75,6.6717978,0.012817383,26.900898,110186.75,6.8719826,Ship-water-2.bmp,560,560
180.99268,10228.327,1.7607342e+08,7.8165402,0.058349606,317.5823,1.300831e+06,6.9779425,0.18066405,319.30157,1.307993e+06,6.965412,-0.0012207013,29.945309,122656.0,7.066604,Ship-water-2.bmp,672,560
206.11023,12999.674,2.272506e+08,7.8576317,-0.4683838,488.8804,2.0033528e+06,7.035919,-0.01086434,432.75055,1.7725468e+06,6.940282,0.024291988,42.990807,176092.75,7.080543,Ship-water-2.bmp,784,560
187.6101,10979.309,1.8914042e+08,7.8522725,0.22680664,432.4146,1.771381e+06,6.896697,-0.1230468,310.72046,1.272773e+06,6.8152456,-0.011230474,35.83996,146801.0,6.8839974,Ship-water-2.bmp,896,560
190.78833,10052.684,1.9027096e+08,7.882369,-0.35961914,474.92255,1.9458125e+06,7.000845,-0.20922853,305.92508,1.2532485e+06,7.0968585,0.018798828,33.72853,138153.5,7.1769056,Ship-water-2.bmp,1008,560
209.93909,11625.89,2.2814848e+08,7.89707,0.10168457,485.47775,1.9885592e+06,7.0501585,0.21301265,417.18246,1.7089652e+06,6.98287,0.0050048847,48.559605,198900.25,7.0098777,Ship-water-2.bmp,1120,560
171.46643,8177.795,1.5392166e+08,7.8661904,0.17224123,398.12482,1.6308408e+06,7.052592,-0.058227584,297.6386,1.2191418e+06,7.149414,0.029418949,40.985397,167879.75,7.1639986,Ship-water-2.bmp,1232,560
167.71545,6370.742,1.413088e+08,7.956405,-0.2965088,221.75955,908687.25,7.0998898,0.24621585,195.49193,800983.25,7.1035657,0.00036621653,20.477356,83875.25,7.2001657,Ship-water-2.bmp,1344,560
217.51575,7257.6836,2.2352192e+08,8.059651,-0.060424805,274.40353,1.1239718e+06,6.8713646,0.07531741,141.89124,581209.75,6.3737698,0.0035400474,18.77263,76892.75,6.821006,Ship-water-2.bmp,1456,560
263.5393,9324.0625,3.2267072e+08,8.099302,-0.35595703,382.38388,1.5667635e+06,6.8125615,0.37792972,211.70494,867728.5,6.5801573,-0.01586914,28.6549,117371.5,6.711332,Ship-water-2.bmp,1568,560
238.87561,14991.732,2.9513027e+08,7.9333253,-0.20617676,567.8282,2.3259982e+06,6.8604784,0.45129395,355.23682,1.4558842e+06,6.604351,-0.026000971,34.015987,139332.25,6.7607975,Ship-water-2.bmp,1680,560
224.72192,10707.58,2.5070602e+08,7.991895,-0.3708496,462.84158,1.8963625e+06,6.939085,0.2436522,240.2408,984269.5,6.4390755,-0.004882819,17.234474,70592.5,6.7876034,Ship-water-2.bmp,1792,560
213.63928,9030.291,2.2393664e+08,7.9653068,-0.31066895,395.20288,1.6191462e+06,6.9357142,-0.074829176,373.78354,1.5310402e+06,6.902787,-0.0369873,31.795082,130238.25,7.037895,Ship-water-2.bmp,1904,560
212.22498,11306.727,2.307939e+08,7.903922,-0.3428955,447.59308,1.8338228e+06,6.9774923,0.038452223,409.06293,1.6755278e+06,6.9325857,0.0101318415,40.573322,166188.75,6.9839435,Ship-water-2.bmp,2016,560
179.50781,10208.994,1.7380166e+08,7.836747,-0.0007324219,267.22815,1.0945665e+06,6.958985,0.10839844,318.54352,1.3048025e+06,7.042023,-0.0041503836,26.158306,107144.5,7.0973835,Ship-water-2.bmp,2128,560
168.16602,10187.555,1.5756234e+08,7.7803993,0.18774414,155.83463,638443.0,7.098648,-0.798584,187.08978,768932.0,7.023318,0.020019528,14.544277,59575.0,7.322631,Ship-water-2.bmp,2240,560
217.6128,12035.426,2.4326453e+08,7.9524403,-0.2368164,189.52838,776538.0,6.8134527,-0.88305676,183.3518,754203.0,6.827096,-0.016357418,19.29441,79031.0,6.7750697,Ship-water-2.bmp,2352,560
234.63538,8723.582,2.61232e+08,8.052838,0.09753418,144.82794,593254.25,6.5883493,-0.69226074,314.7142,1.2910322e+06,6.621937,-0.019165039,22.03241,90246.25,6.4831176,Ship-water-2.bmp,2464,560
231.57251,12159.191,2.6945542e+08,7.9588485,0.2019043,161.54567,661858.0,6.9895573,0.38549802,339.7586,1.39226e+06,6.965307,0.007080078,25.42842,104155.0,7.156768,Ship-water-2.bmp,2576,560
254.7821,18179.73,3.403516e+08,7.926391,-0.03430175,239.65672,981638.75,6.7772574,0.8634034,385.56305,1.5823198e+06,6.6552215,0.0030517578,38.73821,158671.75,6.718135,Ship-water-2.bmp,2688,560
190.27563,17634.398,2.2052544e+08,7.648423,0.5449219,217.61186,892554.5,6.2146783,1.0656738,441.2722,1.8121025e+06,6.2507653,0.057128906,38.502716,157720.5,6.234325,Ship-water-2.bmp,2800,560
136.42603,14029.008,1.3369782e+08,7.2261963,0.1977539,179.31514,734635.0,5.707675,0.24291992,403.27713,1.652065e+06,5.636732,0.05126954,40.221252,164757.0,5.6740017,Ship-water-2.bmp,2912,560
114.475464,2320.1687,6.3179984e+07,8.043306,-0.04748535,140.58337,575838.75,7.4921923,0.040161114,130.26323,533564.75,7.4512396,-0.008666988,14.090441,57714.75,7.514716,Ship-water-2.bmp,0,672
125.78711,3169.4263,7.779051e+07,8.001502,-0.038085938,170.61075,698827.5,7.441122,-0.07055661,145.40408,595595.5,7.389586,0.0041503967,15.712019,64356.5,7.496417,Ship-water-2.bmp,112,672
198.7395,9091.4375,1.9901984e+08,7.9783506,-0.29541016,129.56274,531046.5,7.1749644,-0.3063965,108.725815,445725.5,7.235697,0.020507812,10.663277,43678.5,7.3045835,Ship-water-2.bmp,224,672
153.03748,7253.5127,1.2564062e+08,7.8612747,0.26257324,142.42734,583664.75,7.323628,-0.8043213,127.47826,524800.75,7.3767056,-0.0010986272,12.127867,49675.75,7.3802905,Ship-water-2.bmp,336,672
98.9292,3166.0952,5.3055824e+07,7.796975,0.13500977,109.65401,449217.5,6.840797,-0.34863284,85.26042,349724.5,6.9540663,-0.0041503916,10.689802,43785.5,7.15186,Ship-water-2.bmp,448,672
98.822754,2438.503,4.9989384e+07,7.86966,-0.07226562,53.978416,221117.0,6.61306,-0.2878418,57.731842,236809.0,6.6684647,0.011962891,6.7945347,27831.0,7.058819,Ship-water-2.bmp,560,672
108.10693,2500.3665,5.81119e+07,7.9034605,-0.06176758,52.823456,216380.5,6.7228947,0.46044922,73.53518,302068.5,6.542834,0.010498045,7.346447,30091.5,7.074285,Ship-water-2.bmp,672,672
127.47717,4627.257,8.5515e+07,7.795846,-0.29333496,114.4167,469003.25,6.7533503,0.30212405,135.93246,557153.25,6.775104,0.019897457,13.523835,55395.25,7.170561,Ship-water-2.bmp,784,672
160.94666,8931.465,1.4268536e+08,7.7617717,0.08117676,269.59308,1.1042802e+06,6.6214867,0.15222168,195.94516,802686.25,6.885006,-0.004760742,23.452675,96062.25,6.9951925,Ship-water-2.bmp,896,672
164.48523,3506.839,1.2518289e+08,8.078482,-0.34509277,185.42052,759970.25,6.910693,0.11975095,127.43152,522018.25,7.060506,0.010131836,16.092,65913.25,7.272201,Ship-water-2.bmp,1008,672
182.51038,4569.847,1.55156e+08,8.068111,-0.054565437,228.24586,934907.25,6.9430223,0.08166496,168.05856,688395.25,7.1154356,0.010375977,21.587847,88424.25,7.2780366,Ship-water-2.bmp,1120,672
169.90149,5901.2397,1.4240872e+08,7.990409,-0.20788574,327.15656,1.3402102e+06,7.1442404,0.17736816,199.86119,818760.25,7.186015,0.022094723,24.849915,101787.25,7.3464313,Ship-water-2.bmp,1232,672
173.3302,8548.301,1.5807144e+08,7.8939686,-0.25842285,279.41083,1.1447402e+06,7.0151033,-0.08508307,237.79677,974045.25,7.126484,-0.02917481,23.30927,95478.25,7.1513844,Ship-water-2.bmp,1344,672
160.46521,5666.5083,1.2867827e+08,7.972468,-0.05895996,240.41406,984750.25,7.0060406,-0.07092284,113.26017,463934.25,7.1391354,0.030395502,15.724966,64413.25,7.078354,Ship-water-2.bmp,1456,672
231.46216,5768.3247,2.4306915e+08,8.13741,-0.32885742,352.47168,1.444167e+06,7.0645165,0.010986324,110.8573,454072.0,7.1193733,0.025146471,22.630714,92698.0,7.0683846,Ship-water-2.bmp,1568,672
239.6272,11473.875,2.821942e+08,7.9923105,0.02075195,431.37372,1.7669085e+06,6.8258157,-0.144043,218.63538,895615.5,6.6816216,-0.0034179776,23.148304,94815.5,6.6394997,Ship-water-2.bmp,1680,672
230.75354,10156.702,2.5970237e+08,8.021706,-0.038208008,401.78214,1.6457058e+06,6.9048924,0.22619641,350.6824,1.4366048e+06,6.915565,-0.0045166113,20.262857,82996.75,6.861793,Ship-water-2.bmp,1792,672
208.09314,10037.186,2.1848038e+08,7.940632,0.5250244,395.04413,1.6192298e+06,6.9814205,0.13342279,335.0134,1.3722878e+06,6.9974804,-0.012329116,32.49246,133089.75,7.148465,Ship-water-2.bmp,1904,672
169.0387,7963.4297,1.4965763e+08,7.841054,-0.107543945,259.57724,1.0632758e+06,6.596656,0.598755,263.22174,1.0796248e+06,6.97392,-0.010375973,28.857742,118201.75,6.802221,Ship-water-2.bmp,2016,672
206.18176,14270.375,2.325762e+08,7.8319206,-0.8236084,178.06807,732145.25,6.788665,0.32629406,171.20901,701708.25,6.9308457,-0.0023193348,14.634577,59943.25,6.9957876,Ship-water-2.bmp,2128,672
293.9558,13530.607,4.093568e+08,8.075249,0.21826172,154.139,631548.5,6.5789595,0.25512704,180.78807,740774.5,6.6369295,0.023437493,15.868713,65000.5,6.9572296,Ship-water-2.bmp,2240,672
222.0752,11419.715,2.487792e+08,7.9662538,0.41015625,56.368637,231575.0,6.7641563,0.7446289,125.67941,517054.0,6.321944,0.026855472,12.316174,50450.0,6.7574573,Ship-water-2.bmp,2352,672
162.1864,10238.762,1.4968091e+08,7.6814775,0.18493652,70.191925,287646.25,6.43379,0.5960694,158.57713,650987.25,6.3306,-0.002075199,14.021052,57430.25,6.48218,Ship-water-2.bmp,2464,672
114.65491,4671.462,7.297929e+07,7.6026793,0.22155762,34.31291,140746.75,6.5773525,0.36145023,85.07779,349013.75,6.0171776,0.004272459,6.8666196,28125.75,6.8793,Ship-water-2.bmp,2576,672
85.012085,325.26968,3.0934322e+07,8.228562,0.044311523,16.719532,68491.25,6.962658,0.20031741,17.226534,70724.25,6.4732747,0.0030517583,4.7727566,19549.25,7.142733,Ship-water-2.bmp,2688,672
119.44238,9033.112,9.543515e+07,7.3392344,0.031005856,49.612198,203215.5,6.1019197,-0.23071292,96.81848,396786.5,5.7283964,0.0019531252,9.18713,37630.5,6.392392,Ship-water-2.bmp,2800,672
108.82031,8136.762,8.183244e+07,7.2332673,0.20483398,57.614906,236162.5,5.9890146,-0.3591309,98.44342,403752.5,5.65276,0.01855469,13.795189,56506.5,6.000522,Ship-water-2.bmp,2912,672
127.17163,1888.8816,7.397992e+07,8.126786,0.13769531,141.38608,579195.0,7.513982,-0.0808106,123.5755,506192.0,7.534502,0.006347662,13.786093,56468.0,7.5311675,Ship-water-2.bmp,0,784
127.795166,1689.6522,7.381507e+07,8.148783,0.006347647,137.7359,564166.5,7.5388474,-0.069580115,114.53435,469152.5,7.5676594,-0.010742182,13.509529,55335.5,7.5534277,Ship-water-2.bmp,112,784
156.45776,7655.2607,1.3162206e+08,7.846936,-0.2644043,129.13712,529232.0,7.3545737,0.48144528,128.8351,528658.0,7.302937,-0.0112304725,10.251339,41990.0,7.4298525,Ship-water-2.bmp,224,784
153.4281,8304.627,1.3043634e+08,7.8044605,0.27087402,119.60942,490220.75,7.263383,0.30651855,140.06102,574074.75,7.2114067,-0.002075198,11.361751,46537.75,7.4039216,Ship-water-2.bmp,336,784
157.41309,7642.882,1.3279953e+08,7.8720512,-0.26757812,145.02325,594308.5,7.3003864,0.09741208,140.32803,574822.5,7.3776827,-0.0021972614,14.393183,58954.5,7.4549212,Ship-water-2.bmp,448,784
227.80737,5807.7705,2.3635546e+08,8.146303,-0.19067383,96.30289,394605.5,6.9315653,-0.34448254,114.56724,469753.5,7.027914,0.0031738307,9.7535305,39950.5,7.1467705,Ship-water-2.bmp,560,784
209.66028,20361.164,2.6344896e+08,7.698889,0.44909668,170.14883,697755.75,6.5594034,-0.2781983,185.08319,758417.75,6.581266,-0.00012207031,14.460632,59230.75,6.8034086,Ship-water-2.bmp,672,784
88.958984,255.1542,3.345963e+07,8.254185,0.019042969,20.840582,85364.5,7.135549,0.07421877,19.112045,78305.5,7.225937,0.002929684,6.0443025,24757.5,7.2228518,Ship-water-2.bmp,784,784
102.57861,740.8615,4.613421e+07,8.182296,-0.08666992,38.18389,156432.0,7.183898,0.14770511,40.51871,166054.0,7.258843,0.032226562,8.75482,35864.0,7.427968,Ship-water-2.bmp,896,784
115.11841,1586.6572,6.0780156e+07,8.1019,0.05590821,45.60967,186830.0,6.9453087,0.2893066,52.31401,214621.0,6.904443,0.033447266,7.547954,30921.0,7.3138757,Ship-water-2.bmp,1008,784
102.21399,1813.0831,5.022017e+07,8.012703,-0.008178713,37.681877,154345.25,6.684481,0.2266846,45.086372,184884.25,6.665581,-0.01647949,7.435581,30457.25,7.2659593,Ship-water-2.bmp,1120,784
97.13245,2520.3813,4.8968064e+07,7.89473,-0.09069824,56.099014,229815.25,6.8538156,0.20617677,62.014923,254187.25,6.7404385,0.014770509,8.771815,35930.25,7.280734,Ship-water-2.bmp,1232,784
138.0564,6036.719,1.0279439e+08,7.816458,-0.2578125,108.25847,443699.0,7.0361304,0.46240234,106.910706,438782.0,6.9323997,-0.011962891,11.799906,48333.0,7.1520705,Ship-water-2.bmp,1344,784
203.4165,10802.757,2.137335e+08,7.92795,-0.09887695,185.42078,759523.5,6.919511,-0.22070307,135.156,553798.5,6.942306,-0.01635742,13.027443,53361.5,7.0372963,Ship-water-2.bmp,1456,784
206.70435,9842.533,2.1532352e+08,7.9682217,-0.030273452,507.78427,2.079888e+06,6.8581667,0.17724615,170.97395,700438.0,6.651913,0.0056152334,34.4758,141213.0,6.752212,Ship-water-2.bmp,1568,784
141.44006,3423.2275,9.596322e+07,8.002542,0.18518066,109.9145,450350.25,6.5234632,0.42834473,173.90082,713049.25,6.8206215,0.002563472,11.485161,47043.25,7.26546,Ship-water-2.bmp,1680,784
122.960205,2231.3083,7.106773e+07,8.029217,0.030517576,61.67949,252643.0,7.0417614,0.40649408,171.26907,702195.0,6.681961,-0.0075683594,10.985295,44996.0,7.2563367,Ship-water-2.bmp,1792,784
111.342285,3157.1912,6.3710396e+07,7.765934,0.10107421,91.78861,376008.0,6.243511,0.7192383,97.072784,399729.0,6.351895,0.020996094,13.028368,53366.0,6.8894453,Ship-water-2.bmp,1904,784
86.23364,256.13757,3.1507984e+07,8.245816,0.09057617,16.318213,66873.0,7.207934,0.10327147,17.960526,73610.0,7.1290655,-0.020751953,4.047909,16582.0,7.320344,Ship-water-2.bmp,2016,784
84.751465,426.65103,3.1168354e+07,8.16868,-0.17089844,24.04367,98602.5,5.760865,0.054931648,18.373814,75271.5,6.5991344,0.014892577,3.4481425,14124.5,6.9741545,Ship-water-2.bmp,2128,784
103.07507,1827.6002,5.1003684e+07,7.9283943,0.026977539,25.109928,102853.25,6.3730316,0.43029785,22.35177,92311.25,6.76865,0.014038082,4.655626,19070.25,7.26077,Ship-water-2.bmp,2240,784
89.52612,189.50385,3.3605348e+07,8.269181,0.07763672,14.785843,60587.5,7.280801,0.037109345,14.342251,58751.5,7.254456,-0.0031738281,3.793813,15539.5,7.3427696,Ship-water-2.bmp,2352,784
88.60779,429.72208,3.391923e+07,8.203891,0.01965332,13.672403,56003.75,7.1175838,0.19567873,17.160135,70444.75,7.1055155,-0.002319336,3.2592106,13349.75,7.2011757,Ship-water-2.bmp,2464,784
78.38489,212.45776,2.6036832e+07,8.242228,0.068237305,8.978925,36796.75,7.247152,0.13757323,10.21319,41910.75,7.0067034,-0.024780273,2.5173912,10313.75,7.3138027,Ship-water-2.bmp,2576,784
80.242676,1339.7471,3.1861284e+07,7.8094234,-0.18334961,51.18098,209775.0,5.2946897,-0.040039062,54.15684,221833.0,5.1763515,-0.011962894,8.141703,33349.0,5.8314795,Ship-water-2.bmp,2688,784
103.8905,6994.9404,7.2860376e+07,7.259076,0.028930668,85.23628,349131.25,5.76215,0.3841552,115.171814,472348.25,5.7238584,-0.016967773,13.554949,55522.25,5.92032,Ship-water-2.bmp,2800,784
111.646484,7996.5635,8.38103e+07,7.266818,0.046142578,91.47188,374677.5,6.141313,0.34716797,116.40109,477272.5,5.9428396,-0.0031738263,17.681751,72424.5,6.441162,Ship-water-2.bmp,2912,784
106.19385,1647.5269,5.293941e+07,8.087294,-0.023437507,120.444016,493341.0,7.504719,0.027832024,108.34053,443766.0,7.50586,-0.00048828032,12.503173,51213.0,7.5360947,Ship-water-2.bmp,0,896
107.561035,1634.7582,5.4084136e+07,8.097664,-0.061767586,120.01315,491589.5,7.530693,0.039550804,107.97317,442264.5,7.471634,-0.023193363,11.594067,47491.5,7.51875,Ship-water-2.bmp,112,896
109.18701,1556.9177,5.520884e+07,8.108374,0.01416015,113.80181,466133.0,7.5082183,0.056884784,108.532166,444561.0,7.4584208,0.0051269527,10.878391,44558.0,7.48423,Ship-water-2.bmp,224,896
119.53967,4905.2617,7.86227e+07,7.689199,-0.055053707,151.16951,619202.75,7.0762978,-0.057983372,149.02417,610416.75,7.0378723,0.013793949,16.14672,66137.75,7.0097737,Ship-water-2.bmp,336,896
157.5426,15208.097,1.6395374e+08,7.420657,-0.35803223,139.80705,573174.75,6.9668856,0.03869629,167.44717,685869.75,6.928706,0.0013427781,15.13055,61974.75,7.081893,Ship-water-2.bmp,448,896
185.39941,14505.016,2.002041e+08,7.671868,0.32958984,125.75258,515527.5,6.752765,0.55541986,172.26218,706849.5,6.790639,0.017822266,13.446339,55077.5,7.008211,Ship-water-2.bmp,560,896
118.06592,2743.4412,6.8333576e+07,7.9304943,0.2290039,62.518234,256289.5,6.793638,0.46484378,66.27696,272355.5,6.7889876,0.025878906,8.200137,33590.5,7.260173,Ship-water-2.bmp,672,896
86.16687,99.36833,3.0818704e+07,8.290961,0.042114258,13.291132,54447.75,7.4202447,0.011352558,14.289117,58528.75,7.471558,-0.010375977,3.948073,16171.75,7.450017,Ship-water-2.bmp,784,896
77.96716,90.622284,2.5270276e+07,8.287416,-0.01940918,8.980152,36784.25,7.2937346,0.044555675,10.218047,41861.25,7.3688135,0.004272462,2.6807067,10980.25,7.33696,Ship-water-2.bmp,896,896
79.64783,184.8338,2.6741188e+07,8.25943,-0.01501465,10.256428,42011.25,7.2767367,0.061645538,13.383713,54835.25,7.2142897,0.015014649,3.1270328,12809.25,7.2959814,Ship-water-2.bmp,1008,896
85.72876,156.33975,3.0743594e+07,8.275648,0.09643555,16.030006,65697.0,7.281205,0.09912113,18.374454,75302.0,7.3323965,0.015625,5.172119,21186.0,7.41387,Ship-water-2.bmp,1120,896
84.82007,213.92479,3.0344678e+07,8.258798,0.048828125,18.162533,74403.5,7.0692606,-0.005859334,18.400723,75369.5,7.2407722,-0.002197268,5.201289,21304.5,7.2665997,Ship-water-2.bmp,1232,896
86.23352,567.7206,3.278414e+07,8.163839,-0.018188475,21.854588,89517.75,6.7330313,0.097290084,24.010492,98385.75,6.8838053,0.0047607413,4.2360005,17350.75,7.2023907,Ship-water-2.bmp,1344,896
126.07922,7739.2085,9.68097e+07,7.5025835,-0.1842041,92.9057,380680.75,6.4135523,0.5797119,108.864555,447285.75,6.4836974,0.00036621,8.96283,36711.75,7.048374,Ship-water-2.bmp,1456,896
150.10266,8839.354,1.28492184e+08,7.73965,0.03479004,550.0168,2.2528738e+06,6.7299843,0.07360837,111.161995,455341.75,6.803711,0.0037841834,29.098066,119185.75,6.8465843,Ship-water-2.bmp,1568,896
90.35278,1263.901,3.8615148e+07,7.9189467,0.38110352,82.83388,339882.5,5.1228456,0.012939446,22.86055,93637.5,6.8027334,-0.011474612,6.149648,25189.5,6.54578,Ship-water-2.bmp,1680,896
81.96631,113.92856,2.7985528e+07,8.282798,0.06518555,13.409325,54942.0,6.8503213,0.082031235,11.911728,48818.004,7.2370195,-0.0012207017,3.1049786,12718.0,7.3461633,Ship-water-2.bmp,1792,896
86.717285,2513.7444,4.1097756e+07,7.5174623,0.012939453,58.350292,239003.5,5.23102,-0.27954102,51.234478,210176.5,5.5560894,-0.0058593727,6.41,26255.5,6.513848,Ship-water-2.bmp,1904,896
89.07422,1162.811,3.7261424e+07,7.9953938,-0.056152344,44.042137,180409.5,5.182362,-0.1687012,90.77854,371945.5,5.585678,-0.005126957,6.317479,25876.5,6.35515,Ship-water-2.bmp,2016,896
86.87549,549.30505,3.31639e+07,8.140839,0.014404296,32.26444,132156.0,5.475644,-0.010009757,43.1393,176699.0,5.4491687,-0.004394534,5.6879683,23298.0,6.2779903,Ship-water-2.bmp,2128,896
88.266846,153.4321,3.254054e+07,8.278097,-0.034179695,19.127127,78349.5,7.0526333,-0.02856445,16.543251,67764.5,6.9054737,-0.0043945294,4.719829,19332.5,7.204216,Ship-water-2.bmp,2240,896
87.69324,206.42757,3.234419e+07,8.265846,0.008422855,16.565054,67850.75,7.1751385,0.0006103553,15.526794,63597.75,7.298031,-0.016723635,4.0899916,16753.75,7.2938433,Ship-water-2.bmp,2352,896
82.890015,200.21063,2.8962676e+07,8.260983,0.030883789,11.682212,47854.25,7.1184554,0.082641564,12.70246,52057.25,7.229414,-0.0064697284,2.8144722,11528.25,7.221878,Ship-water-2.bmp,2464,896
79.170166,106.308685,2.610882e+07,8.283451,0.04663086,16.372826,67072.0,6.7562456,0.03662105,12.977907,53163.0,7.038343,-0.025390623,4.6141014,18902.0,6.4391394,Ship-water-2.bmp,2576,896
79.55762,140.43784,2.6500516e+07,8.272993,-0.01513672,16.340347,66931.0,7.171851,0.00585939,15.115688,61914.0,7.253476,0.01513672,4.360122,17860.0,7.2432942,Ship-water-2.bmp,2688,896
82.29834,159.93579,2.8397372e+07,8.270793,-0.055664062,13.026808,53370.5,7.21284,-0.0073242188,13.933174,57070.5,7.326103,0.0048828134,3.212256,13157.5,7.260092,Ship-water-2.bmp,2800,896
100.44263,4624.7524,6.026639e+07,7.4381666,-0.08227539,49.74067,203765.5,6.3214893,0.044677734,111.80208,457949.5,5.884016,0.018310549,9.624298,39422.5,6.5756264,Ship-water-2.bmp,2912,896
107.0105,1970.2311,5.4974372e+07,8.055603,-0.056152344,137.42496,562905.5,7.529858,-0.18627936,126.11922,516726.5,7.4805837,-0.023925785,14.823037,60717.5,7.4553266,Ship-water-2.bmp,0,1008
132.62695,8010.078,1.0485755e+08,7.5671253,-0.099121094,170.97734,700363.5,7.2255187,-0.63134766,156.59883,643061.5,7.302527,-0.012695314,15.758018,64545.5,7.3996687,Ship-water-2.bmp,112,1008
139.91016,8459.939,1.14830504e+08,7.59515,0.060058594,167.99005,688102.0,6.7848682,0.115234464,191.01674,782459.0,6.84679,-0.0043945275,16.963116,69481.0,6.9241514,Ship-water-2.bmp,224,1008
102.553345,5175.121,6.4275704e+07,7.354245,0.1763916,63.032177,258307.25,5.9466887,0.47082517,78.387764,321984.25,6.0518346,0.0001220731,10.416809,42667.25,6.295687,Ship-water-2.bmp,336,1008
84.83081,145.055,3.0070052e+07,8.276756,0.012207032,11.483128,47035.5,7.257743,0.014404301,11.998205,49145.5,7.314713,-0.028808596,3.643335,14926.5,7.3634033,Ship-water-2.bmp,448,1008
85.65283,159.66708,3.070392e+07,8.273543,0.014404298,9.352576,38309.0,7.212017,0.11718753,11.81781,48462.0,7.3373384,0.0056152344,2.7809744,11391.0,7.330033,Ship-water-2.bmp,560,1008
82.02783,121.60921,2.8058314e+07,8.281044,0.0107421875,8.103521,33192.5,7.3563943,0.12060546,9.754864,40015.5,7.4150567,0.023437496,2.6506958,10859.5,7.3024244,Ship-water-2.bmp,672,1008
74.1488,68.95142,2.2802418e+07,8.292423,0.012817383,8.250263,33793.75,7.2983932,0.070678726,8.894358,36451.75,7.318221,-0.0072021475,2.9144378,11937.75,7.3262854,Ship-water-2.bmp,784,1008
72.14368,63.570965,2.157888e+07,8.292988,0.0028076172,5.9443893,24348.25,7.260337,-0.0013427716,6.739805,27606.25,7.2875504,-0.01574707,2.0357018,8339.25,7.3982716,Ship-water-2.bmp,896,1008
69.917114,48.467674,2.0221422e+07,8.297619,0.0018310556,5.484066,22462.75,7.252698,0.05627442,6.23896,25567.75,7.3055773,-0.018188477,1.6932116,6936.75,7.398068,Ship-water-2.bmp,1008,1008
70.57861,50.621624,2.0610918e+07,8.296938,-0.0051269527,6.5789533,26947.5,7.1726665,0.0065918043,6.7278624,27557.5,7.276738,-0.0034179683,2.3275027,9533.5,7.3653584,Ship-water-2.bmp,1120,1008
72.24829,66.058105,2.165094e+07,8.291677,-0.026123047,7.0487556,28874.5,7.2507195,-0.013671877,8.268734,33869.5,7.209182,0.015136718,2.4019923,9839.5,7.404296,Ship-water-2.bmp,1232,1008
74.210205,89.91273,2.2925588e+07,8.284435,-0.0065917964,6.3001275,25805.5,7.2387652,0.025146466,7.7697535,31827.5,7.3176417,-0.010009766,1.9157932,7847.5,7.352937,Ship-water-2.bmp,1344,1008
79.92859,141.1345,2.6745708e+07,8.271388,-0.0013427744,11.79144,48297.75,6.7919617,0.048706066,11.353523,46513.75,6.821886,0.008911131,2.8987856,11873.75,6.9400845,Ship-water-2.bmp,1456,1008
122.611694,6140.2207,8.672808e+07,7.707287,-0.44299316,305.15366,1.2507132e+06,6.3770843,0.14123538,55.24086,226348.25,6.352171,0.006958004,14.180676,58084.25,6.510805,Ship-water-2.bmp,1568,1008
108.82178,5564.7627,7.129883e+07,7.5158844,0.4958496,330.99307,1.3567545e+06,6.1604,-0.16186523,56.925827,233275.5,6.43503,0.0043945294,17.50645,71706.5,6.370907,Ship-water-2.bmp,1680,1008
78.93689,182.46509,2.6269686e+07,8.257969,0.0040283203,11.88603,48685.25,7.0984464,0.026000984,11.19421,45854.25,7.172289,0.0072021494,2.8532805,11687.25,7.2168684,Ship-water-2.bmp,1792,1008
89.64429,3012.5034,4.525507e+07,7.4839964,0.06201172,59.307434,242939.0,5.1480227,0.12646483,51.00207,208970.0,5.7212734,-0.012939453,6.900956,28267.0,6.082372,Ship-water-2.bmp,1904,1008
85.21594,662.5976,3.2458156e+07,8.124194,0.036254883,14.767668,60493.75,6.4033737,0.2220459,23.997509,98495.75,6.529705,-0.00061035226,2.8436885,11647.75,7.0530066,Ship-water-2.bmp,2016,1008
82.01575,209.01617,2.8408212e+07,8.254145,-0.014282226,14.78721,60569.25,6.8796396,0.055053715,16.198692,66362.25,6.81302,0.005493163,4.2524724,17418.25,6.770526,Ship-water-2.bmp,2128,1008
85.672,272.5724,3.117983e+07,8.241636,-0.02697754,16.253973,66579.25,7.1272583,0.02087401,19.899773,81511.25,6.6665845,0.034301758,4.2701244,17495.25,7.205868,Ship-water-2.bmp,2240,1008
131.37805,16029.684,1.3635533e+08,7.1048503,-0.25305176,85.145134,349016.75,5.694326,-0.100219734,299.36197,1.2262278e+06,5.6894794,0.029907223,15.003194,61456.75,6.196281,Ship-water-2.bmp,2352,1008
137.97266,16809.006,1.46823e+08,7.150057,0.29052734,69.08149,283303.5,5.691148,0.024658203,324.54636,1.3293445e+06,5.7145433,-0.004638672,13.247414,54261.5,6.1191645,Ship-water-2.bmp,2464,1008
77.25037,90.17114,2.4812708e+07,8.287346,0.024291992,9.489583,38871.75,7.2391825,-0.03601076,8.799424,36047.75,7.2068872,-0.032592773,2.7891598,11428.75,7.3294077,Ship-water-2.bmp,2576,1008
77.479004,164.8078,2.5263324e+07,8.262934,0.02368164,8.947315,36650.5,7.195487,0.07885742,8.959969,36725.5,7.1840973,0.0029296891,2.3616855,9673.5,7.33604,Ship-water-2.bmp,2688,1008
74.034546,165.9697,2.3130456e+07,8.255931,0.01574707,9.877377,40458.75,6.541364,0.07141116,9.131069,37421.75,7.0375752,-0.0025634742,2.3407526,9587.75,6.9738874,Ship-water-2.bmp,2800,1008
68.83154,140.35016,1.9980826e+07,8.256586,0.049804688,7.829428,32079.5,7.084139,0.010009793,7.9035864,32373.5,7.0636272,0.009033205,2.5288491,10358.5,7.099043,Ship-water-2.bmp,2912,1008
146.2085,13391.212,1.4241029e+08,7.361309,0.07739258,148.82898,609628.0,6.6005306,0.20410153,195.85678,802400.0,6.533588,-0.029541021,18.704449,76617.0,6.904748,Ship-water-2.bmp,0,1120
119.51355,9344.112,9.677866e+07,7.2399254,0.13464355,77.68738,318281.75,6.058262,0.47985837,104.50942,429013.75,6.0473514,-0.005981443,10.535548,43153.75,6.553659,Ship-water-2.bmp,112,1120
78.8739,334.00446,2.6849676e+07,8.184503,0.07531738,11.512455,47178.25,6.8352594,0.08703613,14.447564,59208.25,6.761766,-0.0035400372,2.9404783,12044.25,7.14674,Ship-water-2.bmp,224,1120
76.04614,52.93586,2.3904058e+07,8.299269,-0.0061035147,8.4767685,34721.0,7.225339,0.015625017,8.090088,33138.0,7.396945,0.0,2.58667,10595.0,7.398775,Ship-water-2.bmp,336,1120
75.06714,57.7649,2.3317872e+07,8.2971325,0.014160156,6.319257,25884.5,7.3219886,0.034423847,6.948889,28467.5,7.4090824,-0.010253906,2.1645675,8866.5,7.4568415,Ship-water-2.bmp,448,1120
72.865845,53.615364,2.196704e+07,8.297182,0.036987305,4.1354117,16944.25,7.377002,0.026245138,5.999861,24578.25,7.2905474,0.0020751962,1.4021561,5743.25,7.4300437,Ship-water-2.bmp,560,1120
73.15625,61.14209,2.2171564e+07,8.294485,0.006591797,5.9762745,24479.0,7.265518,0.014404286,7.0947638,29061.0,7.2889004,0.010253906,2.0946212,8580.0,7.222007,Ship-water-2.bmp,672,1120
69.14551,47.401794,1.9777548e+07,8.297384,-0.016357422,5.5376964,22683.5,7.2786264,-0.016357407,5.4332037,22255.5,7.286501,0.0014648442,2.0587134,8432.5,7.3586836,Ship-water-2.bmp,784,1120
71.10095,55.170284,2.0932672e+07,8.295742,-0.036743164,4.36126,17869.25,7.386599,-0.001586929,5.556699,22760.25,7.3663855,0.0111083975,1.6124864,6605.25,7.4430304,Ship-water-2.bmp,896,1120
74.29614,135.83868,2.3165974e+07,8.266637,-0.05493164,6.260533,25655.5,7.132661,-0.0095214825,8.58133,35149.5,7.159293,0.00073242025,2.0679922,8470.5,7.329139,Ship-water-2.bmp,1008,1120
86.61401,1846.5896,3.8291776e+07,7.7631993,-0.096191406,48.512108,198743.5,5.730464,-0.02343752,102.11848,418279.5,5.3458614,0.04077148,9.139329,37441.5,6.140517,Ship-water-2.bmp,1120,1120
97.42212,2905.8237,5.077767e+07,7.7329845,0.06591797,52.37432,214543.0,5.8712873,-0.053466856,140.83624,576877.0,6.0206137,0.0234375,9.830505,40268.0,6.3127775,Ship-water-2.bmp,1232,1120
80.421875,871.5107,3.0061316e+07,7.990875,0.08862305,24.636065,100941.5,5.5041075,-0.02197269,35.070442,143650.5,5.5397468,0.006591799,4.1702447,17081.5,6.3051853,Ship-water-2.bmp,1344,1120
80.41528,211.41505,2.7353224e+07,8.249571,-0.010742189,13.066414,53520.5,7.0319242,-0.015136693,11.699844,47923.5,7.0802484,-0.009033199,3.2034097,13121.5,7.2125196,Ship-water-2.bmp,1456,1120
98.695435,3381.7341,5.3749856e+07,7.721512,-0.46740723,142.05734,582761.75,5.689505,0.098754875,31.910843,130746.76,6.201036,-0.020629885,7.7663593,31812.75,6.2163954,Ship-water-2.bmp,1568,1120
136.90173,7461.196,1.0732864e+08,7.692272,0.2598877,416.07584,1.7045232e+06,6.5500813,-0.03430175,96.38536,394799.25,6.5194807,-0.005737299,21.742458,89057.25,6.61384,Ship-water-2.bmp,1680,1120
79.368774,117.57061,2.6283922e+07,8.279972,0.013305664,15.412239,63129.25,7.14437,-0.042358413,14.629616,59930.25,7.235257,0.015258787,4.2483635,17402.25,7.2302203,Ship-water-2.bmp,1792,1120
80.23511,120.36294,2.6861712e+07,8.280125,-0.0048828125,14.442604,59157.0,6.9107165,-0.08032225,13.201557,54100.0,6.9679112,0.0034179697,3.8115118,15612.0,6.9097023,Ship-water-2.bmp,1904,1120
78.04382,96.176605,2.5342014e+07,8.285698,0.038208008,8.204168,33610.25,7.2248545,-0.0062255915,9.644554,39504.25,7.284689,-0.0045166016,2.0759683,8503.25,7.315818,Ship-water-2.bmp,2016,1120
77.607544,83.25925,2.5010956e+07,8.289365,-0.043823242,8.724582,35743.75,7.212255,0.028686509,8.887056,36404.75,7.164634,0.009643555,2.334807,9563.75,7.2694597,Ship-water-2.bmp,2128,1120
85.141235,194.6172,3.048918e+07,8.263161,-0.016967775,12.606829,51638.75,7.165276,0.13366696,12.978167,53231.754,7.17394,0.024291992,3.2566729,13341.75,7.368367,Ship-water-2.bmp,2240,1120
82.84155,239.27739,2.9089792e+07,8.24904,0.036621094,6.2276635,25514.0,7.35396,0.07983397,8.770483,35950.0,7.269845,-0.011230469,1.8648639,7639.0,7.394253,Ship-water-2.bmp,2352,1120
74.31201,174.79169,2.3335186e+07,8.254193,0.0300293,4.5885754,18798.5,7.223905,0.10961914,5.559639,22821.5,7.1989927,0.0009765625,1.4171131,5804.5,7.3869123,Ship-water-2.bmp,2464,1120
72.09216,1255.4486,2.6430376e+07,7.709061,-0.111694336,14.672521,60149.75,5.1654053,-0.25476074,27.68479,113662.75,4.7587557,0.009155272,4.626808,18951.75,5.2086315,Ship-water-2.bmp,2576,1120
110.667114,6204.7905,7.557939e+07,7.5488234,-0.15222168,42.624718,174685.75,6.3278756,-0.5159913,80.55986,331063.75,5.9853954,0.0064697256,7.4686465,30591.75,6.4935565,Ship-water-2.bmp,2688,1120
118.04968,5332.726,7.892358e+07,7.709738,0.14587402,126.386375,517765.75,6.6771126,-0.25793454,132.9339,544769.75,6.668565,0.000854495,18.545105,75960.75,6.7832313,Ship-water-2.bmp,2800,1120
79.1322,770.3481,2.8804112e+07,8.059638,0.033325195,32.909103,134800.25,6.421577,-0.046997033,26.840382,109947.25,6.660041,0.011352538,6.110039,25027.25,6.932129,Ship-water-2.bmp,2912,1120
77.4812,71.90639,2.4884196e+07,8.293482,-0.011230471,11.399286,46692.0,7.355889,-0.04296872,11.388291,46654.0,7.341399,-0.012451175,3.362882,13775.0,7.420493,Ship-water-2.bmp,0,1232
79.39612,95.939224,2.62131e+07,8.286921,0.019897465,9.842561,40316.75,7.2478466,0.004760761,11.817787,48405.75,7.363029,-0.010620115,2.7361546,11207.75,7.366517,Ship-water-2.bmp,112,1232
79.13281,129.46819,2.6179462e+07,8.275722,-0.061035156,10.957944,44899.0,7.123528,0.010253929,11.732317,48056.0,7.2333736,0.0024414074,2.7399845,11223.0,7.3103976,Ship-water-2.bmp,224,1232
77.89563,130.64908,2.5388556e+07,8.27409,0.0072021494,9.927499,40663.25,7.220247,0.014038091,9.046251,37054.25,7.2571826,-0.009643553,3.272917,13406.25,7.29689,Ship-water-2.bmp,336,1232
70.61792,49.58107,2.0629388e+07,8.29731,0.011230469,4.8951373,20051.0,7.2033563,-0.005859378,5.2882957,21661.0,7.242359,0.009033203,1.7176919,7036.0,7.4168196,Ship-water-2.bmp,448,1232
69.565796,56.59448,2.0053992e+07,8.292955,-0.0018310538,4.035214,16528.25,6.8863883,-0.008422865,5.0060935,20505.25,7.0547647,0.0030517569,1.2793486,5240.25,7.281863,Ship-water-2.bmp,560,1232
70.45935,46.408073,2.0524762e+07,8.298727,-0.07067871,4.71467,19331.75,7.307885,-0.023559578,4.789179,19618.75,7.3223057,0.013305663,1.7758849,7274.75,7.4276795,Ship-water-2.bmp,672,1232
70.559204,62.931976,2.065012e+07,8.291542,-0.018676758,6.8112354,27900.25,7.0011597,0.034057625,5.9674067,24447.25,7.1488247,0.008422852,2.1984763,9005.25,7.237422,Ship-water-2.bmp,784,1232
72.34363,113.90603,2.1903388e+07,8.2721405,-0.0059814462,8.23794,33742.75,6.908878,-0.018432625,10.876796,44552.75,6.8710833,0.012329102,2.5200508,10322.75,7.0541563,Ship-water-2.bmp,896,1232
75.802124,163.99474,2.4207182e+07,8.259568,-0.02429199,14.913655,61088.75,6.930425,0.01037598,16.045242,65721.75,6.9916773,0.0062255855,4.484275,18367.75,7.019479,Ship-water-2.bmp,1008,1232
77.33667,172.10577,2.520296e+07,8.25846,-0.014648436,20.197416,82729.5,6.7155075,0.06884764,19.678,80620.5,6.2919884,0.026611328,6.0067387,24606.5,6.7116156,Ship-water-2.bmp,1120,1232
76.38318,108.25827,2.4341088e+07,8.280032,-0.061157227,11.699933,47938.25,6.985523,-0.043823242,12.837253,52589.25,7.2618504,-0.000854491,3.3662708,13788.25,7.2656507,Ship-water-2.bmp,1232,1232
82.7439,136.9603,2.8604468e+07,8.2773,-0.0390625,12.200134,49978.0,7.2197657,-0.048339833,15.373884,62981.0,7.254785,0.0026855492,3.4074636,13957.0,7.3546014,Ship-water-2.bmp,1344,1232
82.03381,116.04494,2.8039544e+07,8.282507,0.0072021503,13.7306,56240.75,7.098957,0.024536163,11.5381565,47262.75,7.2251186,-0.005004883,3.587072,14692.75,7.200032,Ship-water-2.bmp,1456,1232
82.93555,328.02042,2.9517108e+07,8.224433,-0.044433594,20.17881,82660.5,5.645303,-0.01025388,11.0283375,45172.5,7.2021556,-0.0004882836,2.465942,10100.5,7.256173,Ship-water-2.bmp,1568,1232
138.0459,7757.62,1.0983133e+08,7.7299504,0.01879883,428.45398,1.754949e+06,6.6019764,0.013183585,67.36286,275919.0,6.634438,0.0017089909,19.265377,78911.0,6.5860286,Ship-water-2.bmp,1680,1232
77.81116,110.01151,2.5250152e+07,8.281434,0.017456055,9.239747,37847.25,7.239473,0.043334965,8.5072155,34853.25,7.2616386,-0.008666992,2.7126324,11111.25,7.2701817,Ship-water-2.bmp,1792,1232
73.79944,84.669556,2.2655084e+07,8.285924,0.04309082,5.808263,23798.25,7.0261974,0.037719715,5.791119,23726.25,7.1576886,0.0015869131,1.6829197,6893.25,7.1674156,Ship-water-2.bmp,1904,1232
71.28723,72.63277,2.111284e+07,8.288429,0.0064697275,3.7130318,15208.75,7.15951,0.053588882,4.3581514,17862.75,7.078061,-0.00061035017,1.1325068,4638.75,7.305165,Ship-water-2.bmp,2016,1232
69.36572,61.1962,1.9958988e+07,8.291565,0.04101563,4.4190936,18107.5,7.12758,0.057128906,4.228792,17334.5,7.0029936,0.002441407,1.4781435,6054.5,7.27424,Ship-water-2.bmp,2128,1232
66.94568,55.616493,1.8584948e+07,8.291931,0.01940918,3.870534,15855.25,7.209197,0.02062989,3.7662373,15428.25,7.1029377,0.0040283184,1.328414,5441.25,7.2867627,Ship-water-2.bmp,2240,1232
81.17981,2378.9907,3.673765e+07,7.5697117,-0.09460449,13.1086645,53729.75,5.938366,-0.3067627,52.68977,216202.75,5.101998,-0.00061034923,3.030212,12411.75,6.2552147,Ship-water-2.bmp,2352,1232
104.38721,2881.5605,5.643571e+07,7.8632803,-0.087890625,30.481535,124884.0,5.940443,-0.29077154,65.82414,269962.0,6.0433464,0.008056642,5.788509,23710.0,6.546295,Ship-water-2.bmp,2464,1232
167.51599,8026.0073,1.4781488e+08,7.8754325,-0.3218994,120.67427,494706.25,6.310174,-0.53869635,167.16495,685896.25,6.5762744,0.010620119,19.53657,80022.25,6.3508863,Ship-water-2.bmp,2576,1232
212.21118,4597.463,2.0328877e+08,8.145559,0.037353516,120.044014,491706.0,6.527733,0.111328155,136.69733,559963.0,6.3374977,0.018554691,15.107809,61883.0,6.66525,Ship-water-2.bmp,2688,1232
137.49182,7171.2656,1.0680429e+08,7.764329,0.5255127,96.35427,395798.25,6.4479446,0.053344786,124.80288,511204.25,6.047126,0.015258786,14.19978,58163.25,6.3627367,Ship-water-2.bmp,2800,1232
66.42737,1176.5431,2.289311e+07,7.8130684,-0.0040283184,57.539963,235683.75,5.6164064,0.028198268,33.33581,136546.75,5.5830956,0.0059814425,5.909571,24205.75,6.3995314,Ship-water-2.bmp,2912,1232
73.94824,141.1808,2.2976608e+07,8.265516,-0.010986327,10.885744,44588.5,7.238149,0.030273408,10.52777,43125.5,7.267063,-0.002685546,3.3243337,13616.5,7.3127637,Ship-water-2.bmp,0,1344
70.426025,85.7621,2.0666724e+07,8.281753,-0.012207031,6.280613,25726.0,7.096782,0.019775365,7.648291,31329.002,7.1734095,0.0073242188,1.9618602,8036.0,7.304488,Ship-water-2.bmp,112,1344
72.31653,52.755222,2.1636856e+07,8.297402,0.0018310546,5.0924644,20858.75,7.2814035,-0.014282225,5.8830357,24097.75,7.3737288,0.0040283194,1.7047566,6982.75,7.388711,Ship-water-2.bmp,224,1344
72.031494,38.242046,2.1408884e+07,8.302746,-0.0034179688,5.1644173,21153.5,7.180064,-0.031005852,4.632217,18977.5,7.3082056,-0.009765627,1.861599,7625.5,7.424079,Ship-water-2.bmp,336,1344
69.906494,30.509075,2.014178e+07,8.305164,0.036376953,3.6524851,14966.0,7.248802,0.04760742,4.1505656,17010.0,7.3017187,-0.0061035166,1.5236444,6241.0,7.3786197,Ship-water-2.bmp,448,1344
66.398315,23.275242,1.815352e+07,8.306969,0.0006103517,2.4319448,9961.25,7.236721,-0.028442405,3.419662,14010.25,7.329094,-0.0013427727,0.9990826,4092.25,7.451457,Ship-water-2.bmp,560,1344
68.5249,44.717514,1.9416596e+07,8.297978,0.004882812,4.4895997,18389.5,6.9338503,-0.02783202,5.1338687,21031.5,7.144728,0.011230469,1.7770953,7279.5,7.322328,Ship-water-2.bmp,672,1344
67.82532,41.47626,1.9012608e+07,8.299435,-0.004272461,5.0301933,20603.75,7.10237,-0.05212403,5.2857957,21661.75,7.2216487,0.0040283217,2.082442,8529.75,7.3887815,Ship-water-2.bmp,784,1344
70.77698,54.23059,2.0740552e+07,8.29577,-0.0059814434,5.9128666,24219.25,6.882606,-0.0369873,7.2655387,29765.25,7.178573,0.017456055,1.8276372,7487.25,7.288469,Ship-water-2.bmp,896,1344
70.72131,50.178856,2.0691694e+07,8.297369,-0.028198242,5.9661837,24440.75,7.034224,-0.0042724423,7.0304384,28796.75,6.9762754,0.018676756,2.0552542,8419.75,7.0960217,Ship-water-2.bmp,1008,1344
70.61841,70.02406,2.0713404e+07,8.289112,-0.03955078,6.789207,27815.0,7.229166,0.03198245,6.7480006,27644.0,7.245724,-0.0019531269,2.4853477,10180.0,7.359271,Ship-water-2.bmp,1120,1344
78.6499,1052.0043,2.9646076e+07,7.8447795,-0.02734375,22.778427,93303.5,5.6967616,-0.2519531,34.44006,141326.5,5.4230695,0.0019531264,5.0250206,20582.5,6.1567054,Ship-water-2.bmp,1232,1344
78.44812,920.1688,2.8976236e+07,7.883055,0.09289551,14.065161,57646.25,5.6039457,-0.29821774,30.028072,123359.25,4.6540604,-0.021118164,3.6981015,15149.25,5.9544773,Ship-water-2.bmp,1344,1344
82.1709,153.97313,2.8287098e+07,8.271815,0.03491211,12.956181,53073.5,7.0852547,0.051025383,11.844443,48525.5,7.2283278,-0.003906252,3.3387299,13675.5,7.171981,Ship-water-2.bmp,1456,1344
79.40967,176.3339,2.655121e+07,8.259696,0.040527344,7.3152523,29970.0,7.102687,0.019287111,8.899042,36452.0,7.102718,-0.0061035156,1.7375118,7117.0,7.2963305,Ship-water-2.bmp,1568,1344
138.19165,7605.1787,1.0937185e+08,7.7674856,-0.053955086,333.0144,1.364039e+06,6.4984517,0.08789065,38.47274,157616.0,6.53537,0.008300776,13.111015,53703.0,6.4971695,Ship-water-2.bmp,1680,1344
78.46216,1438.9772,3.1110296e+07,7.776798,0.3413086,89.82907,368417.0,5.040062,-0.07861331,10.005051,41006.0,6.370272,-0.0061035184,4.237267,17356.0,6.264396,Ship-water-2.bmp,1792,1344
68.216675,26.954575,1.9171204e+07,8.305855,-0.014526367,2.5352504,10385.25,7.3056583,0.0025634847,2.8845763,11815.25,7.2648625,-0.005981445,0.94631433,3876.25,7.402668,Ship-water-2.bmp,1904,1344
69.76465,1162.5083,2.46973e+07,7.6047688,-0.15039062,6.2632713,25747.0,5.528188,-0.3063965,23.70617,97485.0,3.9481244,0.00463867,1.4528592,5951.0,6.454106,Ship-water-2.bmp,2016,1344
118.25134,12668.367,1.0916556e+08,7.158409,-0.15686035,82.87951,339575.25,5.919176,-1.1751709,117.32363,486214.25,5.632618,-0.010131834,11.64742,47708.25,6.3113275,Ship-water-2.bmp,2128,1344
133.52698,6347.376,9.90283e+07,7.8191977,-0.12512207,78.9711,323529.75,6.3534307,-0.541626,119.52934,490793.75,6.293666,-0.016967777,11.823871,48431.75,6.5977373,Ship-water-2.bmp,2240,1344
203.73096,4502.3433,1.8845142e+08,8.135279,-0.047851566,67.661285,277150.0,6.4173255,-0.48681638,166.9112,684639.0,6.379083,-0.010253908,11.964495,49007.0,6.604102,Ship-water-2.bmp,2352,1344
153.1294,2298.7002,1.0546099e+08,8.133556,0.35742188,53.260067,218676.5,6.8474817,0.03393551,87.03902,356516.5,6.611682,-0.006591794,9.270587,37972.5,6.9047413,Ship-water-2.bmp,2464,1344
133.43921,4023.8235,8.941505e+07,7.869074,-0.042236328,73.52031,301146.5,6.195185,0.36816403,89.4659,367007.5,6.381709,0.0053710956,11.236422,46024.5,6.589965,Ship-water-2.bmp,2576,1344
171.68372,7221.6094,1.5031053e+08,7.8981094,-0.1583252,178.34377,730598.75,6.2004313,0.05651857,124.0297,508038.75,6.094615,-0.021850578,14.198681,58159.75,6.417102,Ship-water-2.bmp,2688,1344
113.9812,5674.1567,7.645541e+07,7.6014733,0.6040039,142.06596,583396.5,6.0691442,0.014160112,96.62297,395768.5,6.1376023,-0.012451167,13.356413,54708.5,6.4727364,Ship-water-2.bmp,2800,1344
58.744507,903.0429,1.783382e+07,7.815606,0.12658691,52.600735,215518.25,5.0355654,-0.04260256,30.013628,122943.26,5.494528,-0.026733402,4.706622,19281.25,6.020261,Ship-water-2.bmp,2912,1344
78.832275,1944.2457,3.3418338e+07,7.639209,0.08959961,27.564606,112937.5,5.8733315,-0.060791,44.596764,182683.5,5.6887956,-0.015380859,5.1385574,21048.5,6.5717278,Ship-water-2.bmp,0,1456
68.359985,47.17369,1.933419e+07,8.29707,0.010375973,4.750685,19459.25,7.110572,-0.018188475,5.56516,22796.25,7.0233984,0.017456053,1.4755865,6045.25,7.296336,Ship-water-2.bmp,112,1456
68.25061,39.11816,1.9239992e+07,8.3005085,-0.017700195,4.3732824,17914.25,6.9162526,-0.02502443,4.485763,18376.25,7.1222715,-0.0028076177,1.5374064,6297.25,7.1606083,Ship-water-2.bmp,224,1456
69.67346,45.530884,2.0070082e+07,8.298342,0.00939941,4.836154,19809.25,7.113752,0.03869629,4.8088665,19703.25,6.9384046,-0.006713867,1.8230143,7467.25,7.3183446,Ship-water-2.bmp,336,1456
68.7793,35.21862,1.9520758e+07,8.302226,-0.005371095,4.3124714,17664.0,6.988929,0.019287111,5.2938175,21685.0,6.9176645,-0.010986328,1.5540785,6366.0,7.168931,Ship-water-2.bmp,448,1456
71.622314,40.97649,2.117932e+07,8.301443,-0.018066406,4.4086094,18059.0,7.287987,-0.03955075,6.205223,25423.0,7.1440735,0.013916016,1.4553727,5962.0,7.351903,Ship-water-2.bmp,560,1456
72.720825,44.114506,2.1841646e+07,8.300867,0.018432617,5.621303,23026.25,7.2335887,-0.0059814285,6.832789,27987.25,7.2892494,0.012329102,2.154206,8824.25,7.38883,Ship-water-2.bmp,672,1456
70.43884,58.421608,2.0562134e+07,8.293712,0.036010742,5.5452733,22718.75,7.2674117,0.0037841778,6.3715067,26097.75,7.2185955,-0.0010986308,2.2619004,9264.75,7.324713,Ship-water-2.bmp,784,1456
68.71814,54.676838,1.9566016e+07,8.2938175,0.0030517583,3.452322,14140.75,7.2444463,0.039184548,5.093619,20869.752,7.2495346,0.0047607427,1.4256977,5839.75,7.379429,Ship-water-2.bmp,896,1456
64.99487,22.245697,1.7393988e+07,8.306987,0.0009765625,2.2828355,9350.5,7.143623,0.028320312,2.9182653,11956.5,7.2843204,0.00024413993,0.96594226,3956.5,7.4478636,Ship-water-2.bmp,1008,1456
63.369995,23.625008,1.6545306e+07,8.3055935,0.011352539,3.0059137,12312.75,7.274497,0.0062255673,3.116111,12763.75,7.2244415,0.0025634756,1.2887506,5278.75,7.4246883,Ship-water-2.bmp,1120,1456
91.36621,7377.228,6.4409656e+07,6.9823885,-0.41333008,106.294495,436082.0,5.242085,-0.23486328,163.51712,669992.0,5.39745,-0.014892569,17.486351,71625.0,5.551436,Ship-water-2.bmp,1232,1456
120.31897,12792.3,1.1169363e+08,7.1229134,0.21252441,193.49701,792748.75,5.629016,-0.3218994,357.99493,1.4667718e+06,5.7131953,-0.008911131,39.58946,162158.75,5.679076,Ship-water-2.bmp,1344,1456
75.528564,1218.5071,2.83569e+07,7.7994733,0.071777344,54.0178,221278.0,4.825735,0.115722656,57.86527,237071.0,5.502373,0.00024414435,8.988281,36816.0,4.994926,Ship-water-2.bmp,1456,1456
69.71362,140.41946,2.0481672e+07,8.256288,0.022216797,3.9772897,16293.0,6.6043167,0.05322265,5.3377438,21875.0,6.2826457,-0.00341797,1.004871,4116.0,7.089163,Ship-water-2.bmp,1568,1456
114.67688,7282.1104,8.3693144e+07,7.550089,-0.59313965,240.4638,986380.75,6.1798,0.18420415,40.756042,167075.75,5.740884,-0.018432617,10.829433,44358.75,6.0207686,Ship-water-2.bmp,1680,1456
132.15332,7380.3164,1.0176437e+08,7.671391,0.39038086,247.82697,1.0157235e+06,6.3236623,-0.3491211,69.86627,286671.5,6.406494,-0.01879883,12.388685,50745.5,6.6370397,Ship-water-2.bmp,1792,1456
96.17786,4008.3696,5.4307024e+07,7.582397,-0.10021973,40.546906,166121.25,6.1472144,-0.41052243,61.332756,251909.25,5.850689,-0.006958004,4.4441047,18203.25,6.660534,Ship-water-2.bmp,1904,1456
180.72986,14886.764,1.94765e+08,7.6548285,-0.6080322,74.89061,308266.25,6.4074287,-0.35534677,151.37794,620561.25,6.267992,0.009887691,8.676965,35541.25,6.709105,Ship-water-2.bmp,2016,1456
260.9098,12643.928,3.306203e+08,8.023296,-0.055786133,211.11646,864745.75,6.9959803,0.26159662,215.97498,884913.75,6.9193087,-0.044799816,31.623667,129538.75,6.9219146,Ship-water-2.bmp,2128,1456
246.43347,6395.119,2.7494227e+08,8.141412,-0.14245605,176.71536,723909.25,6.7472844,-0.5203858,243.64526,999080.25,6.599882,-0.04748535,25.036871,102560.25,6.570074,Ship-water-2.bmp,2240,1456
237.08557,8991.098,2.6706194e+08,8.074165,0.22766113,105.20274,431122.75,6.573498,0.02307136,121.28163,496771.75,6.609743,0.01037598,10.576003,43319.75,6.7789836,Ship-water-2.bmp,2352,1456
193.49902,9654.634,1.929073e+08,7.9132395,-0.034667976,170.82474,699703.0,6.1822243,-0.41552728,169.32098,694246.0,6.49918,-0.0073242146,19.003855,77840.0,6.470986,Ship-water-2.bmp,2464,1456
164.36047,8953.807,1.4732563e+08,7.8079762,0.053100586,116.26909,476249.75,6.4898014,0.25671387,173.87398,712457.75,6.396531,0.02697754,16.607609,68027.75,6.4031544,Ship-water-2.bmp,2576,1456
210.60461,11531.3125,2.2890749e+08,7.914317,-0.07800293,249.95723,1.02384975e+06,6.6788197,0.48889154,238.61273,978336.75,6.5765066,-0.0042724535,28.564617,117000.75,6.492214,Ship-water-2.bmp,2688,1456
121.40698,4112.6543,7.721906e+07,7.8266954,0.50097656,84.81421,348427.0,6.378063,0.1901854,85.6816,351100.0,6.455433,-0.0102539,10.41176,42647.0,6.740698,Ship-water-2.bmp,2800,1456
77.706665,834.26843,2.8150144e+07,8.058427,0.0052490234,22.725863,93085.25,6.678507,-0.12658696,21.580473,88459.25,6.730817,-0.0067138667,3.0381021,12444.25,7.054405,Ship-water-2.bmp,2912,1456
67.15076,45.64139,1.8656728e+07,8.296717,-0.008911133,4.185284,17143.25,7.082096,0.032348707,4.8308015,19791.25,6.895234,0.0103759775,1.3219748,5415.25,7.3457055,Ship-water-2.bmp,0,1568
67.995605,46.868626,1.912943e+07,8.29648,-0.01928711,3.4324894,14061.0,6.9108067,0.034179706,4.614066,18904.0,6.8478036,0.010009766,1.1031712,4519.0,7.3056827,Ship-water-2.bmp,112,1568
68.84607,48.822548,1.961412e+07,8.296616,-0.00793457,4.7536597,19471.25,6.990558,-0.0003662184,5.2576294,21535.25,7.0544243,-0.004760742,1.6877826,6913.25,7.258542,Ship-water-2.bmp,224,1568
74.51367,177.87541,2.3470746e+07,8.251235,-0.07788086,8.466957,34705.5,6.915613,-0.061523475,7.199706,29505.5,7.1355095,0.0031738284,2.3824363,9758.5,7.3286667,Ship-water-2.bmp,336,1568
84.56421,272.40555,3.0406702e+07,8.243234,0.012451172,8.318692,34074.0,7.353358,-0.04638671,8.898483,36457.0,7.3546963,0.0004882794,2.4096675,9870.0,7.3759813,Ship-water-2.bmp,448,1568
74.43335,70.11775,2.2980368e+07,8.291788,0.052490234,5.445121,22314.5,7.3478703,-0.015869115,6.492302,26593.5,7.416979,-0.009521484,1.7080393,6996.5,7.4402337,Ship-water-2.bmp,560,1568
70.10034,30.618835,2.0253396e+07,8.305147,-0.0073242188,4.358833,17854.0,7.4146833,0.0004882971,5.1613765,21141.0,7.4321785,-0.012939453,1.7735143,7265.0,7.4474134,Ship-water-2.bmp,672,1568
65.49072,23.133457,1.766264e+07,8.306747,0.0048828125,2.7468019,11251.0,7.349875,0.021728517,3.317399,13589.999,7.3960037,0.009033203,1.2601724,5162.0,7.4562464,Ship-water-2.bmp,784,1568
62.87256,18.525751,1.6267199e+07,8.30818,0.010253906,1.4669356,6009.0,7.4225254,0.025878893,2.255678,9242.0,7.378169,0.003906251,0.7790375,3191.0,7.4768715,Ship-water-2.bmp,896,1568
59.57605,17.715351,1.4610518e+07,8.30761,0.0025634766,1.44732,5928.25,7.4947224,0.055297825,1.9801576,8123.25,7.4286437,-0.006469726,0.90651333,3713.25,7.4937267,Ship-water-2.bmp,1008,1568
73.24951,1858.2084,2.9588272e+07,7.6927524,-0.039062496,50.48663,206799.5,6.251645,-0.06567381,36.981895,151495.5,6.3153453,0.0021972638,5.5528517,22744.5,6.7476516,Ship-water-2.bmp,1120,1568
61.82666,1614.3722,2.2269576e+07,7.5170283,0.024414062,26.60548,108978.5,5.2094564,0.051513672,38.76481,158791.5,5.470096,0.008544919,3.9419441,16146.5,6.0712776,Ship-water-2.bmp,1232,1568
82.95447,2830.6143,3.978059e+07,7.7107077,0.004760742,78.75834,322594.25,6.5807,0.09606934,70.11461,287227.25,6.529111,0.0057373,8.645047,35410.25,6.6374984,Ship-water-2.bmp,1344,1568
101.371704,2198.4321,5.1096188e+07,7.9785395,0.07507324,133.71475,547718.75,6.987895,-0.19226076,84.6749,346979.75,7.180005,-0.022583004,11.595619,47497.75,7.2894735,Ship-water-2.bmp,1456,1568
90.86572,2624.3394,4.4568244e+07,7.838924,-0.13208008,122.815926,503125.5,6.65558,-0.45214847,69.00296,283473.5,7.0349274,-0.002685546,8.070427,33056.5,7.115658,Ship-water-2.bmp,1568,1568
112.524536,4107.138,6.868546e+07,7.8495593,-0.38269043,158.55685,650048.75,6.690285,-0.20617679,79.34073,325153.75,7.2660694,-0.002563477,10.215019,41840.75,7.30375,Ship-water-2.bmp,1680,1568
191.65588,3704.1138,1.6562624e+08,8.147942,-0.18615723,295.61737,1.2109908e+06,6.721535,0.066284046,57.86029,237013.75,6.916791,-0.00964356,14.333097,58708.75,6.8968744,Ship-water-2.bmp,1792,1568
199.46143,3343.4275,1.7665347e+08,8.173441,-0.04931641,50.638683,207426.0,6.8395357,-0.23291016,69.94966,286736.0,6.729726,-0.012207026,6.0977516,24977.0,7.003931,Ship-water-2.bmp,1904,1568
233.96252,9694.824,2.6391875e+08,8.03503,-0.26965332,211.67429,867315.75,6.401084,-0.36633295,153.83473,630656.75,6.589022,-0.008666986,15.2108,62303.75,6.788167,Ship-water-2.bmp,2016,1568
207.01843,6175.419,2.0083528e+08,8.07457,0.26550293,152.14355,623468.75,6.8518457,-0.15002428,81.68129,334658.75,7.077032,-0.018676754,12.6377735,51765.75,7.043872,Ship-water-2.bmp,2128,1568
216.30408,7781.2803,2.2351354e+08,8.045003,-0.14318848,132.5727,543101.75,6.791129,0.23059079,191.17113,783254.75,6.881014,-0.003295901,14.6752205,60109.75,6.9271674,Ship-water-2.bmp,2240,1568
205.60303,12737.511,2.2532144e+08,7.9113455,0.16870117,154.68665,633713.0,6.693401,0.37304693,172.96556,709037.0,6.6595097,-0.016357418,16.006325,65563.0,6.783601,Ship-water-2.bmp,2352,1568
147.72607,10942.416,1.3420712e+08,7.5949945,0.07739257,163.1023,668091.5,6.749987,0.7050781,203.60674,836009.5,6.7755704,-0.01831055,21.172638,86724.5,6.8285494,Ship-water-2.bmp,2464,1568
93.32654,1298.2561,4.0993176e+07,8.028931,0.13830566,84.85337,347637.75,7.3703127,0.19934085,91.66943,375640.75,7.1121836,-0.004516597,10.801188,44241.75,7.3308635,Ship-water-2.bmp,2576,1568
93.92993,1698.5927,4.3095756e+07,7.965607,-0.06616211,78.36294,320992.5,7.42719,0.30664057,80.0228,328158.5,7.3526087,-0.007324217,9.794258,40117.5,7.4742365,Ship-water-2.bmp,2688,1568
101.64453,1990.9695,5.047329e+07,7.971843,0.0075683594,78.05608,319718.0,7.405218,0.16650392,69.93614,286572.0,7.28666,0.00024414156,10.484619,42945.0,7.447751,Ship-water-2.bmp,2800,1568
127.04358,2492.645,7.631961e+07,8.047146,-0.15563965,57.28968,234757.75,7.1387386,-0.23034666,49.8524,204412.75,7.2281694,-0.010131834,6.2976875,25795.75,7.286195,Ship-water-2.bmp,2912,1568
64.42175,16.311562,1.7065876e+07,8.309736,0.008178711,1.7452333,7148.75,7.2810817,-0.028198259,2.1409895,8772.75,7.241482,0.0040283203,0.77702236,3182.75,7.4531507,Ship-water-2.bmp,0,1680
67.037476,33.931023,1.85465e+07,8.302283,-0.017211914,2.116708,8671.25,7.2234716,-0.042358376,2.4545655,10061.25,7.267104,0.01086426,0.8187907,3354.25,7.3358307,Ship-water-2.bmp,112,1680
69.0094,41.89596,1.9677976e+07,8.299882,0.044799805,3.455329,14161.25,7.3465366,-0.03308105,3.5746503,14646.25,7.320393,-0.005493164,1.4355779,5880.25,7.393976,Ship-water-2.bmp,224,1680
71.01514,344.6792,2.2068548e+07,8.174703,-0.15478516,14.399382,59078.0,6.0912,0.0036621206,11.652575,47729.0,6.4249873,0.014892578,2.5383525,10398.0,6.9545755,Ship-water-2.bmp,336,1680
88.19006,1128.0957,3.6477268e+07,8.039494,0.011352539,40.633232,166434.25,6.6191993,-0.14099121,38.432335,157500.25,6.6446505,0.011840818,4.588788,18796.25,7.056051,Ship-water-2.bmp,448,1680
66.782715,20.0635,1.8350056e+07,8.308638,-0.004638673,3.077005,12603.5,7.336799,-0.008789088,3.9834433,16316.5,7.3732147,0.002685547,1.3106618,5368.5,7.460939,Ship-water-2.bmp,560,1680
63.819336,12.0800295,1.6732109e+07,8.311758,0.020263672,2.6361861,10799.5,7.381966,0.008300768,2.6399455,10813.499,7.3735933,-0.00073242094,1.2513422,5125.5,7.4810863,Ship-water-2.bmp,672,1680
59.433105,7.0319066,1.4497079e+07,8.3137665,0.0,1.2841797,5260.0,7.506255,0.021240236,1.6638557,6817.0005,7.4509993,0.00024414132,0.78466785,3214.0,7.4939003,Ship-water-2.bmp,784,1680
63.11438,460.3726,1.8201794e+07,8.054531,-0.0982666,13.118701,53773.75,5.7444067,-0.12658691,12.500029,51265.75,6.0355477,-0.0076904297,2.0616477,8444.75,6.6014457,Ship-water-2.bmp,896,1680
87.678955,2406.894,4.1347044e+07,7.81477,-0.15405273,69.77741,285905.5,6.780358,-0.2614746,67.69151,277544.5,6.8090577,0.016845707,8.558188,35055.5,6.9810104,Ship-water-2.bmp,1008,1680
118.33862,4951.672,7.764256e+07,7.8239,-0.1616211,149.49548,612440.5,7.2586775,-0.3483886,121.138756,496681.5,7.241425,-0.011718757,14.88353,60963.5,7.3601656,Ship-water-2.bmp,1120,1680
69.99255,2955.0896,3.2170176e+07,7.385329,0.19274902,63.771748,261361.25,6.108265,-0.21960448,50.444508,206818.25,6.089682,-0.0052490206,5.435581,22264.25,6.5352097,Ship-water-2.bmp,1232,1680
95.083984,2428.944,4.6980744e+07,7.9218493,-0.39746094,110.61875,453741.5,7.2238164,-0.13891599,81.618515,334388.5,7.1993175,0.02416993,11.155299,45694.5,7.2477355,Ship-water-2.bmp,1344,1680
207.44604,16331.701,2.4316134e+08,7.786543,-0.4111328,130.32596,534507.5,7.049011,-0.97924817,125.68768,518744.5,6.954564,0.0034179688,12.455677,51018.5,7.1659966,Ship-water-2.bmp,1456,1680
307.94922,13652.449,4.4435526e+08,8.092983,-0.5830078,153.23625,629048.0,6.6631117,-0.91967773,239.19228,983196.0,6.6785336,-0.0031738305,16.930408,69347.0,6.866494,Ship-water-2.bmp,1568,1680
188.63257,12957.295,1.9881795e+08,7.749149,0.51293945,169.21065,694164.5,6.7455015,-0.18627928,104.69223,428961.5,6.9624615,-0.024169914,13.112331,53710.5,6.911394,Ship-water-2.bmp,1680,1680
203.79529,3158.3813,1.8305394e+08,8.178722,-0.10925292,157.01657,643188.75,6.7029495,0.118042044,65.17839,267027.75,6.5485506,-0.005249021,11.204013,45891.75,6.6411543,Ship-water-2.bmp,1792,1680
203.55054,1786.6794,1.7702707e+08,8.2322,-0.0053710938,42.009613,172071.5,7.21745,0.055419832,26.683084,109306.5,7.1855874,-0.008789063,4.509566,18471.5,7.323959,Ship-water-2.bmp,1904,1680
253.76306,5539.0625,2.8645274e+08,8.167034,0.12072754,191.89526,786062.75,6.316639,-0.07434092,65.09964,266670.75,6.5788054,0.026489256,11.572235,47402.75,6.8075876,Ship-water-2.bmp,2016,1680
236.10034,7256.786,2.5804864e+08,8.097062,-0.05029297,224.03653,917664.0,6.597179,-0.1757813,84.248634,345209.0,6.2018003,-0.01831055,13.76651,56389.0,6.855508,Ship-water-2.bmp,2128,1680
246.89282,4504.078,2.6812474e+08,8.180559,0.2565918,71.32295,292408.5,6.1683207,-0.20092773,64.69144,265141.5,6.7988224,-0.0070800753,5.183422,21231.5,6.990786,Ship-water-2.bmp,2240,1680
157.80078,6793.7373,1.29822e+08,7.905349,0.46118164,199.01936,816054.5,6.7250376,-0.15771475,157.60269,645642.5,6.5445566,-0.01928711,24.367668,99811.5,6.2497663,Ship-water-2.bmp,2352,1680
97.303955,1941.3582,4.6732976e+07,7.945225,0.16430664,107.50144,440436.5,7.336053,-0.063476615,86.87695,355864.5,7.3307285,-0.012207034,12.037817,49307.5,7.449239,Ship-water-2.bmp,2464,1680
99.70825,1169.1924,4.551036e+07,8.131016,-0.0625,95.02051,389220.0,7.4750896,-0.14843753,92.13275,377466.0,7.513406,-0.016845698,11.51998,47187.0,7.52864,Ship-water-2.bmp,2576,1680
112.19299,2006.2623,5.97751e+07,8.04446,-0.16027832,89.67285,367405.25,7.491672,-0.31335455,91.152115,373761.25,7.514818,-0.0133056585,10.83216,44369.25,7.5186234,Ship-water-2.bmp,2688,1680
133.63123,2882.7646,8.495133e+07,8.048231,-0.059692383,73.44034,300826.25,7.367469,-0.3270264,69.12138,283559.25,7.3926015,0.0054931613,9.388215,38454.25,7.399829,Ship-water-2.bmp,2800,1680
149.43921,2942.8145,1.0352595e+08,8.097968,-0.084228516,85.3148,349478.5,7.273877,0.08569331,85.04795,348386.5,7.3235054,-0.0065917955,8.757158,35869.5,7.3730087,Ship-water-2.bmp,2912,1680
77.15576,108.1868,2.4826668e+07,8.281191,-0.020507814,6.3314877,25935.5,7.312749,-0.04858399,7.4530845,30537.5,7.3564367,-0.007080075,1.8189194,7450.5,7.420652,Ship-water-2.bmp,0,1792
80.15393,110.838425,2.6769372e+07,8.2832575,-0.006713869,8.427018,34517.25,7.2524924,-0.0003661886,9.281555,38017.25,7.3640113,-0.01599121,2.5264165,10349.25,7.3602505,Ship-water-2.bmp,112,1792
73.07739,161.98314,2.2537374e+07,8.256195,0.017333984,7.4444017,30493.5,7.068815,0.0300293,7.482131,30650.5,7.103077,-0.022705078,2.4419894,10004.5,7.310214,Ship-water-2.bmp,224,1792
82.13574,1412.4307,3.3418082e+07,7.9418826,-0.18310547,35.173874,144209.5,6.7384887,-0.013183609,37.37934,153106.5,6.725278,-0.005859376,4.8785057,19982.5,7.092943,Ship-water-2.bmp,336,1792
90.5166,2051.586,4.196287e+07,7.884026,0.09008789,44.97125,184235.5,6.5821695,0.1401367,41.529804,170186.5,6.8414016,-0.0075683566,4.990055,20439.5,6.9363914,Ship-water-2.bmp,448,1792
66.553345,38.88796,1.8301892e+07,8.300522,-0.0037841797,3.3264627,13625.25,7.4980464,0.0150146345,4.121661,16883.25,7.41807,0.009643555,1.4923997,6113.25,7.4907618,Ship-water-2.bmp,560,1792
64.717285,174.62564,1.7870654e+07,8.218094,-0.026611328,5.1313715,21021.0,6.5291305,-0.07275391,6.3196583,25907.0,6.489275,0.010009765,1.7152317,7026.0,7.269504,Ship-water-2.bmp,672,1792
83.60693,1506.2944,3.480131e+07,7.939563,-0.1394043,41.678806,170796.0,6.6546235,-0.27685547,38.393326,157573.0,6.7400956,0.004150389,5.3139477,21766.0,6.988649,Ship-water-2.bmp,784,1792
122.38904,2232.1494,7.049718e+07,8.083824,-0.19934082,129.57178,530888.75,7.393338,-0.23034668,108.172714,443292.75,7.379043,-0.011596678,14.954883,61255.75,7.411149,Ship-water-2.bmp,896,1792
121.44922,3031.4631,7.283251e+07,8.02724,0.09716797,160.59651,657842.0,7.363386,-0.025878906,122.96906,503684.0,7.4117136,-0.013671869,16.353083,66983.0,7.4662905,Ship-water-2.bmp,1008,1792
157.14917,7536.246,1.320227e+08,7.8671427,-0.0715332,179.87367,736783.5,7.195851,-0.24389648,153.3088,628196.5,7.19051,-0.01879882,15.999037,65533.5,7.3253317,Ship-water-2.bmp,1120,1792
82.297485,4021.2842,4.4212884e+07,7.5018606,0.30944824,119.09204,488193.25,6.8581567,0.07116698,88.49792,362508.25,6.6879125,-0.0052490253,9.612339,39372.25,6.961885,Ship-water-2.bmp,1232,1792
113.98657,1704.5076,6.020074e+07,8.100293,-0.11425781,129.11853,528923.0,7.455186,-0.06079109,93.35739,382407.0,7.45619,-0.021972653,13.616218,55774.0,7.465296,Ship-water-2.bmp,1344,1792
210.45752,16441.73,2.4876686e+08,7.787753,-0.3100586,100.36908,411505.5,6.9050856,0.7705077,81.419876,335927.5,7.0206537,-0.0068359408,8.368727,34278.5,7.2386174,Ship-water-2.bmp,1456,1792
247.41626,10742.273,2.947362e+08,8.044701,-0.07324219,54.4076,222875.5,6.966018,0.77319324,86.43891,356502.5,6.5375147,-0.006835937,7.071608,28965.5,7.2399673,Ship-water-2.bmp,1568,1792
194.20728,9134.379,1.9190106e+08,7.9272695,0.2565918,144.69258,592930.5,6.928668,0.07226555,66.96268,274300.5,7.0432997,-0.005859374,9.728602,39848.5,7.2524667,Ship-water-2.bmp,1680,1792
187.23584,2599.0706,1.5424032e+08,8.183146,-0.14453126,124.080315,508318.5,6.800768,0.13012692,46.857697,191998.5,6.4860377,0.00073242094,7.386107,30253.5,6.5733204,Ship-water-2.bmp,1792,1792
209.54651,2088.0173,1.8840682e+08,8.227655,-0.2738037,67.16655,275421.25,6.872197,-0.074340746,54.086327,221560.25,6.544651,0.016967772,6.249773,25600.25,7.016655,Ship-water-2.bmp,1904,1792
261.10754,5044.97,2.999178e+08,8.186409,-0.48718262,157.16652,644726.25,6.9838285,0.13049312,84.22034,345036.25,6.8902855,0.0006103539,15.38629,63022.25,6.966203,Ship-water-2.bmp,2016,1792
294.2229,16177.599,4.2084237e+08,8.03781,0.19213867,369.26007,1.5126405e+06,6.954444,-0.22045913,202.73691,830609.5,6.2723475,0.017333977,27.42243,112323.5,6.891782,Ship-water-2.bmp,2128,1792
254.77441,5543.8223,2.8857888e+08,8.157726,0.017333984,91.13812,373303.0,6.966614,0.08276385,40.053207,164085.98,7.0666895,0.01708984,5.3488283,21910.0,7.305436,Ship-water-2.bmp,2240,1792
201.70227,8122.155,1.9990922e+08,7.9807115,0.087768555,147.38113,603704.75,6.985944,-0.2723388,134.55615,551445.75,6.6335278,0.011108404,15.503965,63504.75,6.7668753,Ship-water-2.bmp,2352,1792
145.19202,6481.236,1.1289378e+08,7.8265753,0.35681152,143.80511,589547.25,7.111664,-0.5892334,110.855255,455485.25,7.249117,-0.021606447,13.186118,54012.25,7.371616,Ship-water-2.bmp,2464,1792
203.40149,13428.447,2.2446331e+08,7.8225026,-0.53063965,98.123634,403067.75,7.054535,-0.8360596,116.83267,481409.75,7.138693,0.005249027,10.99332,45028.75,7.1960015,Ship-water-2.bmp,2576,1792
295.10852,14169.141,4.147535e+08,8.052697,-0.30993652,106.07149,434862.25,6.7663603,-0.35192865,152.67332,625857.25,6.959673,-0.004760745,13.459755,55131.25,7.0135612,Ship-water-2.bmp,2688,1792
218.48254,13243.792,2.4976758e+08,7.8560038,0.63098145,84.798584,348965.75,7.127424,0.14074707,91.10977,373266.75,7.0896797,-0.014526372,9.250705,37891.75,7.302233,Ship-water-2.bmp,2800,1792
169.82825,4079.2043,1.3484376e+08,8.079943,-0.045532227,138.23346,566212.75,7.3051147,-0.2681885,123.41996,505822.75,7.295889,0.009887688,13.99398,57319.75,7.3935447,Ship-water-2.bmp,2912,1792
82.70557,1660.3627,3.4818348e+07,7.8727875,-0.10668945,31.384005,128595.5,6.436318,-0.11914064,48.585537,199064.5,6.2945824,-0.0031738277,4.0467424,16575.5,6.9036903,Ship-water-2.bmp,0,1904
82.76611,690.4395,3.088658e+07,8.110677,0.030517578,26.209763,107359.0,6.823765,-0.048828132,24.387264,99900.0,6.9939175,-0.021728512,4.626725,18953.0,7.2623715,Ship-water-2.bmp,112,1904
64.53784,63.553497,1.73207e+07,8.2876005,-0.00048828125,6.476318,26527.0,7.3355455,0.0068359226,6.3734884,26106.0,7.368578,-0.020751953,2.3220792,9513.0,7.3918953,Ship-water-2.bmp,224,1904
63.703857,63.449894,1.6882202e+07,8.2868595,0.03173828,2.6860042,11006.0,7.2071323,0.02343749,3.168396,12980.0,7.2489676,-0.006591797,1.1132379,4560.0,7.3718295,Ship-water-2.bmp,336,1904
58.99646,102.16618,1.4674938e+07,8.26141,-0.017700195,3.014762,12349.75,7.211979,0.0465088,3.572727,14642.75,7.318367,0.0010986328,1.0582874,4334.75,7.4555335,Ship-water-2.bmp,448,1904
76.3468,865.67584,2.7420712e+07,8.019823,-0.13806152,28.535809,116960.75,6.493032,-0.11999508,25.899359,106142.75,6.517197,-0.0032958975,4.74236,19424.75,6.910122,Ship-water-2.bmp,560,1904
110.29382,1992.4614,5.7987844e+07,8.055365,-0.14318848,112.845276,462298.25,7.2382765,-0.25476077,96.488144,395481.25,7.2616796,-0.015502932,14.224918,58266.25,7.3573866,Ship-water-2.bmp,672,1904
130.54309,1541.9597,7.611785e+07,8.169453,-0.030151367,145.59839,596374.75,7.466222,-0.0706787,123.74592,506883.75,7.482644,-0.027709961,17.19741,70443.75,7.5185137,Ship-water-2.bmp,784,1904
143.9248,981.41675,8.886586e+07,8.232877,0.011474602,75.24913,308221.0,7.28397,-0.12597652,61.518555,252045.0,7.3606634,0.0061035147,10.829063,44356.0,7.4458017,Ship-water-2.bmp,896,1904
136.86829,3489.6755,9.1023784e+07,8.0192995,-0.18664551,118.00893,483507.25,7.10691,0.0101318285,88.48506,362435.25,7.1771603,0.017700199,11.756828,48157.25,7.4445534,Ship-water-2.bmp,1008,1904
143.19788,10062.103,1.2520545e+08,7.7134,0.6636963,135.26208,555837.75,6.7214785,0.20373541,95.460625,391176.75,6.644726,0.014282227,9.604227,39339.75,7.0035706,Ship-water-2.bmp,1120,1904
78.4458,2329.0757,3.4745628e+07,7.771288,-0.21386719,85.84856,351823.0,7.008871,-0.048828166,58.72247,240537.0,6.9277024,-0.0043945285,7.6132617,31184.0,7.090496,Ship-water-2.bmp,1232,1904
119.36841,2117.5723,6.703673e+07,8.089373,-0.02392578,127.170074,520891.0,7.4316745,-0.027343817,105.7578,433187.0,7.4271536,-0.0021972656,14.531244,59520.0,7.4590006,Ship-water-2.bmp,1344,1904
125.21594,2144.6853,7.300595e+07,8.104364,0.119018555,101.518974,415879.75,7.390505,-0.098022476,95.58214,391543.75,7.397418,0.014038087,10.117662,41442.75,7.4529314,Ship-water-2.bmp,1456,1904
127.82922,1540.8938,7.324141e+07,8.159396,-0.17077637,80.433426,329574.75,7.299553,-0.07897954,72.24516,295941.75,7.382942,0.005493162,9.342195,38265.75,7.4659038,Ship-water-2.bmp,1568,1904
170.9862,9670.225,1.5936106e+08,7.7555885,-0.076782234,192.4827,788433.25,6.998494,0.024047941,77.96481,319346.25,7.223203,-0.0028076177,11.775444,48232.25,7.3925314,Ship-water-2.bmp,1680,1904
169.88513,2874.0957,1.2998678e+08,8.14253,-0.2652588,129.6134,531184.75,6.908726,-0.020629887,52.685547,215801.75,7.077149,0.0023193357,7.605158,31150.75,7.13323,Ship-water-2.bmp,1792,1904
197.86487,3905.596,1.763578e+08,8.139835,0.017211914,136.83789,560489.25,6.450482,0.07800295,73.453445,300890.25,6.4806113,-0.007934572,9.453611,38722.25,6.6320214,Ship-water-2.bmp,1904,1904
201.76245,8464.685,2.0141168e+08,8.000517,-0.06445313,226.47131,927643.5,6.8145957,0.09033203,205.5171,841831.5,6.835663,-0.004638682,22.960794,94047.5,6.9531617,Ship-water-2.bmp,2016,1904
312.65662,12427.349,4.5130342e+08,8.108591,-0.41223145,265.6358,1.0887402e+06,6.815687,0.1280517,223.1033,913898.25,6.7085342,-0.016479487,33.681187,137959.25,6.745207,Ship-water-2.bmp,2128,1904
242.0133,8910.238,2.7640086e+08,8.060018,0.4383545,217.80206,892904.25,6.9646416,-0.11975096,137.33972,562602.25,6.6337757,-0.01696778,18.827898,77120.25,6.696205,Ship-water-2.bmp,2240,1904
213.18958,5968.499,2.1060934e+08,8.074886,-0.078247055,89.24052,365554.25,6.8753853,0.097289994,110.23083,451544.25,6.7202578,0.019897455,10.974763,44954.25,6.9468784,Ship-water-2.bmp,2352,1904
235.67041,5643.6377,2.506104e+08,8.13452,0.5510254,72.78536,299372.5,6.837956,-0.21655276,74.407326,304964.5,6.6321025,0.008789061,8.421919,34496.5,6.9197083,Ship-water-2.bmp,2464,1904
201.4541,8012.792,1.9905144e+08,7.9386826,-0.028320309,77.0429,315571.0,6.615992,0.8532715,83.9521,346850.0,6.6677966,0.022705084,8.420872,34494.0,6.921706,Ship-water-2.bmp,2576,1904
159.66309,7106.76,1.3352575e+08,7.807931,0.3154297,128.78125,527895.5,7.1610975,0.88842773,134.33118,553453.5,6.9522853,0.012939453,14.718217,60286.5,7.2473135,Ship-water-2.bmp,2688,1904
144.6886,2216.8174,9.482899e+07,8.149977,0.07849121,97.65405,400016.25,7.2200785,0.12536627,92.75486,379988.25,7.146142,-0.0008544917,10.253721,41999.25,7.3226027,Ship-water-2.bmp,2800,1904
186.3208,10675.944,1.859231e+08,7.8248825,-0.35473633,272.20886,1.115483e+06,7.1041393,0.15429683,203.7384,834610.0,7.0509152,0.004150382,29.933577,122608.0,6.910803,Ship-water-2.bmp,2912,1904
119.0531,1752.4252,6.5233164e+07,8.113789,-0.022583006,119.917885,491185.75,7.3308926,0.16662598,112.79688,462129.75,7.2333508,-0.016967773,12.892229,52807.75,7.4232073,Ship-water-2.bmp,0,2016
93.691895,1991.7816,4.411373e+07,7.922953,0.15112305,89.81908,367992.5,6.9202623,0.041748077,66.21786,271235.5,6.914869,-0.004394533,9.64146,39491.5,7.1394997,Ship-water-2.bmp,112,2016
60.427246,54.503864,1.5179596e+07,8.288579,-0.014160156,3.9864936,16329.5,7.1734757,0.015136727,3.793594,15539.5,7.3011703,0.0039062514,1.3436127,5503.5,7.491986,Ship-water-2.bmp,224,2016
55.905396,63.00051,1.3059743e+07,8.275016,0.018432617,3.1700094,12985.75,6.717984,0.026489241,3.8749697,15874.75,6.84929,0.009155273,1.0569841,4329.75,7.34437,Ship-water-2.bmp,336,2016
76.45972,1702.0348,3.0917112e+07,7.8267884,-0.16308594,37.076557,151974.5,6.5526876,-0.2932129,32.149498,132036.5,6.7772765,0.015625002,5.1810303,21222.5,6.925124,Ship-water-2.bmp,448,2016
117.35828,2227.7034,6.5538736e+07,8.074024,-0.14758301,127.83667,523708.25,7.3343105,-0.20910648,96.256134,394444.25,7.321001,0.0032959012,16.12505,66048.25,7.379487,Ship-water-2.bmp,560,2016
131.05139,1059.6853,7.468709e+07,8.208832,0.095336914,118.80969,486681.75,7.3915324,0.04138182,86.3642,353754.75,7.3340364,0.0072021508,14.947153,61223.75,7.381558,Ship-water-2.bmp,672,2016
125.69849,823.6698,6.809099e+07,8.226273,0.06591797,60.168266,246467.0,7.2916327,0.028808618,52.76114,216113.0,7.319512,0.010498047,8.622936,35320.0,7.473189,Ship-water-2.bmp,784,2016
122.34509,2080.3062,6.983118e+07,8.111948,-0.09118652,106.91606,437962.25,7.368082,0.099731416,99.037476,405698.25,7.3707676,-0.005493165,13.054718,53472.25,7.503539,Ship-water-2.bmp,896,2016
202.76306,9445.035,2.0708512e+08,7.9559813,-0.397583,115.353836,473136.75,7.31262,-0.8492432,97.40886,401940.75,7.3210316,-0.011352542,13.715141,56177.75,7.4655533,Ship-water-2.bmp,1008,2016
119.50842,10216.811,1.0034821e+08,7.517538,0.8607178,68.34993,282995.75,6.522275,0.028930673,30.197346,123691.75,6.415821,0.0032958998,4.6530037,19058.75,6.922469,Ship-water-2.bmp,1120,2016
97.95679,2589.7434,4.991089e+07,7.933234,-0.26879883,105.998184,434464.5,7.1584005,-0.10693352,69.01286,282723.5,7.1536508,0.0053710896,9.69858,39725.5,7.275378,Ship-water-2.bmp,1232,2016
121.740234,1850.7781,6.828631e+07,8.125208,-0.08227539,124.38862,509523.5,7.3729715,0.04638666,112.4621,460653.5,7.4190855,-0.0002441369,13.720337,56198.5,7.4000893,Ship-water-2.bmp,1344,2016
131.80078,1875.4254,7.883518e+07,8.136553,-0.12060547,76.50388,313419.5,7.3088956,0.010498017,73.80934,302323.5,7.3416653,0.013427731,7.9928627,32739.5,7.433528,Ship-water-2.bmp,1456,2016
196.7445,4851.247,1.7842032e+08,8.101435,-0.30529785,67.897575,278490.25,7.2534356,-0.35095224,67.59515,277374.25,7.22761,-0.02185059,8.736155,35785.25,7.396784,Ship-water-2.bmp,1568,2016
241.52051,12595.432,2.905194e+08,7.959097,0.24731445,185.23059,758955.0,6.8981905,-0.24243154,60.802803,249289.0,7.151194,0.006835948,9.684767,39669.0,7.360829,Ship-water-2.bmp,1680,2016
174.60657,4614.675,1.4377832e+08,8.005964,0.24499512,129.04782,528825.75,6.5327597,-0.055541992,48.128937,197148.75,7.031885,0.027709965,6.690577,27407.75,7.048896,Ship-water-2.bmp,1792,2016
203.42834,2578.4727,1.8006656e+08,8.195276,-0.23693848,152.47491,624767.25,6.3568583,0.032348644,56.360588,230857.25,6.4014664,0.0032958947,9.866749,40414.25,6.492126,Ship-water-2.bmp,1904,2016
215.97754,7366.9033,2.2123808e+08,8.057775,-0.11254883,190.46011,780176.5,6.559373,0.12890628,161.08578,659875.5,6.8118777,0.0075683566,17.715399,72562.5,6.862821,Ship-water-2.bmp,2016,2016
276.02588,7559.157,3.430377e+08,8.146271,-0.1394043,176.99547,725053.0,6.6628585,0.3134765,213.19592,873653.0,6.8601136,-0.032470703,24.707932,101208.0,6.690219,Ship-water-2.bmp,2128,2016
297.682,8294.307,3.9693878e+08,8.153627,0.31970215,187.63907,768988.25,6.9098167,-0.24377447,129.32321,529951.25,6.8126774,-0.00061035156,22.121887,90611.25,6.588274,Ship-water-2.bmp,2240,2016
259.36243,6023.26,3.0020458e+08,8.180852,-0.10559082,80.63698,330334.75,6.751444,-0.070922896,149.90483,614030.75,6.587765,0.020141602,14.601829,59810.75,6.883589,Ship-water-2.bmp,2352,2016
264.3214,7174.377,3.155566e+08,8.149353,0.13977051,105.90643,433872.75,6.615156,0.106811345,74.38867,304742.75,6.385293,0.013549808,11.574706,47410.75,6.690489,Ship-water-2.bmp,2464,2016
204.99927,6659.304,1.9940968e+08,8.0228815,0.3618164,76.92219,315609.5,7.0902605,-0.22265628,65.43028,268205.5,7.091426,-0.0051269457,7.891697,32324.5,7.1854315,Ship-water-2.bmp,2576,2016
149.55005,1467.4116,9.761845e+07,8.204926,0.104492195,75.54035,309458.0,7.279343,-0.1486816,59.88219,245368.0,7.3090563,-0.012207033,9.110936,37319.0,7.4285345,Ship-water-2.bmp,2688,2016
169.0055,3757.3027,1.3238338e+08,8.061005,-0.08117676,77.90388,319121.25,7.022077,-0.2987061,69.842476,286440.25,7.061654,-0.0030517566,9.151419,37484.25,7.087655,Ship-water-2.bmp,2800,2016
169.26843,4045.681,1.339289e+08,8.080965,0.11755371,212.14505,869002.75,7.0564137,-0.021850517,143.43208,587499.75,7.0393705,0.00012207124,25.634218,104997.75,6.967802,Ship-water-2.bmp,2912,2016
96.45996,1770.2311,4.5362196e+07,8.054907,0.14233398,67.240005,275498.0,7.077566,0.10668953,54.842377,224681.0,7.149623,-0.009765624,8.507229,34846.0,7.2627845,Ship-water-2.bmp,0,2128
86.33667,1750.035,3.769981e+07,7.9101653,0.17211914,80.67436,330563.5,6.8603067,0.061523482,58.367676,239089.5,6.771884,0.0014648391,8.728879,35753.5,7.0239305,Ship-water-2.bmp,112,2128
57.71045,181.62381,1.4385642e+07,8.195519,-0.057617188,8.251685,33812.5,6.1261578,0.010986332,6.66675,27307.5,6.57647,-0.010986326,1.6276869,6667.5,7.260234,Ship-water-2.bmp,224,2128
96.31445,2166.8086,4.6871684e+07,7.956852,-0.2709961,83.88348,343887.5,7.15499,-0.2663574,74.11497,303865.5,7.1127286,0.024169924,9.549342,39116.5,7.220243,Ship-water-2.bmp,336,2128
126.91589,1591.7126,7.249657e+07,8.162271,-0.06311035,130.07263,532793.75,7.4774094,-0.054565355,99.94837,409400.75,7.434068,-0.0067138597,15.895889,65109.75,7.485909,Ship-water-2.bmp,448,2128
123.331055,1002.37775,6.6408144e+07,8.1968155,0.0102539025,88.20827,361301.5,7.3017445,0.09057619,64.56394,264487.5,7.2695503,-0.00024414342,13.359496,54720.5,7.4228387,Ship-water-2.bmp,560,2128
117.93628,1483.7008,6.304837e+07,8.151479,0.06616211,102.82692,421197.0,7.4287176,0.12988281,89.43869,366410.0,7.431908,0.0043945294,13.178692,53980.0,7.4796405,Ship-water-2.bmp,672,2128
111.11633,2167.6558,5.9451372e+07,8.068271,0.009155277,132.91806,544432.75,7.441467,-0.029174767,113.118225,463335.75,7.473674,0.007202148,13.974008,57237.75,7.503988,Ship-water-2.bmp,784,2128
125.98657,2313.9763,7.449229e+07,8.088438,-0.3684082,152.43056,624911.5,7.410095,-0.09692381,126.28077,517284.5,7.4347754,-0.034912113,16.800175,68818.5,7.4819174,Ship-water-2.bmp,896,2128
230.78198,13712.79,2.743219e+08,7.9385705,-0.33325195,124.88956,512002.5,7.3199778,0.5969238,141.66772,581730.5,7.2119474,-0.030517582,14.563155,59654.5,7.444647,Ship-water-2.bmp,1008,2128
112.89636,8942.819,8.883573e+07,7.491838,0.5821533,61.735622,254257.25,6.471154,0.023803685,49.612534,203215.25,6.302868,0.00744629,5.4838924,22462.25,6.6036897,Ship-water-2.bmp,1120,2128
110.15222,1776.4713,5.6975292e+07,8.089628,-0.33459473,79.10551,324474.75,7.106852,-0.05017094,57.01378,233538.75,7.0939145,-0.013061527,8.25465,33811.75,7.3156023,Ship-water-2.bmp,1232,2128
124.01697,860.2379,6.652087e+07,8.22269,-0.03967285,48.730057,199604.75,7.2518616,-0.12585449,56.611053,231943.75,7.2367516,0.005493165,6.61197,27082.75,7.4276156,Ship-water-2.bmp,1344,2128
125.09302,1325.3176,6.952379e+07,8.172635,-0.02734375,65.33604,267619.5,7.2479763,-0.11425785,66.32667,271727.5,7.313297,-0.0021972687,7.148555,29280.5,7.425371,Ship-water-2.bmp,1456,2128
177.77112,7777.46,1.613006e+08,7.9277735,-0.8360596,79.86356,329984.25,7.03407,0.12707528,70.16287,287453.25,7.087762,-0.015747074,9.187801,37634.25,7.2785997,Ship-water-2.bmp,1568,2128
283.77893,8138.5776,3.6318845e+08,8.144407,-0.015991211,101.72478,416665.75,6.6332417,0.08361819,44.5347,182442.75,6.9275427,-0.004760738,8.269203,33870.75,7.0112505,Ship-water-2.bmp,1680,2128
189.41125,9852.277,1.8730557e+08,7.8231235,-0.002563469,145.58295,596307.75,6.7814794,-0.08435058,60.65347,248465.77,7.0975513,-0.004516599,8.074137,33071.75,7.0553875,Ship-water-2.bmp,1792,2128
197.41162,1849.5453,1.6720238e+08,8.226052,-0.015136709,99.39004,407102.5,6.9759474,-0.06127931,29.980495,122815.49,6.5922613,-0.010498049,7.636242,31278.5,6.6759644,Ship-water-2.bmp,1904,2128
178.07825,2541.3955,1.4030134e+08,8.189623,-0.11462402,75.533554,309439.25,7.0163937,0.19787593,55.074677,225746.25,7.0701065,-0.0037841783,8.062304,33023.25,7.2868447,Ship-water-2.bmp,2016,2128
216.0813,2549.8286,2.0169096e+08,8.212896,-0.3461914,40.185936,165092.5,7.036336,0.28442383,87.49613,358715.5,6.618977,0.02246094,6.043562,24756.5,7.2352095,Ship-water-2.bmp,2128,2128
302.2583,6375.616,4.0032538e+08,8.196773,-0.19726562,137.65262,563984.5,6.622492,-0.14306629,199.1596,815841.5,6.607018,0.0034179701,17.438587,71428.5,6.6563888,Ship-water-2.bmp,2240,2128
230.14368,4495.451,2.3536256e+08,8.15941,0.3338623,70.44182,288986.25,6.526916,0.015503004,72.19,295691.25,6.3026733,-0.0140380785,11.145861,45654.25,6.373703,Ship-water-2.bmp,2352,2128
185.88843,3490.422,1.5583203e+08,8.110218,-0.3449707,39.516495,162347.0,6.695729,0.25415045,33.69127,138264.0,6.7141404,-0.014892575,5.4316626,22249.0,7.051349,Ship-water-2.bmp,2464,2128
211.72522,5207.328,2.0494294e+08,8.09594,0.22375488,40.594406,166479.75,7.1252656,0.10168468,35.95444,147311.75,7.0534525,0.02648926,4.8500676,19868.75,7.3038287,Ship-water-2.bmp,2576,2128
217.37854,10778.082,2.3769709e+08,7.8968506,-0.41418457,39.331562,161804.75,7.2154875,-0.4818115,50.334446,207120.75,7.0061817,0.028686523,5.777192,23666.75,7.3236732,Ship-water-2.bmp,2688,2128
217.48999,10431.375,2.3647549e+08,7.9476805,0.4025879,166.31888,681906.0,6.533146,0.14868149,130.49524,534599.0,6.795785,0.015380859,19.831795,81232.0,6.5445046,Ship-water-2.bmp,2800,2128
153.11694,1589.9053,1.0254215e+08,8.201337,-0.11425781,71.864265,294409.5,7.2039332,0.07421876,65.35545,267718.5,7.259201,0.014404299,10.277259,42096.5,7.242727,Ship-water-2.bmp,2912,2128
55.27002,3204.9102,2.5639672e+07,7.2568426,-0.16137695,65.44307,268161.5,6.5945787,0.26513672,45.399796,186245.5,6.644681,-0.0017089862,6.441769,26385.5,6.744809,Ship-water-2.bmp,0,2240
73.07764,2431.5896,3.1833828e+07,7.6302595,0.008544922,72.58465,297307.0,6.649995,0.00048829615,50.611088,207303.0,6.577851,0.0017089839,7.8203087,32032.0,6.8700666,Ship-water-2.bmp,112,2240
88.26428,2388.146,4.1692076e+07,7.858595,-0.3260498,103.011925,422372.25,7.0987797,-0.34191892,75.69467,310524.25,7.112044,0.0057373084,11.365506,46553.25,7.1983056,Ship-water-2.bmp,224,2240
114.97888,2149.077,6.295233e+07,8.07421,0.15783691,119.79167,490768.75,7.362502,0.11071774,89.573616,366943.75,7.386454,0.010864265,13.032292,53380.75,7.4497185,Ship-water-2.bmp,336,2240
90.248535,2642.3384,4.418411e+07,7.893653,-0.045410156,86.17873,352996.5,7.204153,0.27929688,67.04052,274917.5,7.1892076,0.007324218,10.410469,42641.5,7.284298,Ship-water-2.bmp,448,2240
99.437744,1267.5327,4.569251e+07,8.135186,-0.18164062,93.95309,384967.0,7.2924166,0.043457024,81.28668,332958.0,7.2598667,0.014404291,12.785438,52370.0,7.4343815,Ship-water-2.bmp,560,2240
103.03015,1923.935,5.1360344e+07,8.061699,-0.05041503,137.62251,563712.25,7.4718766,-0.1544189,128.62196,526933.25,7.471493,-0.004028313,13.975631,57244.25,7.471932,Ship-water-2.bmp,672,2240
123.55786,1584.8473,6.90233e+07,8.149481,-0.1225586,105.746826,433200.5,7.4161177,-0.04956052,109.307236,447732.5,7.445011,-0.01416016,13.238935,54227.5,7.485822,Ship-water-2.bmp,784,2240
128.10022,1921.9592,7.508634e+07,8.130228,0.09924317,141.36887,579087.25,7.479455,-0.16540521,124.216354,508902.25,7.5177503,-0.0111084,17.509457,71719.25,7.5224514,Ship-water-2.bmp,896,2240
132.11841,1408.1191,7.7264456e+07,8.180295,-0.0029296875,88.77928,363640.0,7.3898544,-0.11401371,85.50458,350280.0,7.4782667,0.009765623,11.85049,48540.0,7.4967937,Ship-water-2.bmp,1008,2240
109.46411,5818.125,7.291091e+07,7.64927,0.36376953,77.93517,319764.5,6.655444,-0.08398444,53.827785,220507.5,6.5478716,-0.006591798,6.6902647,27403.5,6.7401133,Ship-water-2.bmp,1120,2240
104.09412,3381.1433,5.823172e+07,7.8919573,-0.4210205,61.139328,251152.75,6.936849,0.09265132,46.29873,189674.75,6.95875,-0.018676762,6.4158497,26280.75,7.184529,Ship-water-2.bmp,1232,2240
164.5055,851.31146,1.1433316e+08,8.261202,-0.045288086,32.158897,131731.25,7.181669,-0.033569418,41.66983,170684.25,7.3341684,0.0006103534,4.7766714,19565.25,7.453563,Ship-water-2.bmp,1344,2240
200.5758,4782.6523,1.8437451e+08,8.093102,-0.21911621,36.813866,150986.25,7.2474585,-0.5469971,46.76433,192772.25,7.311517,0.014038084,5.162462,21146.25,7.436546,Ship-water-2.bmp,1456,2240
251.01904,5844.58,2.8203066e+08,8.159151,-0.30908203,34.125412,140169.0,7.2835636,-0.24145505,37.47637,153742.0,7.185607,-0.00024414295,5.402832,22130.0,7.4119077,Ship-water-2.bmp,1568,2240
256.4391,6367.7056,2.9543917e+08,8.144177,0.017700195,124.63122,510490.75,6.643788,0.22937016,47.269592,193831.75,6.433111,-0.008422848,9.726186,39838.75,6.708353,Ship-water-2.bmp,1680,2240
214.37366,14563.222,2.4788698e+08,7.8267174,0.2557373,234.99704,962815.75,6.949723,-0.0909424,161.51413,661595.75,6.4902797,-0.010131836,17.049152,69833.75,6.7122555,Ship-water-2.bmp,1792,2240
184.04382,2295.8333,1.4814397e+08,8.198055,-0.27355957,117.5269,481696.75,6.8568163,0.13122562,52.91314,216802.75,6.4384093,0.0023193322,9.405451,38524.75,6.8670263,Ship-water-2.bmp,1904,2240
165.00757,2097.9482,1.2011702e+08,8.191502,0.12475586,79.11359,324113.0,7.1835327,-0.05908207,59.715504,244609.0,6.963849,-0.00976562,7.845607,32136.0,7.2697754,Ship-water-2.bmp,2016,2240
198.34766,4590.5503,1.7994688e+08,8.107905,-0.6435547,75.62539,311458.0,6.9904766,-0.07885741,81.594124,334235.0,6.9177294,-0.0017089827,6.3623013,26060.0,7.1781244,Ship-water-2.bmp,2128,2240
283.2328,4817.0903,3.4831526e+08,8.209179,-0.04724121,76.11746,311786.25,6.913288,0.03698732,72.98892,298968.25,7.0611367,0.011352545,7.6217585,31219.25,7.036889,Ship-water-2.bmp,2240,2240
232.20251,4849.9707,2.4071363e+08,8.168704,0.0064697266,131.9596,540506.75,6.593279,0.12658687,131.97684,540642.75,6.7559195,0.011108397,16.39337,67147.75,6.8428373,Ship-water-2.bmp,2352,2240
209.51538,4529.776,1.9835482e+08,8.12405,0.038085938,72.30702,296175.5,5.607462,-0.38378915,119.65946,490728.5,6.2562065,0.02661133,9.943261,40730.5,6.135137,Ship-water-2.bmp,2464,2240
243.97583,6731.6426,2.7138394e+08,8.110304,-0.48486328,80.77212,331805.5,6.1867576,0.16210946,96.3862,394905.5,6.268092,0.00854492,10.663624,43678.5,6.424357,Ship-water-2.bmp,2576,2240
258.9596,10515.741,3.1775056e+08,8.053177,0.38513184,177.21014,726460.25,6.308384,0.63293445,173.4559,712116.25,6.614687,-0.03234863,31.112297,127440.25,5.9220877,Ship-water-2.bmp,2688,2240
149.0028,4625.591,1.09885144e+08,7.9531507,0.041381836,117.89642,482910.75,7.134754,-0.12854004,108.44508,444258.75,7.204645,-0.00012206519,13.327576,54589.75,7.0403113,Ship-water-2.bmp,2800,2240
212.70496,11581.018,2.3275282e+08,7.896703,-0.36169434,138.2247,566704.25,7.044812,-0.47595224,136.0328,558118.25,7.0076137,-0.011352537,17.249199,70653.25,7.1025906,Ship-water-2.bmp,2912,2240
26.411865,851.10706,6.3434495e+06,6.762476,-0.2614746,21.417347,88005.5,5.944986,0.015869152,18.312126,75007.5,5.93758,0.012939453,2.5309608,10367.5,6.566158,Ship-water-2.bmp,0,2352
88.54578,3509.7422,4.648999e+07,7.7289133,-0.19396973,131.87637,540319.75,7.0684404,-0.03527829,91.944,376607.75,7.0215206,0.026245115,12.974836,53147.75,7.2370224,Ship-water-2.bmp,112,2352
104.33484,2625.82,5.5343424e+07,7.974253,-0.23620605,121.65618,498532.25,7.1904306,0.1739502,89.436844,366457.25,7.2449284,-0.0015869159,13.4363365,55035.25,7.2511806,Ship-water-2.bmp,224,2352
75.39258,2065.6326,3.1742662e+07,7.8056583,0.14379883,58.574657,240006.5,6.9185724,0.046875015,54.91687,224948.5,7.0134096,-0.010009762,6.994651,28650.5,7.1102786,Ship-water-2.bmp,336,2352
81.37378,2241.869,3.6305144e+07,7.8785324,-0.20385742,128.64703,527108.5,7.275299,-0.16796875,110.93944,454523.5,7.3115706,0.006835943,15.591872,63864.5,7.370553,Ship-water-2.bmp,448,2352
103.92517,2037.4015,5.25838e+07,8.052804,-0.091186516,158.62625,649767.25,7.5214176,0.08142092,140.05032,573673.25,7.510275,0.03479004,19.048412,78027.25,7.529253,Ship-water-2.bmp,560,2352
120.30432,2343.2334,6.887982e+07,8.079343,-0.18103027,116.513176,477372.25,7.47634,0.010131855,129.9653,532338.25,7.460853,0.012573247,13.027977,53363.25,7.478153,Ship-water-2.bmp,672,2352
140.30054,2625.369,9.138016e+07,8.122757,-0.20947266,106.831604,437762.0,7.3856688,-0.08129878,120.424774,493287.0,7.405533,-0.022460934,12.655256,51838.0,7.5123887,Ship-water-2.bmp,784,2352
154.5658,2353.619,1.0749626e+08,8.176145,0.033081062,101.12335,414205.75,7.2529125,-0.013305604,106.50659,436251.75,7.3031545,-0.0123291,12.30716,50410.75,7.5021,Ship-water-2.bmp,896,2352
152.71167,1671.6549,1.0236931e+08,8.205295,-0.107910156,66.9632,274329.0,7.271509,0.13916025,94.39714,386730.0,7.313449,-0.020263676,8.772051,35932.0,7.461297,Ship-water-2.bmp,1008,2352
140.4906,4875.9414,1.008171e+08,7.9123945,0.4239502,81.69362,335353.25,6.836062,0.0013427958,43.481262,178099.25,7.10134,0.014770513,5.763759,23609.25,7.411326,Ship-water-2.bmp,1120,2352
81.857544,2855.723,3.9142936e+07,7.7200522,-0.19299316,47.65165,195333.75,6.618554,0.05236819,27.067997,110881.75,6.6759787,-0.0015869159,4.3690767,17895.75,7.0283003,Ship-water-2.bmp,1232,2352
148.3982,1885.594,9.79256e+07,8.146117,-0.50756836,38.57551,159060.5,7.241391,0.107665986,38.58985,158111.5,7.398357,-0.0031738263,5.176137,21201.5,7.462569,Ship-water-2.bmp,1344,2352
299.01196,2851.8303,3.778969e+08,8.261215,-0.703125,31.854736,132502.0,7.265806,-0.22241211,28.160736,115549.0,7.3241234,0.0068359333,4.5578136,18669.0,7.465155,Ship-water-2.bmp,1456,2352
273.61597,5209.007,3.27986e+08,8.189758,0.38671875,59.258644,243336.0,6.883958,-0.23583987,45.077682,184866.0,6.7459497,-0.004638671,6.900369,28264.0,7.208943,Ship-water-2.bmp,1568,2352
217.55835,2633.9644,2.046591e+08,8.203884,0.038330078,37.215446,152440.5,6.6736536,0.076660186,53.116074,217587.5,6.554237,-0.004882812,5.0201178,20562.5,7.049685,Ship-water-2.bmp,1680,2352
242.31958,12774.074,2.9283472e+08,7.9787116,0.36816406,166.61922,683027.5,6.8373346,-0.047851637,98.278595,402558.5,6.644569,0.004150388,10.07823,41280.5,7.084538,Ship-water-2.bmp,1792,2352
157.26929,3755.4875,1.1669142e+08,8.0651,-0.564209,124.89334,512867.0,6.7714853,0.019042924,72.1366,295473.0,6.9912376,0.014648434,11.296171,46270.0,7.047429,Ship-water-2.bmp,1904,2352
196.42236,4183.2373,1.7516536e+08,8.119637,0.23974611,189.584,776771.5,6.474673,-0.103515714,91.99234,376844.5,6.482469,0.019042967,16.599857,67994.5,6.531889,Ship-water-2.bmp,2016,2352
203.15796,8683.251,2.0462144e+08,7.9342847,-0.52246094,101.228615,415750.5,7.0338607,0.08691412,113.83582,466302.5,6.933656,0.010009771,9.956077,40780.5,7.174978,Ship-water-2.bmp,2128,2352
250.58435,13470.874,3.1237485e+08,7.938582,0.4390869,75.56264,310294.25,6.7341514,0.25109872,156.58374,641625.25,6.809203,-0.0020751965,11.164119,45728.25,7.087477,Ship-water-2.bmp,2240,2352
187.14685,4173.4536,1.6055254e+08,8.098788,-0.038452156,95.786545,392347.75,6.7541385,0.12243652,201.44028,825160.75,6.9930205,-0.02575684,13.429939,55011.75,7.1164784,Ship-water-2.bmp,2352,2352
199.45154,3914.9749,1.7897837e+08,8.126051,-0.12976074,84.721504,347088.25,6.4447513,0.20056143,174.0055,712891.25,6.987995,-0.0032958952,12.557423,51435.25,6.7380114,Ship-water-2.bmp,2464,2352
195.3352,3911.5747,1.7230814e+08,8.116495,0.013671869,73.917786,302768.0,7.008662,0.18383783,154.6239,633478.0,7.238506,0.014648436,12.501738,51208.0,7.279632,Ship-water-2.bmp,2576,2352
207.2633,5722.332,1.9939496e+08,8.090525,-0.13464354,127.43848,522062.25,6.5422125,-0.24304199,120.74568,494816.25,6.933405,-0.007690423,15.938723,65285.25,6.6343904,Ship-water-2.bmp,2688,2352
219.1748,7595.576,2.2787347e+08,8.048784,-0.020507812,110.74384,453608.5,7.0190134,-0.3881836,138.42537,567607.5,7.0866537,-0.019042967,11.676762,47829.5,7.0513773,Ship-water-2.bmp,2800,2352
259.98474,6772.9946,3.045993e+08,8.126939,-0.1595459,155.28223,636140.25,6.711359,0.49792475,183.64032,753206.25,6.7550936,-0.004760747,19.82499,81203.25,6.815074,Ship-water-2.bmp,2912,2352
